ISO-10303-21;
HEADER;
FILE_DESCRIPTION (( 'STEP AP214' ),
    '1' );
FILE_NAME ('Sat Model.STEP',
    '2025-10-21T00:29:53',
    ( '' ),
    ( '' ),
    'SwSTEP 2.0',
    'SolidWorks 2024',
    '' );
FILE_SCHEMA (( 'AUTOMOTIVE_DESIGN' ));
ENDSEC;

DATA;
#1 = ORIENTED_EDGE ( 'NONE', *, *, #2083, .T. ) ;
#2 = LINE ( 'NONE', #1885, #609 ) ;
#3 = CARTESIAN_POINT ( 'NONE',  ( 0.000000000000000000, 0.000000000000000000, -5.000000000000000000 ) ) ;
#4 = ORIENTED_EDGE ( 'NONE', *, *, #1032, .F. ) ;
#5 = VECTOR ( 'NONE', #2197, 1000.000000000000000 ) ;
#6 = CARTESIAN_POINT ( 'NONE',  ( -30.00000000000000711, 9.999999999999996447, -5.000000000000003553 ) ) ;
#7 = ADVANCED_FACE ( 'NONE', ( #404 ), #1647, .F. ) ;
#8 = DIRECTION ( 'NONE',  ( -2.602085213965210642E-16, 0.000000000000000000, -1.000000000000000000 ) ) ;
#9 = ORIENTED_EDGE ( 'NONE', *, *, #1516, .F. ) ;
#10 = DIRECTION ( 'NONE',  ( 1.000000000000000000, 0.000000000000000000, 0.000000000000000000 ) ) ;
#11 = ORIENTED_EDGE ( 'NONE', *, *, #1333, .T. ) ;
#12 = VECTOR ( 'NONE', #1779, 1000.000000000000000 ) ;
#13 = CARTESIAN_POINT ( 'NONE',  ( -12.42640687119286547, 38.89999999999999147, -29.99999999999999289 ) ) ;
#14 = ORIENTED_EDGE ( 'NONE', *, *, #212, .F. ) ;
#15 = LINE ( 'NONE', #1930, #1463 ) ;
#16 = AXIS2_PLACEMENT_3D ( 'NONE', #1136, #961, #1616 ) ;
#17 = DIRECTION ( 'NONE',  ( -1.000000000000000000, -0.000000000000000000, -0.000000000000000000 ) ) ;
#18 = ORIENTED_EDGE ( 'NONE', *, *, #551, .F. ) ;
#19 = AXIS2_PLACEMENT_3D ( 'NONE', #1290, #295, #606 ) ;
#20 = EDGE_CURVE ( 'NONE', #527, #833, #187, .T. ) ;
#21 = CARTESIAN_POINT ( 'NONE',  ( -30.00000000000000711, 70.00000000000000000, 8.676406871192861914 ) ) ;
#22 = DIRECTION ( 'NONE',  ( 1.000000000000000000, 0.000000000000000000, 0.000000000000000000 ) ) ;
#23 = VERTEX_POINT ( 'NONE', #232 ) ;
#24 = DIRECTION ( 'NONE',  ( 0.000000000000000000, 0.000000000000000000, -1.000000000000000000 ) ) ;
#25 = VERTEX_POINT ( 'NONE', #441 ) ;
#26 = DIRECTION ( 'NONE',  ( 0.000000000000000000, 1.000000000000000000, 0.000000000000000000 ) ) ;
#27 = DIRECTION ( 'NONE',  ( -0.000000000000000000, -1.000000000000000000, -0.000000000000000000 ) ) ;
#28 = VERTEX_POINT ( 'NONE', #253 ) ;
#29 = LINE ( 'NONE', #1070, #865 ) ;
#30 = VERTEX_POINT ( 'NONE', #66 ) ;
#31 = DIRECTION ( 'NONE',  ( 1.000000000000000000, -9.654149949482787349E-17, 0.000000000000000000 ) ) ;
#32 = ORIENTED_EDGE ( 'NONE', *, *, #1558, .T. ) ;
#33 = DIRECTION ( 'NONE',  ( -0.000000000000000000, 1.000000000000000000, -0.000000000000000000 ) ) ;
#34 = CARTESIAN_POINT ( 'NONE',  ( -30.00000000000000711, 80.00000000000000000, 12.42640687119286014 ) ) ;
#35 = ORIENTED_EDGE ( 'NONE', *, *, #721, .T. ) ;
#36 = VECTOR ( 'NONE', #775, 1000.000000000000000 ) ;
#37 = ORIENTED_EDGE ( 'NONE', *, *, #386, .T. ) ;
#38 = DIRECTION ( 'NONE',  ( 1.000000000000000000, 0.000000000000000000, 0.000000000000000000 ) ) ;
#39 = DIRECTION ( 'NONE',  ( -0.000000000000000000, -1.000000000000000000, -0.000000000000000000 ) ) ;
#40 = ORIENTED_EDGE ( 'NONE', *, *, #783, .T. ) ;
#41 = DIRECTION ( 'NONE',  ( 0.000000000000000000, -1.000000000000000000, 0.000000000000000000 ) ) ;
#42 = FACE_OUTER_BOUND ( 'NONE', #289, .T. ) ;
#43 = VERTEX_POINT ( 'NONE', #1460 ) ;
#44 = CARTESIAN_POINT ( 'NONE',  ( 0.000000000000000000, 13.00000000000000000, 0.000000000000000000 ) ) ;
#45 = PRODUCT_RELATED_PRODUCT_CATEGORY ( 'part', '', ( #567 ) ) ;
#46 = EDGE_CURVE ( 'NONE', #945, #735, #2155, .T. ) ;
#47 =( GEOMETRIC_REPRESENTATION_CONTEXT ( 3 ) GLOBAL_UNCERTAINTY_ASSIGNED_CONTEXT ( ( #250 ) ) GLOBAL_UNIT_ASSIGNED_CONTEXT ( ( #1963, #225, #71 ) ) REPRESENTATION_CONTEXT ( 'NONE', 'WORKASPACE' ) );
#48 = SURFACE_SIDE_STYLE ('',( #246 ) ) ;
#49 = VERTEX_POINT ( 'NONE', #595 ) ;
#50 = CARTESIAN_POINT ( 'NONE',  ( -35.00000000000000000, 60.00000000000000711, 12.42640687119286014 ) ) ;
#51 = ORIENTED_EDGE ( 'NONE', *, *, #1427, .F. ) ;
#52 = CARTESIAN_POINT ( 'NONE',  ( 9.654149949482786609E-16, 10.00000000000000000, 0.000000000000000000 ) ) ;
#53 = CARTESIAN_POINT ( 'NONE',  ( -3.885734712638577296E-15, 9.500000000000001776, 0.000000000000000000 ) ) ;
#54 = VERTEX_POINT ( 'NONE', #1818 ) ;
#55 = DIRECTION ( 'NONE',  ( 0.000000000000000000, 0.000000000000000000, 1.000000000000000000 ) ) ;
#56 = STYLED_ITEM ( 'NONE', ( #977 ), #2162 ) ;
#57 = VECTOR ( 'NONE', #70, 1000.000000000000000 ) ;
#58 = CIRCLE ( 'NONE', #1040, 3.749999999999998224 ) ;
#59 = LINE ( 'NONE', #83, #1998 ) ;
#60 = ORIENTED_EDGE ( 'NONE', *, *, #1828, .T. ) ;
#61 = EDGE_CURVE ( 'NONE', #972, #675, #277, .T. ) ;
#62 = LINE ( 'NONE', #398, #294 ) ;
#63 = ORIENTED_EDGE ( 'NONE', *, *, #182, .T. ) ;
#64 = DIRECTION ( 'NONE',  ( -1.000000000000000000, 0.000000000000000000, 0.000000000000000000 ) ) ;
#65 = PRODUCT_DEFINITION_SHAPE ( 'NONE', 'NONE',  #1397 ) ;
#66 = CARTESIAN_POINT ( 'NONE',  ( -35.00000000000000000, 10.00000000000000000, -5.000000000000003553 ) ) ;
#67 = FACE_OUTER_BOUND ( 'NONE', #374, .T. ) ;
#68 = EDGE_CURVE ( 'NONE', #28, #790, #572, .T. ) ;
#69 = ADVANCED_FACE ( 'NONE', ( #1772 ), #242, .F. ) ;
#70 = DIRECTION ( 'NONE',  ( 0.000000000000000000, 0.000000000000000000, 1.000000000000000000 ) ) ;
#71 =( NAMED_UNIT ( * ) SI_UNIT ( $, .STERADIAN. ) SOLID_ANGLE_UNIT ( ) );
#72 = EDGE_CURVE ( 'NONE', #1701, #2061, #1957, .T. ) ;
#73 = AXIS2_PLACEMENT_3D ( 'NONE', #646, #1509, #1495 ) ;
#74 = CARTESIAN_POINT ( 'NONE',  ( -35.00000000000000000, 60.00000000000000711, 16.17640687119285658 ) ) ;
#75 = UNCERTAINTY_MEASURE_WITH_UNIT (LENGTH_MEASURE( 1.000000000000000082E-05 ), #1016, 'distance_accuracy_value', 'NONE');
#76 = ORIENTED_EDGE ( 'NONE', *, *, #1252, .F. ) ;
#77 = CARTESIAN_POINT ( 'NONE',  ( 0.000000000000000000, 0.000000000000000000, -29.99999999999999645 ) ) ;
#78 = LINE ( 'NONE', #88, #625 ) ;
#79 = PLANE ( 'NONE',  #1057 ) ;
#80 = VECTOR ( 'NONE', #798, 1000.000000000000000 ) ;
#81 = VECTOR ( 'NONE', #27, 1000.000000000000000 ) ;
#82 = DIRECTION ( 'NONE',  ( 1.000000000000000000, 0.000000000000000000, -6.591949208711866959E-16 ) ) ;
#83 = CARTESIAN_POINT ( 'NONE',  ( -18.00000000000000711, 10.00000000000000178, 4.999999999999998224 ) ) ;
#84 = AXIS2_PLACEMENT_3D ( 'NONE', #1951, #247, #903 ) ;
#85 = DIRECTION ( 'NONE',  ( -0.000000000000000000, -1.000000000000000000, -0.000000000000000000 ) ) ;
#86 = ORIENTED_EDGE ( 'NONE', *, *, #1753, .T. ) ;
#87 = CARTESIAN_POINT ( 'NONE',  ( -18.00000000000000711, 70.00000000000000000, 12.42640687119286014 ) ) ;
#88 = CARTESIAN_POINT ( 'NONE',  ( 0.000000000000000000, 0.000000000000000000, -2.500000000000000444 ) ) ;
#89 = LINE ( 'NONE', #267, #1659 ) ;
#90 = EDGE_CURVE ( 'NONE', #678, #2052, #78, .T. ) ;
#91 = EDGE_CURVE ( 'NONE', #155, #728, #427, .T. ) ;
#92 = EDGE_CURVE ( 'NONE', #1735, #711, #487, .T. ) ;
#93 = VECTOR ( 'NONE', #1985, 1000.000000000000000 ) ;
#94 = ITEM_DEFINED_TRANSFORMATION ( 'NONE', 'NONE', #990,  #1404 ) ;
#95 = DIRECTION ( 'NONE',  ( -1.000000000000000000, 0.000000000000000000, 0.000000000000000000 ) ) ;
#96 = VERTEX_POINT ( 'NONE', #163 ) ;
#97 = SURFACE_STYLE_USAGE ( .BOTH. , #1860 ) ;
#98 = ORIENTED_EDGE ( 'NONE', *, *, #616, .T. ) ;
#99 = PLANE ( 'NONE',  #1091 ) ;
#100 = ORIENTED_EDGE ( 'NONE', *, *, #1591, .F. ) ;
#101 = CARTESIAN_POINT ( 'NONE',  ( -40.00000000000000000, 41.09999999999999432, -25.00000000000000000 ) ) ;
#102 = DIRECTION ( 'NONE',  ( 1.000000000000000000, 0.000000000000000000, -1.804112415015879132E-16 ) ) ;
#103 = ORIENTED_EDGE ( 'NONE', *, *, #1059, .F. ) ;
#104 = PLANE ( 'NONE',  #965 ) ;
#105 = AXIS2_PLACEMENT_3D ( 'NONE', #176, #1417, #1394 ) ;
#106 = VERTEX_POINT ( 'NONE', #658 ) ;
#107 = CARTESIAN_POINT ( 'NONE',  ( 9.564119927985241858E-15, 60.00000000000000000, 32.00000000000000711 ) ) ;
#108 = EDGE_CURVE ( 'NONE', #1178, #1226, #2175, .T. ) ;
#109 = ORIENTED_EDGE ( 'NONE', *, *, #1667, .T. ) ;
#110 = VECTOR ( 'NONE', #1292, 1000.000000000000000 ) ;
#111 = SHAPE_REPRESENTATION ( 'Dish P2', ( #1404 ), #1513 ) ;
#112 = DIRECTION ( 'NONE',  ( 0.8333301183313625016, 0.000000000000000000, 0.5527756451598038190 ) ) ;
#113 = VECTOR ( 'NONE', #171, 1000.000000000000000 ) ;
#114 = CONTEXT_DEPENDENT_SHAPE_REPRESENTATION ( #529, #909 ) ;
#115 = DIRECTION ( 'NONE',  ( -1.804112415015879132E-16, 0.000000000000000000, -1.000000000000000000 ) ) ;
#116 = VERTEX_POINT ( 'NONE', #288 ) ;
#117 = ORIENTED_EDGE ( 'NONE', *, *, #1753, .F. ) ;
#118 = CARTESIAN_POINT ( 'NONE',  ( -30.00000000000000711, 38.89999999999999147, 12.42640687119286014 ) ) ;
#119 = VERTEX_POINT ( 'NONE', #2041 ) ;
#120 = DIRECTION ( 'NONE',  ( 0.7071067811865474617, -0.000000000000000000, 0.7071067811865474617 ) ) ;
#121 = EDGE_CURVE ( 'NONE', #1323, #2091, #623, .T. ) ;
#122 = DIRECTION ( 'NONE',  ( -0.000000000000000000, -1.000000000000000000, -0.000000000000000000 ) ) ;
#123 = ORIENTED_EDGE ( 'NONE', *, *, #1375, .F. ) ;
#124 = CARTESIAN_POINT ( 'NONE',  ( 130.0000000000000000, 2.000000000000000000, 24.99999999999992539 ) ) ;
#125 = LINE ( 'NONE', #1501, #80 ) ;
#126 = ORIENTED_EDGE ( 'NONE', *, *, #1922, .F. ) ;
#127 = DIRECTION ( 'NONE',  ( 0.000000000000000000, 0.000000000000000000, 1.000000000000000000 ) ) ;
#128 = ADVANCED_FACE ( 'NONE', ( #304 ), #1861, .T. ) ;
#129 = EDGE_CURVE ( 'NONE', #351, #30, #1344, .T. ) ;
#130 = VERTEX_POINT ( 'NONE', #2207 ) ;
#131 = ADVANCED_BREP_SHAPE_REPRESENTATION ( '', ( #904, #1404 ), #195 ) ;
#132 = LINE ( 'NONE', #645, #863 ) ;
#133 = SURFACE_STYLE_FILL_AREA ( #661 ) ;
#134 = ORIENTED_EDGE ( 'NONE', *, *, #1150, .T. ) ;
#135 = CARTESIAN_POINT ( 'NONE',  ( -26.42870152576724863, 38.89999999999999858, -15.99770534542561329 ) ) ;
#136 = DIRECTION ( 'NONE',  ( 1.000000000000000000, 0.000000000000000000, 0.000000000000000000 ) ) ;
#137 = EDGE_CURVE ( 'NONE', #662, #43, #847, .T. ) ;
#138 = CARTESIAN_POINT ( 'NONE',  ( -27.80330085889911373, 56.25000000000000000, 14.62310601229375173 ) ) ;
#139 = ORIENTED_EDGE ( 'NONE', *, *, #468, .T. ) ;
#140 = CARTESIAN_POINT ( 'NONE',  ( 29.99999999999998579, 2.000000000000000000, -25.00000000000001066 ) ) ;
#141 = EDGE_CURVE ( 'NONE', #2165, #742, #851, .T. ) ;
#142 = SURFACE_STYLE_USAGE ( .BOTH. , #978 ) ;
#143 = CYLINDRICAL_SURFACE ( 'NONE', #462, 2.600000000000000089 ) ;
#144 = DIRECTION ( 'NONE',  ( -0.000000000000000000, -0.000000000000000000, -1.000000000000000000 ) ) ;
#145 = ORIENTED_EDGE ( 'NONE', *, *, #2168, .F. ) ;
#146 = CARTESIAN_POINT ( 'NONE',  ( -12.42640687119286191, 0.000000000000000000, 30.00000000000000711 ) ) ;
#147 = EDGE_CURVE ( 'NONE', #307, #155, #1673, .T. ) ;
#148 = DIRECTION ( 'NONE',  ( -0.7071067811865474617, 0.000000000000000000, 0.7071067811865475727 ) ) ;
#149 = ORIENTED_EDGE ( 'NONE', *, *, #1262, .T. ) ;
#150 = ADVANCED_FACE ( 'NONE', ( #1156, #1506 ), #1493, .F. ) ;
#151 = CARTESIAN_POINT ( 'NONE',  ( -2.600000000000000533, -10.00000000000000355, 0.000000000000000000 ) ) ;
#152 = SURFACE_STYLE_FILL_AREA ( #2163 ) ;
#153 = DIRECTION ( 'NONE',  ( 9.654149949482787349E-17, 1.000000000000000000, -0.000000000000000000 ) ) ;
#154 = FACE_OUTER_BOUND ( 'NONE', #620, .T. ) ;
#155 = VERTEX_POINT ( 'NONE', #1167 ) ;
#156 = MANIFOLD_SOLID_BREP ( 'Fillet1', #1776 ) ;
#157 = EDGE_CURVE ( 'NONE', #889, #1421, #1519, .T. ) ;
#158 = PLANE ( 'NONE',  #1839 ) ;
#159 = VECTOR ( 'NONE', #1836, 1000.000000000000114 ) ;
#160 = DIRECTION ( 'NONE',  ( -0.000000000000000000, -1.000000000000000000, -0.000000000000000000 ) ) ;
#161 = ORIENTED_EDGE ( 'NONE', *, *, #1665, .F. ) ;
#162 =( NAMED_UNIT ( * ) PLANE_ANGLE_UNIT ( ) SI_UNIT ( $, .RADIAN. ) );
#163 = CARTESIAN_POINT ( 'NONE',  ( 6.254710617342683496E-15, 80.00000000000000000, 5.100000000000003197 ) ) ;
#164 = DIRECTION ( 'NONE',  ( 0.000000000000000000, 0.000000000000000000, -1.000000000000000000 ) ) ;
#165 = CARTESIAN_POINT ( 'NONE',  ( -30.00000000000000711, 5.099999999999993427, 12.42640687119286014 ) ) ;
#166 = AXIS2_PLACEMENT_3D ( 'NONE', #1470, #2030, #621 ) ;
#167 = PRESENTATION_LAYER_ASSIGNMENT (  '', '', ( #1138 ) ) ;
#168 = EDGE_CURVE ( 'NONE', #1230, #96, #1007, .T. ) ;
#169 = ORIENTED_EDGE ( 'NONE', *, *, #1514, .T. ) ;
#170 = AXIS2_PLACEMENT_3D ( 'NONE', #324, #1144, #1028 ) ;
#171 = DIRECTION ( 'NONE',  ( -0.000000000000000000, 1.000000000000000000, 1.734723475976806848E-16 ) ) ;
#172 = CARTESIAN_POINT ( 'NONE',  ( -35.00000000000000000, 60.00000000000000711, 12.42640687119286014 ) ) ;
#173 = ORIENTED_EDGE ( 'NONE', *, *, #488, .T. ) ;
#174 = CARTESIAN_POINT ( 'NONE',  ( 130.0000000000000000, 2.000000000000000000, 24.99999999999992539 ) ) ;
#175 = ORIENTED_EDGE ( 'NONE', *, *, #147, .T. ) ;
#176 = CARTESIAN_POINT ( 'NONE',  ( -18.00000000000000711, 10.00000000000000000, -5.000000000000003553 ) ) ;
#177 = CARTESIAN_POINT ( 'NONE',  ( -5.458002562049691249E-16, 2.000000000000000000, -5.000000000000000000 ) ) ;
#178 = ORIENTED_EDGE ( 'NONE', *, *, #212, .T. ) ;
#179 = ADVANCED_FACE ( 'NONE', ( #477 ), #1807, .T. ) ;
#180 = AXIS2_PLACEMENT_3D ( 'NONE', #1675, #153, #1185 ) ;
#181 = CARTESIAN_POINT ( 'NONE',  ( 12.42640687119284593, 80.00000000000000000, -29.99999999999999645 ) ) ;
#182 = EDGE_CURVE ( 'NONE', #1656, #1507, #1340, .T. ) ;
#183 = ADVANCED_FACE ( 'NONE', ( #859 ), #1714, .F. ) ;
#184 = LINE ( 'NONE', #1024, #2018 ) ;
#185 = ORIENTED_EDGE ( 'NONE', *, *, #2116, .F. ) ;
#186 = AXIS2_PLACEMENT_3D ( 'NONE', #172, #1892, #340 ) ;
#187 =( BOUNDED_CURVE ( )  B_SPLINE_CURVE ( 3, ( #763, #935, #1471, #1603 ),
 .UNSPECIFIED., .F., .T. ) 
 B_SPLINE_CURVE_WITH_KNOTS ( ( 4, 4 ),
 ( 1.570796326794896558, 3.141592653589793116 ),
 .UNSPECIFIED. ) 
 CURVE ( )  GEOMETRIC_REPRESENTATION_ITEM ( )  RATIONAL_B_SPLINE_CURVE ( ( 1.000000000000000000, 0.8047378541243649375, 0.8047378541243649375, 1.000000000000000000 ) ) 
 REPRESENTATION_ITEM ( '' )  );
#188 = CARTESIAN_POINT ( 'NONE',  ( 29.99999999999998579, 0.000000000000000000, -25.00000000000001066 ) ) ;
#189 = EDGE_LOOP ( 'NONE', ( #1856, #366, #337, #853 ) ) ;
#190 = CIRCLE ( 'NONE', #1763, 0.9933652782897484101 ) ;
#191 = DIRECTION ( 'NONE',  ( -0.000000000000000000, -1.000000000000000000, -0.000000000000000000 ) ) ;
#192 = VERTEX_POINT ( 'NONE', #1042 ) ;
#193 =( REPRESENTATION_RELATIONSHIP ('NONE','NONE', #1273, #497 ) REPRESENTATION_RELATIONSHIP_WITH_TRANSFORMATION ( #94 )SHAPE_REPRESENTATION_RELATIONSHIP( ) );
#194 = AXIS2_PLACEMENT_3D ( 'NONE', #1139, #989, #2188 ) ;
#195 =( GEOMETRIC_REPRESENTATION_CONTEXT ( 3 ) GLOBAL_UNCERTAINTY_ASSIGNED_CONTEXT ( ( #1624 ) ) GLOBAL_UNIT_ASSIGNED_CONTEXT ( ( #1572, #1245, #756 ) ) REPRESENTATION_CONTEXT ( 'NONE', 'WORKASPACE' ) );
#196 = CARTESIAN_POINT ( 'NONE',  ( 5.000000000000000888, 0.000000000000000000, 3.333333333333332149 ) ) ;
#197 = ORIENTED_EDGE ( 'NONE', *, *, #2167, .T. ) ;
#198 = CARTESIAN_POINT ( 'NONE',  ( -35.00000000000000000, 10.00000000000000000, -5.000000000000003553 ) ) ;
#199 = ORIENTED_EDGE ( 'NONE', *, *, #1099, .T. ) ;
#200 = DIRECTION ( 'NONE',  ( -0.000000000000000000, -1.000000000000000000, -0.000000000000000000 ) ) ;
#201 = CARTESIAN_POINT ( 'NONE',  ( -30.00000000000000711, 70.00000000000000000, 12.42640687119286014 ) ) ;
#202 = ORIENTED_EDGE ( 'NONE', *, *, #712, .F. ) ;
#203 = VECTOR ( 'NONE', #919, 1000.000000000000000 ) ;
#204 = FACE_OUTER_BOUND ( 'NONE', #1063, .T. ) ;
#205 = ORIENTED_EDGE ( 'NONE', *, *, #1873, .T. ) ;
#206 = PLANE ( 'NONE',  #1231 ) ;
#207 = ORIENTED_EDGE ( 'NONE', *, *, #129, .F. ) ;
#208 = CARTESIAN_POINT ( 'NONE',  ( 3.061616997868383141E-16, 0.000000000000000000, 2.500000000000000000 ) ) ;
#209 = LINE ( 'NONE', #3, #1744 ) ;
#210 = PRODUCT_RELATED_PRODUCT_CATEGORY ( 'part', '', ( #1107 ) ) ;
#211 = ORIENTED_EDGE ( 'NONE', *, *, #234, .F. ) ;
#212 = EDGE_CURVE ( 'NONE', #30, #648, #1266, .T. ) ;
#213 = LINE ( 'NONE', #779, #2173 ) ;
#214 = ORIENTED_EDGE ( 'NONE', *, *, #329, .T. ) ;
#215 = DIRECTION ( 'NONE',  ( 0.000000000000000000, 0.000000000000000000, 1.000000000000000000 ) ) ;
#216 = EDGE_LOOP ( 'NONE', ( #875, #2121, #777, #957, #1315 ) ) ;
#217 = PLANE ( 'NONE',  #105 ) ;
#218 = CARTESIAN_POINT ( 'NONE',  ( 0.000000000000000000, 0.000000000000000000, -29.99999999999999645 ) ) ;
#219 = ORIENTED_EDGE ( 'NONE', *, *, #607, .T. ) ;
#220 = CARTESIAN_POINT ( 'NONE',  ( -4.999999999999988454, 4.827074974741382458E-16, 0.000000000000000000 ) ) ;
#221 = VECTOR ( 'NONE', #573, 1000.000000000000000 ) ;
#222 = PRODUCT_DEFINITION_SHAPE ( 'NONE', 'NONE',  #2218 ) ;
#223 = ADVANCED_FACE ( 'NONE', ( #1376 ), #1554, .F. ) ;
#224 = ORIENTED_EDGE ( 'NONE', *, *, #1261, .F. ) ;
#225 =( NAMED_UNIT ( * ) PLANE_ANGLE_UNIT ( ) SI_UNIT ( $, .RADIAN. ) );
#226 = CARTESIAN_POINT ( 'NONE',  ( 0.000000000000000000, 0.000000000000000000, 0.000000000000000000 ) ) ;
#227 = ORIENTED_EDGE ( 'NONE', *, *, #1235, .F. ) ;
#228 = LINE ( 'NONE', #400, #643 ) ;
#229 = CLOSED_SHELL ( 'NONE', ( #1129, #244, #987, #963, #1568, #1413, #1085 ) ) ;
#230 = DIRECTION ( 'NONE',  ( -0.8333301183313625016, 0.000000000000000000, -0.5527756451598038190 ) ) ;
#231 = CLOSED_SHELL ( 'NONE', ( #1489, #1972, #223, #297, #1548, #1282 ) ) ;
#232 = CARTESIAN_POINT ( 'NONE',  ( 2.599999999999999201, -10.00000000000000355, 3.184081677783117698E-16 ) ) ;
#233 = CARTESIAN_POINT ( 'NONE',  ( 30.00000000000000000, 0.000000000000000000, 24.99999999999998934 ) ) ;
#234 = EDGE_CURVE ( 'NONE', #1565, #25, #657, .T. ) ;
#235 = EDGE_CURVE ( 'NONE', #1429, #116, #2051, .T. ) ;
#236 = ADVANCED_FACE ( 'NONE', ( #2064 ), #2214, .F. ) ;
#237 = STYLED_ITEM ( 'NONE', ( #1631 ), #904 ) ;
#238 = LINE ( 'NONE', #1787, #1598 ) ;
#239 = DIRECTION ( 'NONE',  ( -1.000000000000000000, 9.654149949482787349E-17, 0.000000000000000000 ) ) ;
#240 = ORIENTED_EDGE ( 'NONE', *, *, #364, .T. ) ;
#241 = DIRECTION ( 'NONE',  ( 0.000000000000000000, 0.000000000000000000, 1.000000000000000000 ) ) ;
#242 = CYLINDRICAL_SURFACE ( 'NONE', #1592, 2.600000000000000089 ) ;
#243 = DIRECTION ( 'NONE',  ( 0.000000000000000000, -0.000000000000000000, -1.000000000000000000 ) ) ;
#244 = ADVANCED_FACE ( 'NONE', ( #357 ), #1811, .T. ) ;
#245 = DIRECTION ( 'NONE',  ( -0.000000000000000000, 1.000000000000000000, 0.000000000000000000 ) ) ;
#246 = SURFACE_STYLE_FILL_AREA ( #1410 ) ;
#247 = DIRECTION ( 'NONE',  ( -1.665334536937734811E-16, -6.158409296133535776E-17, -0.9999999999999998890 ) ) ;
#248 = ADVANCED_BREP_SHAPE_REPRESENTATION ( '', ( #156, #1404 ), #47 ) ;
#249 = CARTESIAN_POINT ( 'NONE',  ( 5.000000000000000000, 100.0000000000000000, -5.000000000000000000 ) ) ;
#250 = UNCERTAINTY_MEASURE_WITH_UNIT (LENGTH_MEASURE( 1.000000000000000082E-05 ), #1963, 'distance_accuracy_value', 'NONE');
#251 = ORIENTED_EDGE ( 'NONE', *, *, #954, .F. ) ;
#252 = DIRECTION ( 'NONE',  ( -1.000000000000000000, 0.000000000000000000, 0.000000000000000000 ) ) ;
#253 = CARTESIAN_POINT ( 'NONE',  ( 4.437102403755920420E-15, 80.00000000000000000, -5.099999999999996092 ) ) ;
#254 = PLANE ( 'NONE',  #870 ) ;
#255 = PRODUCT ( 'Dish P1', 'Dish P1', '', ( #271 ) ) ;
#256 = AXIS2_PLACEMENT_3D ( 'NONE', #1303, #631, #2006 ) ;
#257 = VECTOR ( 'NONE', #1228, 1000.000000000000000 ) ;
#258 = EDGE_CURVE ( 'NONE', #1203, #2165, #1894, .T. ) ;
#259 = PLANE ( 'NONE',  #1780 ) ;
#260 = PRODUCT_CONTEXT ( 'NONE', #1380, 'mechanical' ) ;
#261 = PRODUCT_DEFINITION_FORMATION_WITH_SPECIFIED_SOURCE ( 'ANY', '', #421, .NOT_KNOWN. ) ;
#262 = LINE ( 'NONE', #436, #12 ) ;
#263 = AXIS2_PLACEMENT_3D ( 'NONE', #677, #1225, #31 ) ;
#264 = ORIENTED_EDGE ( 'NONE', *, *, #855, .F. ) ;
#265 = CARTESIAN_POINT ( 'NONE',  ( 0.000000000000000000, 0.000000000000000000, -2.500000000000000000 ) ) ;
#266 = VERTEX_POINT ( 'NONE', #873 ) ;
#267 = CARTESIAN_POINT ( 'NONE',  ( -30.00000000000000711, 20.00000000000000355, -12.42640687119284770 ) ) ;
#268 = VECTOR ( 'NONE', #1384, 1000.000000000000000 ) ;
#269 = CARTESIAN_POINT ( 'NONE',  ( -12.42640687119286547, 80.00000000000000000, -29.99999999999999289 ) ) ;
#270 = AXIS2_PLACEMENT_3D ( 'NONE', #2136, #1782, #1760 ) ;
#271 = PRODUCT_CONTEXT ( 'NONE', #691, 'mechanical' ) ;
#272 = DIRECTION ( 'NONE',  ( -0.000000000000000000, -1.000000000000000000, -0.000000000000000000 ) ) ;
#273 = ORIENTED_EDGE ( 'NONE', *, *, #954, .T. ) ;
#274 = CARTESIAN_POINT ( 'NONE',  ( 30.00000000000000711, 2.000000000000000000, 19.99999999999998934 ) ) ;
#275 = VECTOR ( 'NONE', #2031, 1000.000000000000000 ) ;
#276 = AXIS2_PLACEMENT_3D ( 'NONE', #862, #1567, #888 ) ;
#277 = LINE ( 'NONE', #1783, #1964 ) ;
#278 = DIRECTION ( 'NONE',  ( 1.000000000000000000, -1.204089948046584186E-16, 0.000000000000000000 ) ) ;
#279 = EDGE_CURVE ( 'NONE', #1459, #2213, #841, .T. ) ;
#280 = EDGE_CURVE ( 'NONE', #728, #960, #1726, .T. ) ;
#281 = ORIENTED_EDGE ( 'NONE', *, *, #121, .F. ) ;
#282 = DIRECTION ( 'NONE',  ( 0.000000000000000000, 0.000000000000000000, 1.000000000000000000 ) ) ;
#283 = EDGE_CURVE ( 'NONE', #993, #910, #542, .T. ) ;
#284 = CARTESIAN_POINT ( 'NONE',  ( 0.000000000000000000, 80.00000000000000000, -29.99999999999999645 ) ) ;
#285 = EDGE_LOOP ( 'NONE', ( #1081, #344, #273, #332, #1405, #2194 ) ) ;
#286 = SURFACE_STYLE_FILL_AREA ( #820 ) ;
#287 = VECTOR ( 'NONE', #861, 1000.000000000000000 ) ;
#288 = CARTESIAN_POINT ( 'NONE',  ( 29.99999999999998579, 0.000000000000000000, -25.00000000000001066 ) ) ;
#289 = EDGE_LOOP ( 'NONE', ( #1510, #2176, #1255, #682 ) ) ;
#290 = FACE_OUTER_BOUND ( 'NONE', #1368, .T. ) ;
#291 = LINE ( 'NONE', #1010, #1505 ) ;
#292 = ORIENTED_EDGE ( 'NONE', *, *, #393, .F. ) ;
#293 = VECTOR ( 'NONE', #459, 1000.000000000000000 ) ;
#294 = VECTOR ( 'NONE', #1258, 1000.000000000000000 ) ;
#295 = DIRECTION ( 'NONE',  ( -0.000000000000000000, -1.000000000000000000, -0.000000000000000000 ) ) ;
#296 = AXIS2_PLACEMENT_3D ( 'NONE', #1819, #454, #278 ) ;
#297 = ADVANCED_FACE ( 'NONE', ( #2073 ), #554, .F. ) ;
#298 = EDGE_CURVE ( 'NONE', #714, #1583, #1883, .T. ) ;
#299 = APPLICATION_PROTOCOL_DEFINITION ( 'draft international standard', 'automotive_design', 1998, #805 ) ;
#300 = DIRECTION ( 'NONE',  ( 1.000000000000000000, 0.000000000000000000, 0.000000000000000000 ) ) ;
#301 = ORIENTED_EDGE ( 'NONE', *, *, #1912, .T. ) ;
#302 = PLANE ( 'NONE',  #962 ) ;
#303 = AXIS2_PLACEMENT_3D ( 'NONE', #368, #1702, #1064 ) ;
#304 = FACE_OUTER_BOUND ( 'NONE', #603, .T. ) ;
#305 = CARTESIAN_POINT ( 'NONE',  ( -30.00000000000000711, 9.999999999999994671, -12.42640687119283527 ) ) ;
#306 = PLANE ( 'NONE',  #73 ) ;
#307 = VERTEX_POINT ( 'NONE', #1738 ) ;
#308 = ADVANCED_FACE ( 'NONE', ( #1918 ), #206, .F. ) ;
#309 = APPLICATION_CONTEXT ( 'automotive_design' ) ;
#310 =( LENGTH_UNIT ( ) NAMED_UNIT ( * ) SI_UNIT ( .MILLI., .METRE. ) );
#311 = CARTESIAN_POINT ( 'NONE',  ( -26.25000000000001066, 57.80330085889910663, 16.17640687119285658 ) ) ;
#312 = ORIENTED_EDGE ( 'NONE', *, *, #157, .F. ) ;
#313 = DIRECTION ( 'NONE',  ( -0.000000000000000000, -0.000000000000000000, 1.000000000000000000 ) ) ;
#314 =( NAMED_UNIT ( * ) SI_UNIT ( $, .STERADIAN. ) SOLID_ANGLE_UNIT ( ) );
#315 = DIRECTION ( 'NONE',  ( -0.000000000000000000, -1.000000000000000000, -0.000000000000000000 ) ) ;
#316 = DIRECTION ( 'NONE',  ( 0.000000000000000000, 0.000000000000000000, -1.000000000000000000 ) ) ;
#317 = UNCERTAINTY_MEASURE_WITH_UNIT (LENGTH_MEASURE( 1.000000000000000082E-05 ), #2025, 'distance_accuracy_value', 'NONE');
#318 = ORIENTED_EDGE ( 'NONE', *, *, #352, .T. ) ;
#319 = EDGE_CURVE ( 'NONE', #1176, #1732, #2093, .T. ) ;
#320 = CARTESIAN_POINT ( 'NONE',  ( 0.000000000000000000, 100.0000000000000000, -5.000000000000000000 ) ) ;
#321 = LINE ( 'NONE', #448, #733 ) ;
#322 = ORIENTED_EDGE ( 'NONE', *, *, #68, .T. ) ;
#323 = CARTESIAN_POINT ( 'NONE',  ( 0.9933652782897470779, 39.11500184297825200, 0.000000000000000000 ) ) ;
#324 = CARTESIAN_POINT ( 'NONE',  ( -35.00000000000000000, 70.00000000000000000, 12.42640687119286014 ) ) ;
#325 = FACE_OUTER_BOUND ( 'NONE', #1739, .T. ) ;
#326 = DIRECTION ( 'NONE',  ( 0.000000000000000000, 0.000000000000000000, -1.000000000000000000 ) ) ;
#327 = EDGE_CURVE ( 'NONE', #1732, #437, #62, .T. ) ;
#328 = EDGE_LOOP ( 'NONE', ( #301, #1547, #227, #358 ) ) ;
#329 = EDGE_CURVE ( 'NONE', #1919, #1374, #1457, .T. ) ;
#330 = PLANE ( 'NONE',  #504 ) ;
#331 = DIRECTION ( 'NONE',  ( -0.000000000000000000, 0.000000000000000000, -1.000000000000000000 ) ) ;
#332 = ORIENTED_EDGE ( 'NONE', *, *, #1100, .F. ) ;
#333 = CARTESIAN_POINT ( 'NONE',  ( 1.224646799147353256E-15, -10.00000000000000000, 0.000000000000000000 ) ) ;
#334 = CYLINDRICAL_SURFACE ( 'NONE', #501, 5.099999999999999645 ) ;
#335 = DIRECTION ( 'NONE',  ( -1.000000000000000000, 0.000000000000000000, 0.000000000000000000 ) ) ;
#336 = AXIS2_PLACEMENT_3D ( 'NONE', #1234, #894, #1747 ) ;
#337 = ORIENTED_EDGE ( 'NONE', *, *, #1640, .F. ) ;
#338 = CARTESIAN_POINT ( 'NONE',  ( -35.00000000000000000, 20.00000000000000355, 5.000000000000000000 ) ) ;
#339 = VECTOR ( 'NONE', #1615, 1000.000000000000114 ) ;
#340 = DIRECTION ( 'NONE',  ( 0.000000000000000000, 0.000000000000000000, 1.000000000000000000 ) ) ;
#341 = ORIENTED_EDGE ( 'NONE', *, *, #1265, .T. ) ;
#342 = ORIENTED_EDGE ( 'NONE', *, *, #1803, .F. ) ;
#343 = DIRECTION ( 'NONE',  ( -0.000000000000000000, -1.000000000000000000, -0.000000000000000000 ) ) ;
#344 = ORIENTED_EDGE ( 'NONE', *, *, #2056, .F. ) ;
#345 = CARTESIAN_POINT ( 'NONE',  ( 0.000000000000000000, 100.0000000000000000, 0.000000000000000000 ) ) ;
#346 = EDGE_CURVE ( 'NONE', #119, #43, #1612, .T. ) ;
#347 = LINE ( 'NONE', #373, #81 ) ;
#348 = VECTOR ( 'NONE', #762, 1000.000000000000000 ) ;
#349 = AXIS2_PLACEMENT_3D ( 'NONE', #2130, #755, #927 ) ;
#350 = VECTOR ( 'NONE', #956, 1000.000000000000000 ) ;
#351 = VERTEX_POINT ( 'NONE', #781 ) ;
#352 = EDGE_CURVE ( 'NONE', #2108, #860, #1103, .T. ) ;
#353 = PLANE ( 'NONE',  #1440 ) ;
#354 = DIRECTION ( 'NONE',  ( -1.000000000000000000, 0.000000000000000000, 0.000000000000000000 ) ) ;
#355 = ORIENTED_EDGE ( 'NONE', *, *, #1464, .F. ) ;
#356 =( NAMED_UNIT ( * ) PLANE_ANGLE_UNIT ( ) SI_UNIT ( $, .RADIAN. ) );
#357 = FACE_OUTER_BOUND ( 'NONE', #1396, .T. ) ;
#358 = ORIENTED_EDGE ( 'NONE', *, *, #855, .T. ) ;
#359 = CARTESIAN_POINT ( 'NONE',  ( -12.42640687119286191, 80.00000000000000000, 30.00000000000000711 ) ) ;
#360 = CARTESIAN_POINT ( 'NONE',  ( 0.000000000000000000, 39.00000000000000000, 0.000000000000000000 ) ) ;
#361 = ORIENTED_EDGE ( 'NONE', *, *, #91, .F. ) ;
#362 = ORIENTED_EDGE ( 'NONE', *, *, #1960, .T. ) ;
#363 = AXIS2_PLACEMENT_3D ( 'NONE', #1941, #64, #1094 ) ;
#364 = EDGE_CURVE ( 'NONE', #637, #1022, #262, .T. ) ;
#365 = DIRECTION ( 'NONE',  ( 0.8333301183313625016, 0.000000000000000000, 0.5527756451598038190 ) ) ;
#366 = ORIENTED_EDGE ( 'NONE', *, *, #929, .F. ) ;
#367 = VECTOR ( 'NONE', #365, 1000.000000000000114 ) ;
#368 = CARTESIAN_POINT ( 'NONE',  ( 0.000000000000000000, 49.74937185533099893, 0.000000000000000000 ) ) ;
#369 = VECTOR ( 'NONE', #1842, 1000.000000000000000 ) ;
#370 = DIRECTION ( 'NONE',  ( -0.000000000000000000, -1.000000000000000000, -0.000000000000000000 ) ) ;
#371 = ORIENTED_EDGE ( 'NONE', *, *, #983, .F. ) ;
#372 = CARTESIAN_POINT ( 'NONE',  ( 30.00000000000000000, 0.000000000000000000, 24.99999999999998934 ) ) ;
#373 = CARTESIAN_POINT ( 'NONE',  ( -30.00000000000000711, 80.00000000000000000, 12.42640687119286014 ) ) ;
#374 = EDGE_LOOP ( 'NONE', ( #214, #1859, #2021, #109 ) ) ;
#375 = PRODUCT_DEFINITION_FORMATION_WITH_SPECIFIED_SOURCE ( 'ANY', '', #747, .NOT_KNOWN. ) ;
#376 = AXIS2_PLACEMENT_3D ( 'NONE', #1392, #39, #1364 ) ;
#377 = EDGE_CURVE ( 'NONE', #1928, #1169, #403, .T. ) ;
#378 = DIRECTION ( 'NONE',  ( 0.000000000000000000, 0.000000000000000000, 1.000000000000000000 ) ) ;
#379 = EDGE_LOOP ( 'NONE', ( #1485, #1694, #671, #240 ) ) ;
#380 = CARTESIAN_POINT ( 'NONE',  ( 0.000000000000000000, 0.000000000000000000, -29.99999999999999645 ) ) ;
#381 = ORIENTED_EDGE ( 'NONE', *, *, #1889, .T. ) ;
#382 = DIRECTION ( 'NONE',  ( 0.000000000000000000, 0.000000000000000000, -1.000000000000000000 ) ) ;
#383 = CARTESIAN_POINT ( 'NONE',  ( -12.42640687119286191, 80.00000000000000000, 30.00000000000000711 ) ) ;
#384 = ORIENTED_EDGE ( 'NONE', *, *, #746, .F. ) ;
#385 = VECTOR ( 'NONE', #1658, 1000.000000000000000 ) ;
#386 = EDGE_CURVE ( 'NONE', #1169, #1928, #1946, .T. ) ;
#387 = LINE ( 'NONE', #940, #561 ) ;
#388 = ORIENTED_EDGE ( 'NONE', *, *, #1971, .T. ) ;
#389 = DIRECTION ( 'NONE',  ( 0.000000000000000000, 0.000000000000000000, -1.000000000000000000 ) ) ;
#390 = DIRECTION ( 'NONE',  ( 0.5527756451598038190, 0.000000000000000000, 0.8333301183313625016 ) ) ;
#391 = VERTEX_POINT ( 'NONE', #74 ) ;
#392 = DIRECTION ( 'NONE',  ( 1.000000000000000000, 0.000000000000000000, 0.000000000000000000 ) ) ;
#393 = EDGE_CURVE ( 'NONE', #833, #391, #1983, .T. ) ;
#394 = CIRCLE ( 'NONE', #1617, 5.000000000000001776 ) ;
#395 = DIRECTION ( 'NONE',  ( 1.000000000000000000, 0.000000000000000000, 0.000000000000000000 ) ) ;
#396 = ORIENTED_EDGE ( 'NONE', *, *, #1721, .T. ) ;
#397 = CARTESIAN_POINT ( 'NONE',  ( 0.000000000000000000, 0.000000000000000000, 0.000000000000000000 ) ) ;
#398 = CARTESIAN_POINT ( 'NONE',  ( 9.564119927985241858E-15, 60.00000000000000000, 32.00000000000000711 ) ) ;
#399 = ORIENTED_EDGE ( 'NONE', *, *, #182, .F. ) ;
#400 = CARTESIAN_POINT ( 'NONE',  ( -30.00000000000000711, 80.00000000000000000, 12.42640687119286014 ) ) ;
#401 = DIRECTION ( 'NONE',  ( 0.000000000000000000, 0.000000000000000000, -1.000000000000000000 ) ) ;
#402 = ADVANCED_FACE ( 'NONE', ( #424 ), #759, .T. ) ;
#403 = CIRCLE ( 'NONE', #1256, 4.999999999999988454 ) ;
#404 = FACE_OUTER_BOUND ( 'NONE', #2138, .T. ) ;
#405 = CIRCLE ( 'NONE', #16, 0.9933652782897484101 ) ;
#406 = FACE_OUTER_BOUND ( 'NONE', #1569, .T. ) ;
#407 = ORIENTED_EDGE ( 'NONE', *, *, #929, .T. ) ;
#408 = CIRCLE ( 'NONE', #1733, 2.500000000000000444 ) ;
#409 = PRODUCT_DEFINITION_SHAPE ( 'NONE', 'NONE',  #2217 ) ;
#410 = LINE ( 'NONE', #101, #1263 ) ;
#411 = ORIENTED_EDGE ( 'NONE', *, *, #1100, .T. ) ;
#412 = DIRECTION ( 'NONE',  ( 1.000000000000000000, -1.232595164407831220E-32, 1.232595164407830672E-32 ) ) ;
#413 = CARTESIAN_POINT ( 'NONE',  ( -3.837463962891163304E-15, 10.00000000000000355, 0.000000000000000000 ) ) ;
#414 = ORIENTED_EDGE ( 'NONE', *, *, #1163, .F. ) ;
#415 = CYLINDRICAL_SURFACE ( 'NONE', #1243, 3.749999999999998224 ) ;
#416 = EDGE_CURVE ( 'NONE', #580, #945, #430, .T. ) ;
#417 = ORIENTED_EDGE ( 'NONE', *, *, #1464, .T. ) ;
#418 = LINE ( 'NONE', #1806, #1370 ) ;
#419 = ADVANCED_FACE ( 'NONE', ( #2134 ), #1597, .T. ) ;
#420 = AXIS2_PLACEMENT_3D ( 'NONE', #1968, #1627, #584 ) ;
#421 = PRODUCT ( 'Ollie', 'Ollie', '', ( #1643 ) ) ;
#422 =( LENGTH_UNIT ( ) NAMED_UNIT ( * ) SI_UNIT ( .MILLI., .METRE. ) );
#423 = VERTEX_POINT ( 'NONE', #1271 ) ;
#424 = FACE_OUTER_BOUND ( 'NONE', #998, .T. ) ;
#425 = VERTEX_POINT ( 'NONE', #1441 ) ;
#426 = DIRECTION ( 'NONE',  ( -0.000000000000000000, -1.000000000000000000, -0.000000000000000000 ) ) ;
#427 = LINE ( 'NONE', #1116, #36 ) ;
#428 = DIRECTION ( 'NONE',  ( 0.000000000000000000, -1.000000000000000000, 0.000000000000000000 ) ) ;
#429 = DIRECTION ( 'NONE',  ( -0.000000000000000000, -1.000000000000000000, -0.000000000000000000 ) ) ;
#430 = LINE ( 'NONE', #916, #350 ) ;
#431 = PRODUCT_DEFINITION_CONTEXT ( 'detailed design', #309, 'design' ) ;
#432 = CARTESIAN_POINT ( 'NONE',  ( 30.00000000000000711, 2.000000000000000000, 19.99999999999998934 ) ) ;
#433 = ORIENTED_EDGE ( 'NONE', *, *, #283, .T. ) ;
#434 = DIRECTION ( 'NONE',  ( 0.000000000000000000, -1.000000000000000000, 0.000000000000000000 ) ) ;
#435 = SHAPE_DEFINITION_REPRESENTATION ( #65, #111 ) ;
#436 = CARTESIAN_POINT ( 'NONE',  ( -30.00000000000000711, 80.00000000000000000, 5.000000000000011546 ) ) ;
#437 = VERTEX_POINT ( 'NONE', #1585 ) ;
#438 = DIRECTION ( 'NONE',  ( 0.000000000000000000, -1.734723475976806848E-16, 1.000000000000000000 ) ) ;
#439 = EDGE_CURVE ( 'NONE', #391, #555, #58, .T. ) ;
#440 = VERTEX_POINT ( 'NONE', #323 ) ;
#441 = CARTESIAN_POINT ( 'NONE',  ( 5.000000000000000888, -10.00000000000000000, 6.123233995736768255E-16 ) ) ;
#442 = CARTESIAN_POINT ( 'NONE',  ( 6.254710617342683496E-15, 68.00000000000000000, 5.100000000000004086 ) ) ;
#443 = VERTEX_POINT ( 'NONE', #591 ) ;
#444 = VECTOR ( 'NONE', #483, 1000.000000000000000 ) ;
#445 = CARTESIAN_POINT ( 'NONE',  ( 129.9999999999999716, 2.000000000000000000, -25.00000000000000000 ) ) ;
#446 = COLOUR_RGB ( '',0.7921568627450980005, 0.8196078431372548767, 0.9333333333333333481 ) ;
#447 = MECHANICAL_DESIGN_GEOMETRIC_PRESENTATION_REPRESENTATION (  '', ( #1138 ), #2058 ) ;
#448 = CARTESIAN_POINT ( 'NONE',  ( 29.99999999999999645, 2.000000000000000000, -20.00000000000001066 ) ) ;
#449 = ORIENTED_EDGE ( 'NONE', *, *, #640, .T. ) ;
#450 = PLANE ( 'NONE',  #1412 ) ;
#451 = VECTOR ( 'NONE', #1874, 1000.000000000000000 ) ;
#452 = PRESENTATION_STYLE_ASSIGNMENT (( #142 ) ) ;
#453 = ORIENTED_EDGE ( 'NONE', *, *, #514, .F. ) ;
#454 = DIRECTION ( 'NONE',  ( 9.654149949482787349E-17, 1.000000000000000000, -0.000000000000000000 ) ) ;
#455 = EDGE_CURVE ( 'NONE', #1054, #896, #1311, .T. ) ;
#456 = ORIENTED_EDGE ( 'NONE', *, *, #2066, .T. ) ;
#457 = LINE ( 'NONE', #480, #1952 ) ;
#458 = DIRECTION ( 'NONE',  ( 0.000000000000000000, 0.000000000000000000, 1.000000000000000000 ) ) ;
#459 = DIRECTION ( 'NONE',  ( -1.781968836849767451E-16, 0.000000000000000000, -1.000000000000000000 ) ) ;
#460 = VERTEX_POINT ( 'NONE', #249 ) ;
#461 = CARTESIAN_POINT ( 'NONE',  ( 29.10490097808401799, 9.093440688329993193, 0.000000000000000000 ) ) ;
#462 = AXIS2_PLACEMENT_3D ( 'NONE', #490, #1483, #2177 ) ;
#463 = EDGE_CURVE ( 'NONE', #443, #1671, #734, .T. ) ;
#464 = ORIENTED_EDGE ( 'NONE', *, *, #488, .F. ) ;
#465 = CARTESIAN_POINT ( 'NONE',  ( -26.42870152576724863, 38.89999999999999858, 15.99770534542561329 ) ) ;
#466 = EDGE_CURVE ( 'NONE', #896, #2113, #741, .T. ) ;
#467 = FILL_AREA_STYLE_COLOUR ( '', #1499 ) ;
#468 = EDGE_CURVE ( 'NONE', #23, #611, #600, .T. ) ;
#469 = ORIENTED_EDGE ( 'NONE', *, *, #61, .T. ) ;
#470 = VECTOR ( 'NONE', #1361, 1000.000000000000000 ) ;
#471 = CIRCLE ( 'NONE', #1731, 1.000000000000029532 ) ;
#472 = VECTOR ( 'NONE', #1639, 1000.000000000000114 ) ;
#473 = CARTESIAN_POINT ( 'NONE',  ( -5.458002562049691249E-16, 2.000000000000000000, -5.000000000000000000 ) ) ;
#474 = ORIENTED_EDGE ( 'NONE', *, *, #1917, .T. ) ;
#475 = DIRECTION ( 'NONE',  ( -1.040834085586084503E-16, 0.000000000000000000, 1.000000000000000000 ) ) ;
#476 = AXIS2_PLACEMENT_3D ( 'NONE', #397, #458, #136 ) ;
#477 = FACE_OUTER_BOUND ( 'NONE', #1837, .T. ) ;
#478 = CARTESIAN_POINT ( 'NONE',  ( -26.25000000000000355, 67.80330085889912084, 16.17640687119285658 ) ) ;
#479 = EDGE_LOOP ( 'NONE', ( #827, #281, #169, #2094 ) ) ;
#480 = CARTESIAN_POINT ( 'NONE',  ( 1.069181302109860392E-14, 0.000000000000000000, 30.00000000000000711 ) ) ;
#481 = CIRCLE ( 'NONE', #276, 29.10490097808401799 ) ;
#482 = EDGE_CURVE ( 'NONE', #611, #711, #629, .T. ) ;
#483 = DIRECTION ( 'NONE',  ( 1.804112415015879132E-16, 0.000000000000000000, 1.000000000000000000 ) ) ;
#484 = ORIENTED_EDGE ( 'NONE', *, *, #1609, .T. ) ;
#485 = CARTESIAN_POINT ( 'NONE',  ( 1.258312158810909859E-15, 0.000000000000000000, 5.000000000000000000 ) ) ;
#486 = EDGE_CURVE ( 'NONE', #2040, #1518, #568, .T. ) ;
#487 = LINE ( 'NONE', #668, #1391 ) ;
#488 = EDGE_CURVE ( 'NONE', #1211, #2118, #966, .T. ) ;
#489 = ORIENTED_EDGE ( 'NONE', *, *, #1720, .T. ) ;
#490 = CARTESIAN_POINT ( 'NONE',  ( -9.654149949482792526E-16, -10.00000000000000355, 0.000000000000000000 ) ) ;
#491 = PRESENTATION_STYLE_ASSIGNMENT (( #1278 ) ) ;
#492 = UNCERTAINTY_MEASURE_WITH_UNIT (LENGTH_MEASURE( 1.000000000000000082E-05 ), #644, 'distance_accuracy_value', 'NONE');
#493 = EDGE_LOOP ( 'NONE', ( #1097, #1881, #1071, #51 ) ) ;
#494 = CARTESIAN_POINT ( 'NONE',  ( -2.750352603085094798E-14, 13.00000000000000888, -224.5833333333331439 ) ) ;
#495 = ORIENTED_EDGE ( 'NONE', *, *, #1666, .F. ) ;
#496 = DIRECTION ( 'NONE',  ( 0.000000000000000000, 0.000000000000000000, 1.000000000000000000 ) ) ;
#497 = SHAPE_REPRESENTATION ( 'Sat Body', ( #1404 ), #730 ) ;
#498 = DIRECTION ( 'NONE',  ( 0.000000000000000000, 0.000000000000000000, 1.000000000000000000 ) ) ;
#499 = DIRECTION ( 'NONE',  ( 0.8320502943378437211, 0.000000000000000000, 0.5547001962252290364 ) ) ;
#500 = CARTESIAN_POINT ( 'NONE',  ( 4.999999999999996447, 10.00000000000000000, 6.123233995736761352E-16 ) ) ;
#501 = AXIS2_PLACEMENT_3D ( 'NONE', #1704, #33, #1055 ) ;
#502 = ORIENTED_EDGE ( 'NONE', *, *, #640, .F. ) ;
#503 = DIRECTION ( 'NONE',  ( -6.591949208711866959E-16, 0.000000000000000000, -1.000000000000000000 ) ) ;
#504 = AXIS2_PLACEMENT_3D ( 'NONE', #181, #1868, #2098 ) ;
#505 = CARTESIAN_POINT ( 'NONE',  ( 0.000000000000000000, 49.74937185533099893, 0.000000000000000000 ) ) ;
#506 = ORIENTED_EDGE ( 'NONE', *, *, #1889, .F. ) ;
#507 = CARTESIAN_POINT ( 'NONE',  ( 0.000000000000000000, 13.00000000000000888, 0.000000000000000000 ) ) ;
#508 = CIRCLE ( 'NONE', #1096, 29.10490097808401799 ) ;
#509 = ORIENTED_EDGE ( 'NONE', *, *, #141, .F. ) ;
#510 = CARTESIAN_POINT ( 'NONE',  ( -35.00000000000000000, 70.00000000000000000, 12.42640687119286014 ) ) ;
#511 = DIRECTION ( 'NONE',  ( -0.8320502943378433880, -0.000000000000000000, 0.5547001962252295915 ) ) ;
#512 = ORIENTED_EDGE ( 'NONE', *, *, #868, .F. ) ;
#513 = DIRECTION ( 'NONE',  ( -9.654149949482787349E-17, -1.000000000000000000, 0.000000000000000000 ) ) ;
#514 = EDGE_CURVE ( 'NONE', #1008, #2040, #2099, .T. ) ;
#515 = LINE ( 'NONE', #2069, #1504 ) ;
#516 = ORIENTED_EDGE ( 'NONE', *, *, #1721, .F. ) ;
#517 =( NAMED_UNIT ( * ) SI_UNIT ( $, .STERADIAN. ) SOLID_ANGLE_UNIT ( ) );
#518 = DIRECTION ( 'NONE',  ( -1.000000000000000000, 0.000000000000000000, 1.781968836849767451E-16 ) ) ;
#519 = ORIENTED_EDGE ( 'NONE', *, *, #1743, .F. ) ;
#520 = CYLINDRICAL_SURFACE ( 'NONE', #754, 2.500000000000000444 ) ;
#521 = DIRECTION ( 'NONE',  ( 9.654149949482787349E-17, 1.000000000000000000, 0.000000000000000000 ) ) ;
#522 = VECTOR ( 'NONE', #1233, 1000.000000000000000 ) ;
#523 = ORIENTED_EDGE ( 'NONE', *, *, #439, .F. ) ;
#524 = EDGE_CURVE ( 'NONE', #2157, #1583, #1172, .T. ) ;
#525 = EDGE_CURVE ( 'NONE', #266, #1122, #1033, .T. ) ;
#526 = DIRECTION ( 'NONE',  ( -1.000000000000000000, 0.000000000000000000, 0.000000000000000000 ) ) ;
#527 = VERTEX_POINT ( 'NONE', #2193 ) ;
#528 = SHAPE_REPRESENTATION_RELATIONSHIP ( 'NONE' , 'NONE' ,  #497, #766 ) ;
#529 =( REPRESENTATION_RELATIONSHIP ('NONE','NONE', #1273, #497 ) REPRESENTATION_RELATIONSHIP_WITH_TRANSFORMATION ( #1974 )SHAPE_REPRESENTATION_RELATIONSHIP( ) );
#530 = CARTESIAN_POINT ( 'NONE',  ( 0.000000000000000000, 100.0000000000000000, -5.000000000000000000 ) ) ;
#531 = ORIENTED_EDGE ( 'NONE', *, *, #1179, .F. ) ;
#532 = FACE_OUTER_BOUND ( 'NONE', #1535, .T. ) ;
#533 = DIRECTION ( 'NONE',  ( -1.000000000000000000, -0.000000000000000000, -1.040834085586084503E-16 ) ) ;
#534 = EDGE_CURVE ( 'NONE', #1877, #1437, #992, .T. ) ;
#535 = ORIENTED_EDGE ( 'NONE', *, *, #2072, .F. ) ;
#536 = ADVANCED_FACE ( 'NONE', ( #1858 ), #1825, .T. ) ;
#537 = STYLED_ITEM ( 'NONE', ( #491 ), #1657 ) ;
#538 = DIRECTION ( 'NONE',  ( -0.7071067811865474617, 0.000000000000000000, 0.7071067811865475727 ) ) ;
#539 = ORIENTED_EDGE ( 'NONE', *, *, #2212, .F. ) ;
#540 = ORIENTED_EDGE ( 'NONE', *, *, #486, .T. ) ;
#541 = CIRCLE ( 'NONE', #1796, 0.9933652782897484101 ) ;
#542 = LINE ( 'NONE', #13, #268 ) ;
#543 = EDGE_LOOP ( 'NONE', ( #632, #2153 ) ) ;
#544 = PLANE ( 'NONE',  #1183 ) ;
#545 = CARTESIAN_POINT ( 'NONE',  ( 5.000000000000000000, 2.000000000000000000, -3.333333333333323711 ) ) ;
#546 = VERTEX_POINT ( 'NONE', #1181 ) ;
#547 = EDGE_CURVE ( 'NONE', #976, #2157, #639, .T. ) ;
#548 = AXIS2_PLACEMENT_3D ( 'NONE', #713, #1531, #886 ) ;
#549 = LINE ( 'NONE', #2047, #367 ) ;
#550 = EDGE_LOOP ( 'NONE', ( #4, #1594 ) ) ;
#551 = EDGE_CURVE ( 'NONE', #1677, #1900, #321, .T. ) ;
#552 = VECTOR ( 'NONE', #1654, 1000.000000000000114 ) ;
#553 = VECTOR ( 'NONE', #1053, 1000.000000000000000 ) ;
#554 = PLANE ( 'NONE',  #663 ) ;
#555 = VERTEX_POINT ( 'NONE', #1644 ) ;
#556 = PLANE ( 'NONE',  #1149 ) ;
#557 = CARTESIAN_POINT ( 'NONE',  ( 4.999999999999988454, -4.827074974741382458E-16, 6.123233995736757408E-16 ) ) ;
#558 = ORIENTED_EDGE ( 'NONE', *, *, #92, .F. ) ;
#559 = CIRCLE ( 'NONE', #1816, 2.500000000000000000 ) ;
#560 = LINE ( 'NONE', #233, #585 ) ;
#561 = VECTOR ( 'NONE', #1608, 1000.000000000000000 ) ;
#562 = MECHANICAL_DESIGN_GEOMETRIC_PRESENTATION_REPRESENTATION (  '', ( #1529 ), #1916 ) ;
#563 = VECTOR ( 'NONE', #1418, 1000.000000000000000 ) ;
#564 =( NAMED_UNIT ( * ) PLANE_ANGLE_UNIT ( ) SI_UNIT ( $, .RADIAN. ) );
#565 = ORIENTED_EDGE ( 'NONE', *, *, #137, .T. ) ;
#566 = CARTESIAN_POINT ( 'NONE',  ( 21.89486764018800002, 0.3529517190406644689, 37.75223800153348463 ) ) ;
#567 = PRODUCT ( 'Sat Body', 'Sat Body', '', ( #1810 ) ) ;
#568 = LINE ( 'NONE', #1002, #1809 ) ;
#569 = ORIENTED_EDGE ( 'NONE', *, *, #1128, .F. ) ;
#570 = DIRECTION ( 'NONE',  ( -1.000000000000000000, 0.000000000000000000, 0.000000000000000000 ) ) ;
#571 = CARTESIAN_POINT ( 'NONE',  ( -5.458002562049691249E-16, 2.000000000000000000, -5.000000000000000000 ) ) ;
#572 = LINE ( 'NONE', #1250, #999 ) ;
#573 = DIRECTION ( 'NONE',  ( -5.551115123125790591E-16, 0.000000000000000000, -1.000000000000000000 ) ) ;
#574 = AXIS2_PLACEMENT_3D ( 'NONE', #1386, #41, #2086 ) ;
#575 = CARTESIAN_POINT ( 'NONE',  ( 129.9999999999999716, 2.000000000000000000, -25.00000000000000000 ) ) ;
#576 = ORIENTED_EDGE ( 'NONE', *, *, #319, .F. ) ;
#577 = ADVANCED_FACE ( 'NONE', ( #1014 ), #619, .F. ) ;
#578 = VECTOR ( 'NONE', #1468, 1000.000000000000000 ) ;
#579 = DIRECTION ( 'NONE',  ( -1.000000000000000000, -0.000000000000000000, 0.000000000000000000 ) ) ;
#580 = VERTEX_POINT ( 'NONE', #1164 ) ;
#581 = DIRECTION ( 'NONE',  ( -0.000000000000000000, -0.000000000000000000, 1.000000000000000000 ) ) ;
#582 = PLANE ( 'NONE',  #1408 ) ;
#583 = EDGE_CURVE ( 'NONE', #735, #307, #1326, .T. ) ;
#584 = DIRECTION ( 'NONE',  ( 0.000000000000000000, 0.000000000000000000, -1.000000000000000000 ) ) ;
#585 = VECTOR ( 'NONE', #1023, 1000.000000000000000 ) ;
#586 = FACE_OUTER_BOUND ( 'NONE', #914, .T. ) ;
#587 = VECTOR ( 'NONE', #651, 1000.000000000000000 ) ;
#588 = PRODUCT_DEFINITION_SHAPE ( 'NONE', 'NONE',  #2221 ) ;
#589 = CARTESIAN_POINT ( 'NONE',  ( 5.000000000000000000, 0.000000000000000000, 0.000000000000000000 ) ) ;
#590 = CARTESIAN_POINT ( 'NONE',  ( 9.654149949482790554E-16, 10.00000000000000355, 0.000000000000000000 ) ) ;
#591 = CARTESIAN_POINT ( 'NONE',  ( -30.00000000000000711, 80.00000000000000000, -12.42640687119284770 ) ) ;
#592 = PRODUCT_DEFINITION_CONTEXT ( 'detailed design', #1486, 'design' ) ;
#593 = EDGE_LOOP ( 'NONE', ( #1977, #2035, #659, #1785 ) ) ;
#594 = CARTESIAN_POINT ( 'NONE',  ( -18.00000000000000711, 60.00000000000000711, 12.42640687119286014 ) ) ;
#595 = CARTESIAN_POINT ( 'NONE',  ( -29.10490097808402510, 9.093440688329996746, -3.564322382231127281E-15 ) ) ;
#596 = CARTESIAN_POINT ( 'NONE',  ( -30.00000000000000711, 60.00000000000000711, 12.42640687119286014 ) ) ;
#597 = CARTESIAN_POINT ( 'NONE',  ( -30.00000000000000711, 80.00000000000000000, 12.42640687119286014 ) ) ;
#598 = CARTESIAN_POINT ( 'NONE',  ( -30.00000000000000711, 38.89999999999999147, 12.42640687119286014 ) ) ;
#599 = DIRECTION ( 'NONE',  ( 1.000000000000000000, 0.000000000000000000, 0.000000000000000000 ) ) ;
#600 = LINE ( 'NONE', #610, #1599 ) ;
#601 = ORIENTED_EDGE ( 'NONE', *, *, #1803, .T. ) ;
#602 = DIRECTION ( 'NONE',  ( 0.000000000000000000, 1.000000000000000000, 0.000000000000000000 ) ) ;
#603 = EDGE_LOOP ( 'NONE', ( #1752, #1419, #2085, #1723 ) ) ;
#604 = LINE ( 'NONE', #1980, #1904 ) ;
#605 = PRODUCT_RELATED_PRODUCT_CATEGORY ( 'part', '', ( #1953 ) ) ;
#606 = DIRECTION ( 'NONE',  ( 0.000000000000000000, 0.000000000000000000, -1.000000000000000000 ) ) ;
#607 = EDGE_CURVE ( 'NONE', #1995, #735, #125, .T. ) ;
#608 = CONTEXT_DEPENDENT_SHAPE_REPRESENTATION ( #193, #222 ) ;
#609 = VECTOR ( 'NONE', #1494, 1000.000000000000000 ) ;
#610 = CARTESIAN_POINT ( 'NONE',  ( 2.599999999999999201, -10.00000000000000355, 3.184081677783117698E-16 ) ) ;
#611 = VERTEX_POINT ( 'NONE', #789 ) ;
#612 = PLANE ( 'NONE',  #922 ) ;
#613 = EDGE_LOOP ( 'NONE', ( #11, #699, #806, #1342 ) ) ;
#614 = CARTESIAN_POINT ( 'NONE',  ( -26.25000000000001066, 70.00000000000000000, 16.17640687119285658 ) ) ;
#615 = ORIENTED_EDGE ( 'NONE', *, *, #466, .T. ) ;
#616 = EDGE_CURVE ( 'NONE', #96, #1576, #1850, .T. ) ;
#617 = LINE ( 'NONE', #816, #587 ) ;
#618 = AXIS2_PLACEMENT_3D ( 'NONE', #1765, #2106, #1072 ) ;
#619 = PLANE ( 'NONE',  #1706 ) ;
#620 = EDGE_LOOP ( 'NONE', ( #1781, #950, #1454, #1586, #1911, #1749, #773, #1051, #1025, #484, #1831, #2186, #1390, #1635, #1829, #312 ) ) ;
#621 = DIRECTION ( 'NONE',  ( 0.000000000000000000, -0.000000000000000000, 1.000000000000000000 ) ) ;
#622 = EDGE_CURVE ( 'NONE', #833, #266, #880, .T. ) ;
#623 = LINE ( 'NONE', #1306, #717 ) ;
#624 = LINE ( 'NONE', #1308, #1257 ) ;
#625 = VECTOR ( 'NONE', #1276, 1000.000000000000000 ) ;
#626 = ORIENTED_EDGE ( 'NONE', *, *, #258, .F. ) ;
#627 = DIRECTION ( 'NONE',  ( 1.000000000000000000, 0.000000000000000000, 0.000000000000000000 ) ) ;
#628 = ITEM_DEFINED_TRANSFORMATION ( 'NONE', 'NONE', #84,  #1404 ) ;
#629 = CIRCLE ( 'NONE', #1891, 2.600000000000000089 ) ;
#630 = EDGE_CURVE ( 'NONE', #1230, #790, #2169, .T. ) ;
#631 = DIRECTION ( 'NONE',  ( -1.000000000000000000, 0.000000000000000000, 0.000000000000000000 ) ) ;
#632 = ORIENTED_EDGE ( 'NONE', *, *, #630, .T. ) ;
#633 = DIRECTION ( 'NONE',  ( 2.602085213965210642E-16, 0.000000000000000000, 1.000000000000000000 ) ) ;
#634 = ADVANCED_FACE ( 'NONE', ( #1353 ), #975, .T. ) ;
#635 = CARTESIAN_POINT ( 'NONE',  ( 5.000000000000000000, 100.0000000000000000, 0.000000000000000000 ) ) ;
#636 = DIRECTION ( 'NONE',  ( 0.000000000000000000, 0.000000000000000000, 1.000000000000000000 ) ) ;
#637 = VERTEX_POINT ( 'NONE', #1151 ) ;
#638 = FILL_AREA_STYLE ('',( #2166 ) ) ;
#639 = LINE ( 'NONE', #1341, #444 ) ;
#640 = EDGE_CURVE ( 'NONE', #1178, #30, #1670, .T. ) ;
#641 = ORIENTED_EDGE ( 'NONE', *, *, #121, .T. ) ;
#642 = CARTESIAN_POINT ( 'NONE',  ( 5.000000000000000000, 2.000000000000000000, -3.333333333333323711 ) ) ;
#643 = VECTOR ( 'NONE', #429, 1000.000000000000000 ) ;
#644 =( LENGTH_UNIT ( ) NAMED_UNIT ( * ) SI_UNIT ( .MILLI., .METRE. ) );
#645 = CARTESIAN_POINT ( 'NONE',  ( 0.000000000000000000, 100.0000000000000000, 0.000000000000000000 ) ) ;
#646 = CARTESIAN_POINT ( 'NONE',  ( -30.00000000000000711, 80.00000000000000000, 12.42640687119286014 ) ) ;
#647 = APPLICATION_CONTEXT ( 'automotive_design' ) ;
#648 = VERTEX_POINT ( 'NONE', #881 ) ;
#649 = CIRCLE ( 'NONE', #1909, 2.600000000000000089 ) ;
#650 = AXIS2_PLACEMENT_3D ( 'NONE', #2033, #814, #1484 ) ;
#651 = DIRECTION ( 'NONE',  ( 0.000000000000000000, 0.000000000000000000, -1.000000000000000000 ) ) ;
#652 = ADVANCED_FACE ( 'NONE', ( #892 ), #1191, .F. ) ;
#653 = DIRECTION ( 'NONE',  ( 0.000000000000000000, 1.000000000000000000, 0.000000000000000000 ) ) ;
#654 = ORIENTED_EDGE ( 'NONE', *, *, #607, .F. ) ;
#655 = LINE ( 'NONE', #2071, #1846 ) ;
#656 =( GEOMETRIC_REPRESENTATION_CONTEXT ( 3 ) GLOBAL_UNCERTAINTY_ASSIGNED_CONTEXT ( ( #772 ) ) GLOBAL_UNIT_ASSIGNED_CONTEXT ( ( #1448, #2005, #1680 ) ) REPRESENTATION_CONTEXT ( 'NONE', 'WORKASPACE' ) );
#657 = CIRCLE ( 'NONE', #548, 5.000000000000001776 ) ;
#658 = CARTESIAN_POINT ( 'NONE',  ( -10.00000000000000178, 38.90000000000000568, 5.099999999999999645 ) ) ;
#659 = ORIENTED_EDGE ( 'NONE', *, *, #1720, .F. ) ;
#660 = CARTESIAN_POINT ( 'NONE',  ( 129.9999999999999716, 0.000000000000000000, -25.00000000000000000 ) ) ;
#661 = FILL_AREA_STYLE ('',( #467 ) ) ;
#662 = VERTEX_POINT ( 'NONE', #1222 ) ;
#663 = AXIS2_PLACEMENT_3D ( 'NONE', #530, #1905, #692 ) ;
#664 = CARTESIAN_POINT ( 'NONE',  ( -3.924984558220784279E-15, 9.093440688329991417, 0.000000000000000000 ) ) ;
#665 = VECTOR ( 'NONE', #313, 1000.000000000000000 ) ;
#666 = CARTESIAN_POINT ( 'NONE',  ( 0.000000000000000000, 68.00000000000000000, -29.99999999999999645 ) ) ;
#667 = ORIENTED_EDGE ( 'NONE', *, *, #46, .T. ) ;
#668 = CARTESIAN_POINT ( 'NONE',  ( -2.600000000000000533, -10.00000000000000355, 0.000000000000000000 ) ) ;
#669 = DIRECTION ( 'NONE',  ( -0.000000000000000000, -1.000000000000000000, -0.000000000000000000 ) ) ;
#670 = CARTESIAN_POINT ( 'NONE',  ( 0.000000000000000000, 80.00000000000000000, -29.99999999999999645 ) ) ;
#671 = ORIENTED_EDGE ( 'NONE', *, *, #1212, .T. ) ;
#672 = DIRECTION ( 'NONE',  ( -1.000000000000000000, 0.000000000000000000, 0.000000000000000000 ) ) ;
#673 = EDGE_CURVE ( 'NONE', #1735, #23, #649, .T. ) ;
#674 = CARTESIAN_POINT ( 'NONE',  ( -35.00000000000000000, 20.00000000000000355, -5.000000000000000000 ) ) ;
#675 = VERTEX_POINT ( 'NONE', #196 ) ;
#676 =( LENGTH_UNIT ( ) NAMED_UNIT ( * ) SI_UNIT ( .MILLI., .METRE. ) );
#677 = CARTESIAN_POINT ( 'NONE',  ( -3.885734712638577296E-15, 9.500000000000001776, 0.000000000000000000 ) ) ;
#678 = VERTEX_POINT ( 'NONE', #2060 ) ;
#679 = CARTESIAN_POINT ( 'NONE',  ( -10.00000000000000178, 41.09999999999999432, 5.099999999999999645 ) ) ;
#680 = LINE ( 'NONE', #1802, #1637 ) ;
#681 = AXIS2_PLACEMENT_3D ( 'NONE', #1740, #1566, #2122 ) ;
#682 = ORIENTED_EDGE ( 'NONE', *, *, #466, .F. ) ;
#683 = EDGE_CURVE ( 'NONE', #2061, #1677, #2079, .T. ) ;
#684 = EDGE_LOOP ( 'NONE', ( #1075, #1851, #531, #815, #103, #1142 ) ) ;
#685 = LINE ( 'NONE', #1371, #472 ) ;
#686 = VECTOR ( 'NONE', #1092, 1000.000000000000000 ) ;
#687 = AXIS2_PLACEMENT_3D ( 'NONE', #793, #1295, #1127 ) ;
#688 = FACE_OUTER_BOUND ( 'NONE', #1379, .T. ) ;
#689 = ORIENTED_EDGE ( 'NONE', *, *, #951, .T. ) ;
#690 =( LENGTH_UNIT ( ) NAMED_UNIT ( * ) SI_UNIT ( .MILLI., .METRE. ) );
#691 = APPLICATION_CONTEXT ( 'automotive_design' ) ;
#692 = DIRECTION ( 'NONE',  ( 1.000000000000000000, 0.000000000000000000, -0.000000000000000000 ) ) ;
#693 = AXIS2_PLACEMENT_3D ( 'NONE', #1475, #2004, #2017 ) ;
#694 = ORIENTED_EDGE ( 'NONE', *, *, #1898, .T. ) ;
#695 = FACE_OUTER_BOUND ( 'NONE', #684, .T. ) ;
#696 = CARTESIAN_POINT ( 'NONE',  ( -4.999999999999994671, 10.00000000000000000, 0.000000000000000000 ) ) ;
#697 = EDGE_CURVE ( 'NONE', #937, #1374, #184, .T. ) ;
#698 = ADVANCED_FACE ( 'NONE', ( #688 ), #2090, .F. ) ;
#699 = ORIENTED_EDGE ( 'NONE', *, *, #1439, .T. ) ;
#700 = DIRECTION ( 'NONE',  ( -1.301042606982607786E-16, 0.000000000000000000, -1.000000000000000000 ) ) ;
#701 = ORIENTED_EDGE ( 'NONE', *, *, #514, .T. ) ;
#702 = EDGE_CURVE ( 'NONE', #889, #960, #515, .T. ) ;
#703 = ADVANCED_FACE ( 'NONE', ( #871 ), #1373, .T. ) ;
#704 = DIRECTION ( 'NONE',  ( -0.000000000000000000, -0.000000000000000000, 1.000000000000000000 ) ) ;
#705 = VECTOR ( 'NONE', #969, 1000.000000000000000 ) ;
#706 = ORIENTED_EDGE ( 'NONE', *, *, #1641, .F. ) ;
#707 = DIRECTION ( 'NONE',  ( 0.000000000000000000, 0.000000000000000000, 1.000000000000000000 ) ) ;
#708 = LINE ( 'NONE', #696, #1910 ) ;
#709 = ORIENTED_EDGE ( 'NONE', *, *, #583, .F. ) ;
#710 = DIRECTION ( 'NONE',  ( 9.654149949482787349E-17, 1.000000000000000000, 0.000000000000000000 ) ) ;
#711 = VERTEX_POINT ( 'NONE', #1062 ) ;
#712 = EDGE_CURVE ( 'NONE', #675, #1152, #29, .T. ) ;
#713 = CARTESIAN_POINT ( 'NONE',  ( -9.654149949482786609E-16, -10.00000000000000000, 0.000000000000000000 ) ) ;
#714 = VERTEX_POINT ( 'NONE', #1710 ) ;
#715 = DIRECTION ( 'NONE',  ( 9.654149949482787349E-17, 1.000000000000000000, -0.000000000000000000 ) ) ;
#716 = DIRECTION ( 'NONE',  ( 0.000000000000000000, 0.000000000000000000, -1.000000000000000000 ) ) ;
#717 = VECTOR ( 'NONE', #498, 1000.000000000000000 ) ;
#718 = ORIENTED_EDGE ( 'NONE', *, *, #783, .F. ) ;
#719 = EDGE_CURVE ( 'NONE', #54, #1671, #1551, .T. ) ;
#720 = DIRECTION ( 'NONE',  ( 0.5547001962252294804, -0.000000000000000000, 0.8320502943378433880 ) ) ;
#721 = EDGE_CURVE ( 'NONE', #555, #391, #1154, .T. ) ;
#722 = ORIENTED_EDGE ( 'NONE', *, *, #2056, .T. ) ;
#723 = DIRECTION ( 'NONE',  ( -0.2449949842604225991, 2.365218314921303889E-17, 0.9695243461034054322 ) ) ;
#724 = DIRECTION ( 'NONE',  ( 0.000000000000000000, 1.000000000000000000, 0.000000000000000000 ) ) ;
#725 = ORIENTED_EDGE ( 'NONE', *, *, #2103, .F. ) ;
#726 = CARTESIAN_POINT ( 'NONE',  ( -30.00000000000000711, 73.75000000000001421, 12.42640687119286014 ) ) ;
#727 = DIRECTION ( 'NONE',  ( 0.000000000000000000, -1.000000000000000000, 0.000000000000000000 ) ) ;
#728 = VERTEX_POINT ( 'NONE', #1382 ) ;
#729 = CARTESIAN_POINT ( 'NONE',  ( 130.0000000000000000, 0.000000000000000000, 24.99999999999992539 ) ) ;
#730 =( GEOMETRIC_REPRESENTATION_CONTEXT ( 3 ) GLOBAL_UNCERTAINTY_ASSIGNED_CONTEXT ( ( #2200 ) ) GLOBAL_UNIT_ASSIGNED_CONTEXT ( ( #676, #162, #1553 ) ) REPRESENTATION_CONTEXT ( 'NONE', 'WORKASPACE' ) );
#731 = FACE_OUTER_BOUND ( 'NONE', #1865, .T. ) ;
#732 = ORIENTED_EDGE ( 'NONE', *, *, #1026, .T. ) ;
#733 = VECTOR ( 'NONE', #1314, 1000.000000000000000 ) ;
#734 = LINE ( 'NONE', #944, #2174 ) ;
#735 = VERTEX_POINT ( 'NONE', #1902 ) ;
#736 = LINE ( 'NONE', #2065, #1541 ) ;
#737 = DIRECTION ( 'NONE',  ( -1.000000000000000000, 0.000000000000000000, 0.000000000000000000 ) ) ;
#738 = ORIENTED_EDGE ( 'NONE', *, *, #930, .T. ) ;
#739 = VECTOR ( 'NONE', #1557, 1000.000000000000000 ) ;
#740 = LINE ( 'NONE', #1580, #1372 ) ;
#741 = CIRCLE ( 'NONE', #1999, 0.5000000000000004441 ) ;
#742 = VERTEX_POINT ( 'NONE', #1736 ) ;
#743 = PRESENTATION_LAYER_ASSIGNMENT (  '', '', ( #1529 ) ) ;
#744 = FACE_OUTER_BOUND ( 'NONE', #1285, .T. ) ;
#745 = EDGE_LOOP ( 'NONE', ( #1388, #1031, #1078, #732 ) ) ;
#746 = EDGE_CURVE ( 'NONE', #993, #192, #549, .T. ) ;
#747 = PRODUCT ( 'Dish P2', 'Dish P2', '', ( #1324 ) ) ;
#748 = DIRECTION ( 'NONE',  ( 1.445602896647339348E-17, -1.000000000000000000, -0.000000000000000000 ) ) ;
#749 = VERTEX_POINT ( 'NONE', #1914 ) ;
#750 = LINE ( 'NONE', #1430, #2015 ) ;
#751 = DIRECTION ( 'NONE',  ( -2.602085213965210642E-16, 0.000000000000000000, -1.000000000000000000 ) ) ;
#752 = CARTESIAN_POINT ( 'NONE',  ( -9.654149949482792526E-16, -10.00000000000000355, 0.000000000000000000 ) ) ;
#753 = DIRECTION ( 'NONE',  ( -0.8320502943378439431, 0.000000000000000000, -0.5547001962252288143 ) ) ;
#754 = AXIS2_PLACEMENT_3D ( 'NONE', #1209, #200, #1896 ) ;
#755 = DIRECTION ( 'NONE',  ( 0.000000000000000000, 1.000000000000000000, 0.000000000000000000 ) ) ;
#756 =( NAMED_UNIT ( * ) SI_UNIT ( $, .STERADIAN. ) SOLID_ANGLE_UNIT ( ) );
#757 = PRODUCT_DEFINITION_SHAPE ( 'NONE', 'NONE',  #2012 ) ;
#758 = VECTOR ( 'NONE', #913, 1000.000000000000000 ) ;
#759 = PLANE ( 'NONE',  #1090 ) ;
#760 = ORIENTED_EDGE ( 'NONE', *, *, #1128, .T. ) ;
#761 = CIRCLE ( 'NONE', #2019, 2.600000000000000089 ) ;
#762 = DIRECTION ( 'NONE',  ( -0.000000000000000000, 1.000000000000000000, -0.000000000000000000 ) ) ;
#763 = CARTESIAN_POINT ( 'NONE',  ( -30.00000000000000711, 63.75000000000000000, 12.42640687119286014 ) ) ;
#764 = PLANE ( 'NONE',  #687 ) ;
#765 = EDGE_CURVE ( 'NONE', #1507, #678, #1435, .T. ) ;
#766 = ADVANCED_BREP_SHAPE_REPRESENTATION ( '', ( #926, #1404 ), #730 ) ;
#767 =( REPRESENTATION_RELATIONSHIP ('NONE','NONE', #1273, #1199 ) REPRESENTATION_RELATIONSHIP_WITH_TRANSFORMATION ( #1632 )SHAPE_REPRESENTATION_RELATIONSHIP( ) );
#768 = CARTESIAN_POINT ( 'NONE',  ( -0.9933652782897470779, 39.11500184297825200, 1.216521608441658432E-16 ) ) ;
#769 = AXIS2_PLACEMENT_3D ( 'NONE', #566, #1788, #599 ) ;
#770 =( NAMED_UNIT ( * ) SI_UNIT ( $, .STERADIAN. ) SOLID_ANGLE_UNIT ( ) );
#771 = CARTESIAN_POINT ( 'NONE',  ( 28.81385196830317597, 9.499999999999998224, 0.000000000000000000 ) ) ;
#772 = UNCERTAINTY_MEASURE_WITH_UNIT (LENGTH_MEASURE( 1.000000000000000082E-05 ), #1448, 'distance_accuracy_value', 'NONE');
#773 = ORIENTED_EDGE ( 'NONE', *, *, #1777, .T. ) ;
#774 = DIRECTION ( 'NONE',  ( 0.000000000000000000, 0.000000000000000000, 1.000000000000000000 ) ) ;
#775 = DIRECTION ( 'NONE',  ( -0.7071067811865474617, 0.000000000000000000, 0.7071067811865475727 ) ) ;
#776 = DIRECTION ( 'NONE',  ( 0.5547001962252288143, 0.000000000000000000, -0.8320502943378439431 ) ) ;
#777 = ORIENTED_EDGE ( 'NONE', *, *, #622, .F. ) ;
#778 = AXIS2_PLACEMENT_3D ( 'NONE', #594, #252, #241 ) ;
#779 = CARTESIAN_POINT ( 'NONE',  ( 5.000000000000000000, 100.0000000000000000, -5.000000000000000000 ) ) ;
#780 = APPLICATION_PROTOCOL_DEFINITION ( 'draft international standard', 'automotive_design', 1998, #1115 ) ;
#781 = CARTESIAN_POINT ( 'NONE',  ( -35.00000000000000000, 20.00000000000000355, -5.000000000000000000 ) ) ;
#782 = CARTESIAN_POINT ( 'NONE',  ( -4.999999999999989342, 0.000000000000000000, 32.00000000000000711 ) ) ;
#783 = EDGE_CURVE ( 'NONE', #749, #351, #1745, .T. ) ;
#784 = VERTEX_POINT ( 'NONE', #1869 ) ;
#785 = PLANE ( 'NONE',  #1549 ) ;
#786 = PRESENTATION_STYLE_ASSIGNMENT (( #1512 ) ) ;
#787 = ADVANCED_FACE ( 'NONE', ( #204 ), #1526, .T. ) ;
#788 = VECTOR ( 'NONE', #120, 1000.000000000000114 ) ;
#789 = CARTESIAN_POINT ( 'NONE',  ( 2.600000000000000977, 10.00000000000000355, 3.184081677783119177E-16 ) ) ;
#790 = VERTEX_POINT ( 'NONE', #1539 ) ;
#791 = FACE_OUTER_BOUND ( 'NONE', #2135, .T. ) ;
#792 = DIRECTION ( 'NONE',  ( 1.301042606982607539E-16, 0.000000000000000000, 1.000000000000000000 ) ) ;
#793 = CARTESIAN_POINT ( 'NONE',  ( -12.42640687119286547, 80.00000000000000000, -29.99999999999999289 ) ) ;
#794 = AXIS2_PLACEMENT_3D ( 'NONE', #1648, #1958, #2156 ) ;
#795 = ORIENTED_EDGE ( 'NONE', *, *, #1423, .F. ) ;
#796 = VECTOR ( 'NONE', #911, 1000.000000000000000 ) ;
#797 = APPLICATION_PROTOCOL_DEFINITION ( 'draft international standard', 'automotive_design', 1998, #647 ) ;
#798 = DIRECTION ( 'NONE',  ( -1.000000000000000000, 0.000000000000000000, 1.395997647556734910E-16 ) ) ;
#799 = ORIENTED_EDGE ( 'NONE', *, *, #1320, .F. ) ;
#800 = DIRECTION ( 'NONE',  ( -1.000000000000000000, 0.000000000000000000, 2.602085213965210642E-16 ) ) ;
#801 = DIRECTION ( 'NONE',  ( 0.7071067811865474617, -0.000000000000000000, 0.7071067811865474617 ) ) ;
#802 = EDGE_LOOP ( 'NONE', ( #388, #694 ) ) ;
#803 = CARTESIAN_POINT ( 'NONE',  ( -30.00000000000000711, 66.25000000000000000, 12.42640687119286014 ) ) ;
#804 = SPHERICAL_SURFACE ( 'NONE', #650, 50.00000000000000000 ) ;
#805 = APPLICATION_CONTEXT ( 'automotive_design' ) ;
#806 = ORIENTED_EDGE ( 'NONE', *, *, #1020, .T. ) ;
#807 =( NAMED_UNIT ( * ) PLANE_ANGLE_UNIT ( ) SI_UNIT ( $, .RADIAN. ) );
#808 = CARTESIAN_POINT ( 'NONE',  ( -18.00000000000000711, 10.00000000000000000, -5.000000000000003553 ) ) ;
#809 = EDGE_LOOP ( 'NONE', ( #489, #264, #1502, #565 ) ) ;
#810 = DIRECTION ( 'NONE',  ( 0.000000000000000000, -1.000000000000000000, -1.734723475976806848E-16 ) ) ;
#811 = CARTESIAN_POINT ( 'NONE',  ( -30.00000000000000711, 80.00000000000000000, -4.999999999999979572 ) ) ;
#812 = ORIENTED_EDGE ( 'NONE', *, *, #1407, .F. ) ;
#813 = CARTESIAN_POINT ( 'NONE',  ( 0.000000000000000000, 100.0000000000000000, 0.000000000000000000 ) ) ;
#814 = DIRECTION ( 'NONE',  ( 0.000000000000000000, 0.000000000000000000, -1.000000000000000000 ) ) ;
#815 = ORIENTED_EDGE ( 'NONE', *, *, #235, .F. ) ;
#816 = CARTESIAN_POINT ( 'NONE',  ( 5.000000000000000000, 100.0000000000000000, 0.000000000000000000 ) ) ;
#817 = APPLICATION_PROTOCOL_DEFINITION ( 'draft international standard', 'automotive_design', 1998, #882 ) ;
#818 = CARTESIAN_POINT ( 'NONE',  ( -5.458002562049691249E-16, 2.000000000000000000, -5.000000000000000000 ) ) ;
#819 = ORIENTED_EDGE ( 'NONE', *, *, #377, .F. ) ;
#820 = FILL_AREA_STYLE ('',( #1174 ) ) ;
#821 = VECTOR ( 'NONE', #1508, 1000.000000000000000 ) ;
#822 = DIRECTION ( 'NONE',  ( 1.000000000000000000, 0.000000000000000000, -0.000000000000000000 ) ) ;
#823 = ORIENTED_EDGE ( 'NONE', *, *, #1439, .F. ) ;
#824 = CARTESIAN_POINT ( 'NONE',  ( -27.80330085889911373, 66.25000000000000000, 14.62310601229375528 ) ) ;
#825 = CARTESIAN_POINT ( 'NONE',  ( 29.99999999999999645, 2.000000000000000000, -20.00000000000001066 ) ) ;
#826 = UNCERTAINTY_MEASURE_WITH_UNIT (LENGTH_MEASURE( 1.000000000000000082E-05 ), #422, 'distance_accuracy_value', 'NONE');
#827 = ORIENTED_EDGE ( 'NONE', *, *, #1960, .F. ) ;
#828 = MECHANICAL_DESIGN_GEOMETRIC_PRESENTATION_REPRESENTATION (  '', ( #537 ), #946 ) ;
#829 = CARTESIAN_POINT ( 'NONE',  ( 5.000000000000000000, 0.000000000000000000, -3.333333333333323711 ) ) ;
#830 = EDGE_LOOP ( 'NONE', ( #899, #1984, #2124, #1247 ) ) ;
#831 = AXIS2_PLACEMENT_3D ( 'NONE', #1089, #723, #1426 ) ;
#832 = DIRECTION ( 'NONE',  ( -1.000000000000000000, 9.654149949482787349E-17, 0.000000000000000000 ) ) ;
#833 = VERTEX_POINT ( 'NONE', #1399 ) ;
#834 = LINE ( 'NONE', #813, #1434 ) ;
#835 = EDGE_CURVE ( 'NONE', #1950, #1176, #2117, .T. ) ;
#836 = ORIENTED_EDGE ( 'NONE', *, *, #1821, .T. ) ;
#837 = EDGE_CURVE ( 'NONE', #130, #1421, #387, .T. ) ;
#838 = ORIENTED_EDGE ( 'NONE', *, *, #280, .T. ) ;
#839 = ADVANCED_FACE ( 'NONE', ( #1973, #1962 ), #1797, .T. ) ;
#840 = VECTOR ( 'NONE', #2159, 1000.000000000000000 ) ;
#841 = CIRCLE ( 'NONE', #1633, 3.749999999999998224 ) ;
#842 = SPHERICAL_SURFACE ( 'NONE', #2054, 1.000000000000029532 ) ;
#843 = CIRCLE ( 'NONE', #1350, 2.500000000000000444 ) ;
#844 = CARTESIAN_POINT ( 'NONE',  ( -5.458002562049691249E-16, 2.000000000000000000, -5.000000000000000000 ) ) ;
#845 = ORIENTED_EDGE ( 'NONE', *, *, #1059, .T. ) ;
#846 = AXIS2_PLACEMENT_3D ( 'NONE', #590, #2104, #1935 ) ;
#847 = LINE ( 'NONE', #635, #451 ) ;
#848 = EDGE_LOOP ( 'NONE', ( #1126, #60, #1393, #906 ) ) ;
#849 = DIRECTION ( 'NONE',  ( -1.000000000000000000, 0.000000000000000000, 0.000000000000000000 ) ) ;
#850 = DIRECTION ( 'NONE',  ( -1.000000000000000000, 0.000000000000000000, 0.000000000000000000 ) ) ;
#851 = CIRCLE ( 'NONE', #170, 3.749999999999998224 ) ;
#852 = AXIS2_PLACEMENT_3D ( 'NONE', #934, #947, #1104 ) ;
#853 = ORIENTED_EDGE ( 'NONE', *, *, #298, .T. ) ;
#854 = DIRECTION ( 'NONE',  ( -0.000000000000000000, -1.000000000000000000, -0.000000000000000000 ) ) ;
#855 = EDGE_CURVE ( 'NONE', #460, #1840, #213, .T. ) ;
#856 = DIRECTION ( 'NONE',  ( 1.000000000000000000, -1.387778780781445676E-16, 0.000000000000000000 ) ) ;
#857 = EDGE_LOOP ( 'NONE', ( #1579, #1238, #1411, #884 ) ) ;
#858 = CARTESIAN_POINT ( 'NONE',  ( -35.00000000000000000, 70.00000000000000000, 16.17640687119285658 ) ) ;
#859 = FACE_OUTER_BOUND ( 'NONE', #1327, .T. ) ;
#860 = VERTEX_POINT ( 'NONE', #575 ) ;
#861 = DIRECTION ( 'NONE',  ( 1.781968836849767451E-16, 0.000000000000000000, 1.000000000000000000 ) ) ;
#862 = CARTESIAN_POINT ( 'NONE',  ( -3.924984558220784279E-15, 9.093440688329991417, 0.000000000000000000 ) ) ;
#863 = VECTOR ( 'NONE', #669, 1000.000000000000000 ) ;
#864 = ORIENTED_EDGE ( 'NONE', *, *, #1427, .T. ) ;
#865 = VECTOR ( 'NONE', #1213, 1000.000000000000114 ) ;
#866 = VECTOR ( 'NONE', #1268, 1000.000000000000000 ) ;
#867 = EDGE_CURVE ( 'NONE', #1754, #116, #1593, .T. ) ;
#868 = EDGE_CURVE ( 'NONE', #910, #889, #1101, .T. ) ;
#869 = EDGE_CURVE ( 'NONE', #2118, #2157, #238, .T. ) ;
#870 = AXIS2_PLACEMENT_3D ( 'NONE', #949, #1461, #243 ) ;
#871 = FACE_OUTER_BOUND ( 'NONE', #1979, .T. ) ;
#872 = EDGE_LOOP ( 'NONE', ( #519, #139, #2003, #558 ) ) ;
#873 = CARTESIAN_POINT ( 'NONE',  ( -30.00000000000000711, 56.25000000000001421, 12.42640687119286014 ) ) ;
#874 = CIRCLE ( 'NONE', #988, 50.00000000000000000 ) ;
#875 = ORIENTED_EDGE ( 'NONE', *, *, #1150, .F. ) ;
#876 = CARTESIAN_POINT ( 'NONE',  ( 1.069181302109860392E-14, 80.00000000000000000, 30.00000000000000711 ) ) ;
#877 = LINE ( 'NONE', #2076, #1530 ) ;
#878 = CIRCLE ( 'NONE', #303, 50.00000000000000000 ) ;
#879 = ORIENTED_EDGE ( 'NONE', *, *, #891, .T. ) ;
#880 =( BOUNDED_CURVE ( )  B_SPLINE_CURVE ( 3, ( #1517, #311, #138, #2204 ),
 .UNSPECIFIED., .F., .T. ) 
 B_SPLINE_CURVE_WITH_KNOTS ( ( 4, 4 ),
 ( 3.141592653589793116, 4.712388980384689674 ),
 .UNSPECIFIED. ) 
 CURVE ( )  GEOMETRIC_REPRESENTATION_ITEM ( )  RATIONAL_B_SPLINE_CURVE ( ( 1.000000000000000000, 0.8047378541243649375, 0.8047378541243649375, 1.000000000000000000 ) ) 
 REPRESENTATION_ITEM ( '' )  );
#881 = CARTESIAN_POINT ( 'NONE',  ( -35.00000000000000000, 10.00000000000000178, 4.999999999999998224 ) ) ;
#882 = APPLICATION_CONTEXT ( 'automotive_design' ) ;
#883 = CARTESIAN_POINT ( 'NONE',  ( -9.654149949482792526E-16, -10.00000000000000355, 0.000000000000000000 ) ) ;
#884 = ORIENTED_EDGE ( 'NONE', *, *, #72, .F. ) ;
#885 = SHAPE_REPRESENTATION_RELATIONSHIP ( 'NONE' , 'NONE' ,  #1199, #2077 ) ;
#886 = DIRECTION ( 'NONE',  ( -1.000000000000000000, 0.000000000000000000, 0.000000000000000000 ) ) ;
#887 = FACE_OUTER_BOUND ( 'NONE', #1826, .T. ) ;
#888 = DIRECTION ( 'NONE',  ( -1.000000000000000000, 1.192049048566118335E-16, 0.000000000000000000 ) ) ;
#889 = VERTEX_POINT ( 'NONE', #598 ) ;
#890 = EDGE_CURVE ( 'NONE', #790, #1230, #1204, .T. ) ;
#891 = EDGE_CURVE ( 'NONE', #1022, #648, #59, .T. ) ;
#892 = FACE_OUTER_BOUND ( 'NONE', #479, .T. ) ;
#893 = ORIENTED_EDGE ( 'NONE', *, *, #46, .F. ) ;
#894 = DIRECTION ( 'NONE',  ( 0.000000000000000000, 0.000000000000000000, 1.000000000000000000 ) ) ;
#895 = CARTESIAN_POINT ( 'NONE',  ( -30.00000000000000711, 70.00000000000000000, 12.42640687119286014 ) ) ;
#896 = VERTEX_POINT ( 'NONE', #902 ) ;
#897 = FACE_OUTER_BOUND ( 'NONE', #1895, .T. ) ;
#898 = DIRECTION ( 'NONE',  ( 0.7071067811865474617, 0.000000000000000000, 0.7071067811865474617 ) ) ;
#899 = ORIENTED_EDGE ( 'NONE', *, *, #890, .F. ) ;
#900 = CARTESIAN_POINT ( 'NONE',  ( -28.81385196830318307, 10.00000000000000711, 3.546500770319970465E-15 ) ) ;
#901 = TOROIDAL_SURFACE ( 'NONE', #974, -224.5833333333331439, 227.0833333333331723 ) ;
#902 = CARTESIAN_POINT ( 'NONE',  ( 28.81385196830317597, 10.00000000000000000, 0.000000000000000000 ) ) ;
#903 = DIRECTION ( 'NONE',  ( -0.9999999999999998890, -7.698011620165562325E-18, 1.665334536937734811E-16 ) ) ;
#904 = MANIFOLD_SOLID_BREP ( 'Boss-Extrude1', #231 ) ;
#905 = DIRECTION ( 'NONE',  ( -1.000000000000000000, 0.000000000000000000, 0.000000000000000000 ) ) ;
#906 = ORIENTED_EDGE ( 'NONE', *, *, #1821, .F. ) ;
#907 = PLANE ( 'NONE',  #574 ) ;
#908 = FACE_OUTER_BOUND ( 'NONE', #1524, .T. ) ;
#909 = PRODUCT_DEFINITION_SHAPE ( 'NONE', 'NONE',  #2215 ) ;
#910 = VERTEX_POINT ( 'NONE', #2141 ) ;
#911 = DIRECTION ( 'NONE',  ( -0.000000000000000000, -1.000000000000000000, -0.000000000000000000 ) ) ;
#912 = ADVANCED_FACE ( 'NONE', ( #731, #1120 ), #1948, .F. ) ;
#913 = DIRECTION ( 'NONE',  ( 1.000000000000000000, 8.673617379884035472E-17, -0.000000000000000000 ) ) ;
#914 = EDGE_LOOP ( 'NONE', ( #175, #1354, #1469, #1663, #864, #1336, #1331, #185, #667, #1862 ) ) ;
#915 = SHAPE_REPRESENTATION_RELATIONSHIP ( 'NONE' , 'NONE' ,  #1664, #248 ) ;
#916 = CARTESIAN_POINT ( 'NONE',  ( 12.42640687119284593, 80.00000000000000000, -29.99999999999999645 ) ) ;
#917 = ORIENTED_EDGE ( 'NONE', *, *, #1606, .T. ) ;
#918 = PLANE ( 'NONE',  #363 ) ;
#919 = DIRECTION ( 'NONE',  ( -1.000000000000000000, 0.000000000000000000, 0.000000000000000000 ) ) ;
#920 = ADVANCED_FACE ( 'NONE', ( #744 ), #259, .F. ) ;
#921 = ORIENTED_EDGE ( 'NONE', *, *, #129, .T. ) ;
#922 = AXIS2_PLACEMENT_3D ( 'NONE', #1479, #958, #1492 ) ;
#923 = DIRECTION ( 'NONE',  ( 0.000000000000000000, 0.000000000000000000, 1.000000000000000000 ) ) ;
#924 = AXIS2_PLACEMENT_3D ( 'NONE', #1279, #1778, #1621 ) ;
#925 = AXIS2_PLACEMENT_3D ( 'NONE', #413, #1965, #1111 ) ;
#926 = MANIFOLD_SOLID_BREP ( 'Cut-Extrude4', #1774 ) ;
#927 = DIRECTION ( 'NONE',  ( 0.000000000000000000, 0.000000000000000000, 1.000000000000000000 ) ) ;
#928 = PRODUCT_DEFINITION_SHAPE ( 'NONE', 'NONE',  #2216 ) ;
#929 = EDGE_CURVE ( 'NONE', #2108, #1727, #1000, .T. ) ;
#930 = EDGE_CURVE ( 'NONE', #54, #1323, #410, .T. ) ;
#931 = DIRECTION ( 'NONE',  ( 9.654149949482787349E-17, 1.000000000000000000, -0.000000000000000000 ) ) ;
#932 = PRODUCT_DEFINITION_CONTEXT ( 'detailed design', #1611, 'design' ) ;
#933 = ORIENTED_EDGE ( 'NONE', *, *, #1872, .F. ) ;
#934 = CARTESIAN_POINT ( 'NONE',  ( 1.258312158810909859E-15, 2.000000000000000000, 5.000000000000000000 ) ) ;
#935 = CARTESIAN_POINT ( 'NONE',  ( -27.80330085889911373, 63.75000000000000000, 14.62310601229375173 ) ) ;
#936 = CARTESIAN_POINT ( 'NONE',  ( 0.000000000000000000, 100.0000000000000000, 0.000000000000000000 ) ) ;
#937 = VERTEX_POINT ( 'NONE', #146 ) ;
#938 = VECTOR ( 'NONE', #82, 1000.000000000000000 ) ;
#939 = EDGE_CURVE ( 'NONE', #784, #1656, #1766, .T. ) ;
#940 = CARTESIAN_POINT ( 'NONE',  ( -26.42870152576725573, 80.00000000000000000, 15.99770534542561329 ) ) ;
#941 = PRODUCT_RELATED_PRODUCT_CATEGORY ( 'part', '', ( #255 ) ) ;
#942 = PRODUCT_DEFINITION_SHAPE ( 'NONE', 'NONE',  #1775 ) ;
#943 = AXIS2_PLACEMENT_3D ( 'NONE', #1570, #1202, #700 ) ;
#944 = CARTESIAN_POINT ( 'NONE',  ( -30.00000000000000711, 80.00000000000000000, -12.42640687119284770 ) ) ;
#945 = VERTEX_POINT ( 'NONE', #269 ) ;
#946 =( GEOMETRIC_REPRESENTATION_CONTEXT ( 3 ) GLOBAL_UNCERTAINTY_ASSIGNED_CONTEXT ( ( #317 ) ) GLOBAL_UNIT_ASSIGNED_CONTEXT ( ( #2025, #2140, #1855 ) ) REPRESENTATION_CONTEXT ( 'NONE', 'WORKASPACE' ) );
#947 = DIRECTION ( 'NONE',  ( 0.5547001962252290364, 0.000000000000000000, -0.8320502943378438321 ) ) ;
#948 = ORIENTED_EDGE ( 'NONE', *, *, #1346, .F. ) ;
#949 = CARTESIAN_POINT ( 'NONE',  ( 0.000000000000000000, 0.000000000000000000, 0.000000000000000000 ) ) ;
#950 = ORIENTED_EDGE ( 'NONE', *, *, #1872, .T. ) ;
#951 = EDGE_CURVE ( 'NONE', #1169, #49, #878, .T. ) ;
#952 = VECTOR ( 'NONE', #2023, 1000.000000000000000 ) ;
#953 = CARTESIAN_POINT ( 'NONE',  ( -30.00000000000000711, 80.00000000000000000, -12.42640687119284770 ) ) ;
#954 = EDGE_CURVE ( 'NONE', #423, #1576, #457, .T. ) ;
#955 = SHAPE_DEFINITION_REPRESENTATION ( #2112, #1199 ) ;
#956 = DIRECTION ( 'NONE',  ( -1.000000000000000000, 0.000000000000000000, 1.395997647556734910E-16 ) ) ;
#957 = ORIENTED_EDGE ( 'NONE', *, *, #393, .T. ) ;
#958 = DIRECTION ( 'NONE',  ( 0.000000000000000000, 3.469446951953613203E-16, -1.000000000000000000 ) ) ;
#959 = AXIS2_PLACEMENT_3D ( 'NONE', #507, #370, #1080 ) ;
#960 = VERTEX_POINT ( 'NONE', #1668 ) ;
#961 = DIRECTION ( 'NONE',  ( -0.000000000000000000, -1.000000000000000000, -0.000000000000000000 ) ) ;
#962 = AXIS2_PLACEMENT_3D ( 'NONE', #274, #800, #633 ) ;
#963 = ADVANCED_FACE ( 'NONE', ( #1298 ), #1466, .T. ) ;
#964 = SURFACE_SIDE_STYLE ('',( #2027 ) ) ;
#965 = AXIS2_PLACEMENT_3D ( 'NONE', #994, #1458, #127 ) ;
#966 = LINE ( 'NONE', #473, #840 ) ;
#967 = ORIENTED_EDGE ( 'NONE', *, *, #279, .T. ) ;
#968 = CARTESIAN_POINT ( 'NONE',  ( -10.00000000000000178, 41.09999999999999432, 5.099999999999999645 ) ) ;
#969 = DIRECTION ( 'NONE',  ( -0.000000000000000000, -1.000000000000000000, -0.000000000000000000 ) ) ;
#970 = CARTESIAN_POINT ( 'NONE',  ( -30.00000000000000711, 20.00000000000000355, -5.000000000000000000 ) ) ;
#971 = EDGE_LOOP ( 'NONE', ( #211, #795 ) ) ;
#972 = VERTEX_POINT ( 'NONE', #829 ) ;
#973 = APPLICATION_PROTOCOL_DEFINITION ( 'draft international standard', 'automotive_design', 1998, #1380 ) ;
#974 = AXIS2_PLACEMENT_3D ( 'NONE', #1357, #315, #164 ) ;
#975 = CYLINDRICAL_SURFACE ( 'NONE', #256, 3.749999999999998224 ) ;
#976 = VERTEX_POINT ( 'NONE', #1848 ) ;
#977 = PRESENTATION_STYLE_ASSIGNMENT (( #97 ) ) ;
#978 = SURFACE_SIDE_STYLE ('',( #152 ) ) ;
#979 = ORIENTED_EDGE ( 'NONE', *, *, #1971, .F. ) ;
#980 = CARTESIAN_POINT ( 'NONE',  ( -30.00000000000000711, 41.09999999999998721, 12.42640687119286014 ) ) ;
#981 = FACE_OUTER_BOUND ( 'NONE', #2081, .T. ) ;
#982 = VECTOR ( 'NONE', #1131, 1000.000000000000000 ) ;
#983 = EDGE_CURVE ( 'NONE', #1928, #2113, #874, .T. ) ;
#984 = CIRCLE ( 'NONE', #1947, 3.749999999999996447 ) ;
#985 = ORIENTED_EDGE ( 'NONE', *, *, #765, .F. ) ;
#986 = EDGE_CURVE ( 'NONE', #2061, #1152, #1652, .T. ) ;
#987 = ADVANCED_FACE ( 'NONE', ( #2158 ), #1833, .T. ) ;
#988 = AXIS2_PLACEMENT_3D ( 'NONE', #1679, #282, #627 ) ;
#989 = DIRECTION ( 'NONE',  ( 9.654149949482787349E-17, 1.000000000000000000, 0.000000000000000000 ) ) ;
#990 = AXIS2_PLACEMENT_3D ( 'NONE', #1438, #1584, #1622 ) ;
#991 = SHAPE_DEFINITION_REPRESENTATION ( #1264, #497 ) ;
#992 = LINE ( 'NONE', #2028, #552 ) ;
#993 = VERTEX_POINT ( 'NONE', #135 ) ;
#994 = CARTESIAN_POINT ( 'NONE',  ( -18.00000000000000711, 20.00000000000000355, -5.000000000000000000 ) ) ;
#995 =( NAMED_UNIT ( * ) PLANE_ANGLE_UNIT ( ) SI_UNIT ( $, .RADIAN. ) );
#996 = CARTESIAN_POINT ( 'NONE',  ( 1.258312158810909859E-15, 2.000000000000000000, 5.000000000000000000 ) ) ;
#997 = CARTESIAN_POINT ( 'NONE',  ( 0.000000000000000000, 39.11500184297825200, 0.000000000000000000 ) ) ;
#998 = EDGE_LOOP ( 'NONE', ( #2078, #1814 ) ) ;
#999 = VECTOR ( 'NONE', #1943, 1000.000000000000000 ) ;
#1000 = LINE ( 'NONE', #124, #1662 ) ;
#1001 = APPLICATION_PROTOCOL_DEFINITION ( 'draft international standard', 'automotive_design', 1998, #1725 ) ;
#1002 = CARTESIAN_POINT ( 'NONE',  ( 3.061616997868383634E-16, 0.000000000000000000, 2.500000000000000444 ) ) ;
#1003 =( REPRESENTATION_RELATIONSHIP ('NONE','NONE', #1273, #1199 ) REPRESENTATION_RELATIONSHIP_WITH_TRANSFORMATION ( #628 )SHAPE_REPRESENTATION_RELATIONSHIP( ) );
#1004 = ORIENTED_EDGE ( 'NONE', *, *, #1777, .F. ) ;
#1005 = PLANE ( 'NONE',  #2034 ) ;
#1006 = ORIENTED_EDGE ( 'NONE', *, *, #279, .F. ) ;
#1007 = LINE ( 'NONE', #1703, #952 ) ;
#1008 = VERTEX_POINT ( 'NONE', #1990 ) ;
#1009 = CARTESIAN_POINT ( 'NONE',  ( -9.654149949482786609E-16, -10.00000000000000000, 0.000000000000000000 ) ) ;
#1010 = CARTESIAN_POINT ( 'NONE',  ( -24.90000000000000568, 0.000000000000000000, 0.000000000000000000 ) ) ;
#1011 = ORIENTED_EDGE ( 'NONE', *, *, #1923, .F. ) ;
#1012 = DIRECTION ( 'NONE',  ( 1.224646799147353207E-16, -0.000000000000000000, 1.000000000000000000 ) ) ;
#1013 = VECTOR ( 'NONE', #1853, 1000.000000000000000 ) ;
#1014 = FACE_OUTER_BOUND ( 'NONE', #1540, .T. ) ;
#1015 = ORIENTED_EDGE ( 'NONE', *, *, #280, .F. ) ;
#1016 =( LENGTH_UNIT ( ) NAMED_UNIT ( * ) SI_UNIT ( .MILLI., .METRE. ) );
#1017 = PRODUCT_DEFINITION ( 'UNKNOWN', '', #2089, #932 ) ;
#1018 = DIRECTION ( 'NONE',  ( 0.000000000000000000, 0.000000000000000000, 1.000000000000000000 ) ) ;
#1019 = CARTESIAN_POINT ( 'NONE',  ( -26.25000000000001066, 70.00000000000000000, 16.17640687119285658 ) ) ;
#1020 = EDGE_CURVE ( 'NONE', #662, #460, #617, .T. ) ;
#1021 = CARTESIAN_POINT ( 'NONE',  ( 5.000000000000000888, 2.000000000000000000, 3.333333333333332149 ) ) ;
#1022 = VERTEX_POINT ( 'NONE', #1497 ) ;
#1023 = DIRECTION ( 'NONE',  ( 1.000000000000000000, 0.000000000000000000, -6.591949208711866959E-16 ) ) ;
#1024 = CARTESIAN_POINT ( 'NONE',  ( -12.42640687119286191, 0.000000000000000000, 30.00000000000000711 ) ) ;
#1025 = ORIENTED_EDGE ( 'NONE', *, *, #1398, .T. ) ;
#1026 = EDGE_CURVE ( 'NONE', #860, #1429, #1313, .T. ) ;
#1027 = AXIS2_PLACEMENT_3D ( 'NONE', #1936, #1595, #38 ) ;
#1028 = DIRECTION ( 'NONE',  ( 0.000000000000000000, 0.000000000000000000, 1.000000000000000000 ) ) ;
#1029 = DIRECTION ( 'NONE',  ( -1.000000000000000000, 0.000000000000000000, 0.000000000000000000 ) ) ;
#1030 = CARTESIAN_POINT ( 'NONE',  ( -9.654149949482792526E-16, -10.00000000000000355, 0.000000000000000000 ) ) ;
#1031 = ORIENTED_EDGE ( 'NONE', *, *, #867, .F. ) ;
#1032 = EDGE_CURVE ( 'NONE', #711, #611, #1162, .T. ) ;
#1033 = CIRCLE ( 'NONE', #1409, 3.749999999999996447 ) ;
#1034 = DIRECTION ( 'NONE',  ( 0.000000000000000000, 0.000000000000000000, 1.000000000000000000 ) ) ;
#1035 = CONTEXT_DEPENDENT_SHAPE_REPRESENTATION ( #1563, #588 ) ;
#1036 = CARTESIAN_POINT ( 'NONE',  ( 0.000000000000000000, 13.00000000000000888, 224.5833333333331439 ) ) ;
#1037 = ORIENTED_EDGE ( 'NONE', *, *, #1465, .T. ) ;
#1038 = COLOUR_RGB ( '',0.7921568627450980005, 0.8196078431372548767, 0.9333333333333333481 ) ;
#1039 = CARTESIAN_POINT ( 'NONE',  ( -10.00000000000000178, 38.90000000000000568, -5.099999999999999645 ) ) ;
#1040 = AXIS2_PLACEMENT_3D ( 'NONE', #50, #1954, #2107 ) ;
#1041 = ORIENTED_EDGE ( 'NONE', *, *, #2103, .T. ) ;
#1042 = CARTESIAN_POINT ( 'NONE',  ( -10.00000000000000178, 38.90000000000000568, -5.099999999999999645 ) ) ;
#1043 = ORIENTED_EDGE ( 'NONE', *, *, #1713, .F. ) ;
#1044 = CARTESIAN_POINT ( 'NONE',  ( -26.25000000000001066, 70.00000000000000000, 16.17640687119285658 ) ) ;
#1045 = CARTESIAN_POINT ( 'NONE',  ( 130.0000000000000000, 0.000000000000000000, 24.99999999999992539 ) ) ;
#1046 = EDGE_CURVE ( 'NONE', #1613, #546, #1857, .T. ) ;
#1047 = EDGE_LOOP ( 'NONE', ( #1223, #1543, #823, #1281 ) ) ;
#1048 = EDGE_CURVE ( 'NONE', #443, #1877, #2203, .T. ) ;
#1049 = LINE ( 'NONE', #729, #221 ) ;
#1050 = DIRECTION ( 'NONE',  ( 0.000000000000000000, 0.000000000000000000, -1.000000000000000000 ) ) ;
#1051 = ORIENTED_EDGE ( 'NONE', *, *, #1516, .T. ) ;
#1052 = LINE ( 'NONE', #1039, #1297 ) ;
#1053 = DIRECTION ( 'NONE',  ( -1.000000000000000000, 0.000000000000000000, 0.000000000000000000 ) ) ;
#1054 = VERTEX_POINT ( 'NONE', #900 ) ;
#1055 = DIRECTION ( 'NONE',  ( 0.000000000000000000, 0.000000000000000000, 1.000000000000000000 ) ) ;
#1056 = CYLINDRICAL_SURFACE ( 'NONE', #1155, 3.749999999999998224 ) ;
#1057 = AXIS2_PLACEMENT_3D ( 'NONE', #2139, #776, #753 ) ;
#1058 = ORIENTED_EDGE ( 'NONE', *, *, #92, .T. ) ;
#1059 = EDGE_CURVE ( 'NONE', #1727, #1429, #1049, .T. ) ;
#1060 = AXIS2_PLACEMENT_3D ( 'NONE', #1389, #1722, #331 ) ;
#1061 = VECTOR ( 'NONE', #2198, 1000.000000000000000 ) ;
#1062 = CARTESIAN_POINT ( 'NONE',  ( -2.599999999999999201, 10.00000000000000355, 0.000000000000000000 ) ) ;
#1063 = EDGE_LOOP ( 'NONE', ( #2074, #37, #1443, #199 ) ) ;
#1064 = DIRECTION ( 'NONE',  ( -1.000000000000000000, 0.000000000000000000, -1.224646799147353207E-16 ) ) ;
#1065 = DIRECTION ( 'NONE',  ( 1.781968836849767451E-16, 0.000000000000000000, 1.000000000000000000 ) ) ;
#1066 = EDGE_LOOP ( 'NONE', ( #1555, #1478, #1058, #1688 ) ) ;
#1067 = CARTESIAN_POINT ( 'NONE',  ( 0.000000000000000000, 39.11500184297825200, -0.9933652782897484101 ) ) ;
#1068 = DIRECTION ( 'NONE',  ( -0.8320502943378433880, -0.000000000000000000, 0.5547001962252294804 ) ) ;
#1069 = ORIENTED_EDGE ( 'NONE', *, *, #1261, .T. ) ;
#1070 = CARTESIAN_POINT ( 'NONE',  ( 5.000000000000000888, 0.000000000000000000, 3.333333333333332149 ) ) ;
#1071 = ORIENTED_EDGE ( 'NONE', *, *, #930, .F. ) ;
#1072 = DIRECTION ( 'NONE',  ( 1.000000000000000000, 0.000000000000000000, 0.000000000000000000 ) ) ;
#1073 = AXIS2_PLACEMENT_3D ( 'NONE', #53, #2111, #1431 ) ;
#1074 = DIRECTION ( 'NONE',  ( -1.000000000000000000, 0.000000000000000000, 5.551115123125790591E-16 ) ) ;
#1075 = ORIENTED_EDGE ( 'NONE', *, *, #524, .F. ) ;
#1076 = FACE_OUTER_BOUND ( 'NONE', #613, .T. ) ;
#1077 = CARTESIAN_POINT ( 'NONE',  ( 5.000000000000000000, 0.000000000000000000, -5.000000000000000000 ) ) ;
#1078 = ORIENTED_EDGE ( 'NONE', *, *, #1899, .F. ) ;
#1079 = DIRECTION ( 'NONE',  ( -0.000000000000000000, -1.000000000000000000, -0.000000000000000000 ) ) ;
#1080 = DIRECTION ( 'NONE',  ( 0.000000000000000000, 0.000000000000000000, -1.000000000000000000 ) ) ;
#1081 = ORIENTED_EDGE ( 'NONE', *, *, #329, .F. ) ;
#1082 = FACE_BOUND ( 'NONE', #1462, .T. ) ;
#1083 = FACE_OUTER_BOUND ( 'NONE', #216, .T. ) ;
#1084 = PRODUCT_RELATED_PRODUCT_CATEGORY ( 'part', '', ( #421 ) ) ;
#1085 = ADVANCED_FACE ( 'NONE', ( #1406 ), #1934, .T. ) ;
#1086 = ORIENTED_EDGE ( 'NONE', *, *, #630, .F. ) ;
#1087 = CARTESIAN_POINT ( 'NONE',  ( 30.00000000000000000, 2.000000000000000000, 24.99999999999998934 ) ) ;
#1088 = DIRECTION ( 'NONE',  ( -0.000000000000000000, -1.000000000000000000, -0.000000000000000000 ) ) ;
#1089 = CARTESIAN_POINT ( 'NONE',  ( 21.89486764018798581, 80.35295171904066081, 37.75223800153347042 ) ) ;
#1090 = AXIS2_PLACEMENT_3D ( 'NONE', #1246, #905, #2120 ) ;
#1091 = AXIS2_PLACEMENT_3D ( 'NONE', #107, #428, #1472 ) ;
#1092 = DIRECTION ( 'NONE',  ( -1.407034879792668217E-17, 1.000000000000000000, 0.000000000000000000 ) ) ;
#1093 = EDGE_LOOP ( 'NONE', ( #456, #540, #979, #1165 ) ) ;
#1094 = DIRECTION ( 'NONE',  ( 0.000000000000000000, 0.000000000000000000, 1.000000000000000000 ) ) ;
#1095 = FACE_OUTER_BOUND ( 'NONE', #1047, .T. ) ;
#1096 = AXIS2_PLACEMENT_3D ( 'NONE', #664, #513, #1351 ) ;
#1097 = ORIENTED_EDGE ( 'NONE', *, *, #746, .T. ) ;
#1098 = DIRECTION ( 'NONE',  ( 0.000000000000000000, 0.000000000000000000, -1.000000000000000000 ) ) ;
#1099 = EDGE_CURVE ( 'NONE', #2113, #49, #508, .T. ) ;
#1100 = EDGE_CURVE ( 'NONE', #1437, #1576, #740, .T. ) ;
#1101 = LINE ( 'NONE', #1927, #57 ) ;
#1102 = ORIENTED_EDGE ( 'NONE', *, *, #1691, .F. ) ;
#1103 = LINE ( 'NONE', #1428, #982 ) ;
#1104 = DIRECTION ( 'NONE',  ( -0.8320502943378438321, 0.000000000000000000, -0.5547001962252290364 ) ) ;
#1105 = CARTESIAN_POINT ( 'NONE',  ( 5.000000000000000888, 2.000000000000000000, 3.333333333333332149 ) ) ;
#1106 = CARTESIAN_POINT ( 'NONE',  ( -5.458002562049691249E-16, 2.000000000000000000, -5.000000000000000000 ) ) ;
#1107 = PRODUCT ( 'Sat Model', 'Sat Model', '', ( #1476 ) ) ;
#1108 = EDGE_CURVE ( 'NONE', #2040, #678, #408, .T. ) ;
#1109 = ADVANCED_FACE ( 'NONE', ( #1944, #406 ), #353, .F. ) ;
#1110 = LINE ( 'NONE', #2178, #938 ) ;
#1111 = DIRECTION ( 'NONE',  ( 1.000000000000000000, -1.204089948046584186E-16, 0.000000000000000000 ) ) ;
#1112 = PRODUCT_DEFINITION_CONTEXT ( 'detailed design', #882, 'design' ) ;
#1113 = ORIENTED_EDGE ( 'NONE', *, *, #1252, .T. ) ;
#1114 = CARTESIAN_POINT ( 'NONE',  ( 0.000000000000000000, 0.000000000000000000, 0.000000000000000000 ) ) ;
#1115 = APPLICATION_CONTEXT ( 'automotive_design' ) ;
#1116 = CARTESIAN_POINT ( 'NONE',  ( -12.42640687119286547, 5.099999999999993427, -29.99999999999999289 ) ) ;
#1117 = DIRECTION ( 'NONE',  ( 1.000000000000000000, 0.000000000000000000, 0.000000000000000000 ) ) ;
#1118 = ADVANCED_FACE ( 'NONE', ( #1719 ), #330, .F. ) ;
#1119 = DIRECTION ( 'NONE',  ( 1.224646799147353207E-16, -1.182292383412267776E-32, 1.000000000000000000 ) ) ;
#1120 = FACE_BOUND ( 'NONE', #550, .T. ) ;
#1121 = CARTESIAN_POINT ( 'NONE',  ( 9.654149949482788582E-16, 10.00000000000000355, 0.000000000000000000 ) ) ;
#1122 = VERTEX_POINT ( 'NONE', #1773 ) ;
#1123 = SHAPE_REPRESENTATION ( 'Ollie', ( #1404 ), #195 ) ;
#1124 = FACE_OUTER_BOUND ( 'NONE', #1649, .T. ) ;
#1125 = EDGE_CURVE ( 'NONE', #1583, #1727, #560, .T. ) ;
#1126 = ORIENTED_EDGE ( 'NONE', *, *, #234, .T. ) ;
#1127 = DIRECTION ( 'NONE',  ( 0.7071067811865474617, 0.000000000000000000, -0.7071067811865475727 ) ) ;
#1128 = EDGE_CURVE ( 'NONE', #1008, #1656, #190, .T. ) ;
#1129 = ADVANCED_FACE ( 'NONE', ( #1360 ), #842, .T. ) ;
#1130 =( GEOMETRIC_REPRESENTATION_CONTEXT ( 3 ) GLOBAL_UNCERTAINTY_ASSIGNED_CONTEXT ( ( #1442 ) ) GLOBAL_UNIT_ASSIGNED_CONTEXT ( ( #690, #1224, #517 ) ) REPRESENTATION_CONTEXT ( 'NONE', 'WORKASPACE' ) );
#1131 = DIRECTION ( 'NONE',  ( -5.551115123125790591E-16, 0.000000000000000000, -1.000000000000000000 ) ) ;
#1132 = ORIENTED_EDGE ( 'NONE', *, *, #1713, .T. ) ;
#1133 = FACE_OUTER_BOUND ( 'NONE', #2029, .T. ) ;
#1134 = AXIS2_PLACEMENT_3D ( 'NONE', #2182, #653, #1994 ) ;
#1135 = ORIENTED_EDGE ( 'NONE', *, *, #986, .T. ) ;
#1136 = CARTESIAN_POINT ( 'NONE',  ( 0.000000000000000000, 39.11500184297825200, 0.000000000000000000 ) ) ;
#1137 = VECTOR ( 'NONE', #1827, 1000.000000000000000 ) ;
#1138 = STYLED_ITEM ( 'NONE', ( #786 ), #926 ) ;
#1139 = CARTESIAN_POINT ( 'NONE',  ( 9.654149949482788582E-16, 10.00000000000000355, 0.000000000000000000 ) ) ;
#1140 = APPLICATION_PROTOCOL_DEFINITION ( 'draft international standard', 'automotive_design', 1998, #1337 ) ;
#1141 = CARTESIAN_POINT ( 'NONE',  ( -30.00000000000000711, 60.00000000000000711, 12.42640687119286014 ) ) ;
#1142 = ORIENTED_EDGE ( 'NONE', *, *, #1125, .F. ) ;
#1143 = DIRECTION ( 'NONE',  ( 1.000000000000000000, 0.000000000000000000, 1.040834085586084503E-16 ) ) ;
#1144 = DIRECTION ( 'NONE',  ( -1.000000000000000000, 0.000000000000000000, 0.000000000000000000 ) ) ;
#1145 = ORIENTED_EDGE ( 'NONE', *, *, #765, .T. ) ;
#1146 = FACE_OUTER_BOUND ( 'NONE', #1349, .T. ) ;
#1147 = ADVANCED_FACE ( 'NONE', ( #1242 ), #158, .F. ) ;
#1148 = APPLICATION_PROTOCOL_DEFINITION ( 'draft international standard', 'automotive_design', 1998, #691 ) ;
#1149 = AXIS2_PLACEMENT_3D ( 'NONE', #1556, #26, #707 ) ;
#1150 = EDGE_CURVE ( 'NONE', #1122, #555, #1525, .T. ) ;
#1151 = CARTESIAN_POINT ( 'NONE',  ( -30.00000000000000711, 20.00000000000000355, 5.000000000000000000 ) ) ;
#1152 = VERTEX_POINT ( 'NONE', #2046 ) ;
#1153 = FACE_OUTER_BOUND ( 'NONE', #2024, .T. ) ;
#1154 = CIRCLE ( 'NONE', #186, 3.749999999999998224 ) ;
#1155 = AXIS2_PLACEMENT_3D ( 'NONE', #1395, #1886, #1729 ) ;
#1156 = FACE_BOUND ( 'NONE', #1288, .T. ) ;
#1157 = ORIENTED_EDGE ( 'NONE', *, *, #534, .T. ) ;
#1158 = CARTESIAN_POINT ( 'NONE',  ( -12.42640687119286191, 80.00000000000000000, 30.00000000000000711 ) ) ;
#1159 = LINE ( 'NONE', #1021, #369 ) ;
#1160 = VECTOR ( 'NONE', #672, 1000.000000000000000 ) ;
#1161 = ORIENTED_EDGE ( 'NONE', *, *, #1048, .F. ) ;
#1162 = CIRCLE ( 'NONE', #194, 2.600000000000000089 ) ;
#1163 = EDGE_CURVE ( 'NONE', #648, #749, #1878, .T. ) ;
#1164 = CARTESIAN_POINT ( 'NONE',  ( 0.000000000000000000, 80.00000000000000000, -29.99999999999999645 ) ) ;
#1165 = ORIENTED_EDGE ( 'NONE', *, *, #90, .F. ) ;
#1166 = ADVANCED_BREP_SHAPE_REPRESENTATION ( '', ( #2162, #1404 ), #1513 ) ;
#1167 = CARTESIAN_POINT ( 'NONE',  ( -24.90000000000000568, 5.099999999999999645, -17.52640687119284735 ) ) ;
#1168 = CARTESIAN_POINT ( 'NONE',  ( 0.000000000000000000, 100.0000000000000000, -5.000000000000000000 ) ) ;
#1169 = VERTEX_POINT ( 'NONE', #220 ) ;
#1170 = VECTOR ( 'NONE', #1197, 1000.000000000000000 ) ;
#1171 = DIRECTION ( 'NONE',  ( -0.000000000000000000, -1.000000000000000000, -0.000000000000000000 ) ) ;
#1172 = LINE ( 'NONE', #1490, #159 ) ;
#1173 = ORIENTED_EDGE ( 'NONE', *, *, #90, .T. ) ;
#1174 = FILL_AREA_STYLE_COLOUR ( '', #446 ) ;
#1175 = CARTESIAN_POINT ( 'NONE',  ( 0.000000000000000000, 0.000000000000000000, 32.00000000000000711 ) ) ;
#1176 = VERTEX_POINT ( 'NONE', #1537 ) ;
#1177 = DIRECTION ( 'NONE',  ( 1.000000000000000000, 0.000000000000000000, 0.000000000000000000 ) ) ;
#1178 = VERTEX_POINT ( 'NONE', #6 ) ;
#1179 = EDGE_CURVE ( 'NONE', #116, #976, #685, .T. ) ;
#1180 = DIRECTION ( 'NONE',  ( -0.000000000000000000, -1.000000000000000000, -0.000000000000000000 ) ) ;
#1181 = CARTESIAN_POINT ( 'NONE',  ( 0.000000000000000000, 0.000000000000000000, -5.000000000000000000 ) ) ;
#1182 = ORIENTED_EDGE ( 'NONE', *, *, #1335, .T. ) ;
#1183 = AXIS2_PLACEMENT_3D ( 'NONE', #345, #2110, #389 ) ;
#1184 = CARTESIAN_POINT ( 'NONE',  ( -35.00000000000000000, 20.00000000000000355, -5.000000000000000000 ) ) ;
#1185 = DIRECTION ( 'NONE',  ( -1.000000000000000000, 0.000000000000000000, 0.000000000000000000 ) ) ;
#1186 = DIRECTION ( 'NONE',  ( 1.781968836849767451E-16, 0.000000000000000000, 1.000000000000000000 ) ) ;
#1187 = ADVANCED_FACE ( 'NONE', ( #586 ), #764, .F. ) ;
#1188 = ORIENTED_EDGE ( 'NONE', *, *, #327, .F. ) ;
#1189 = CARTESIAN_POINT ( 'NONE',  ( 0.000000000000000000, 39.00000000000000000, 0.000000000000000000 ) ) ;
#1190 = VECTOR ( 'NONE', #55, 1000.000000000000000 ) ;
#1191 = PLANE ( 'NONE',  #1060 ) ;
#1192 = VERTEX_POINT ( 'NONE', #936 ) ;
#1193 = ADVANCED_FACE ( 'NONE', ( #67 ), #1969, .F. ) ;
#1194 = DIRECTION ( 'NONE',  ( 1.000000000000000000, 0.000000000000000000, 0.000000000000000000 ) ) ;
#1195 = ORIENTED_EDGE ( 'NONE', *, *, #108, .F. ) ;
#1196 = CARTESIAN_POINT ( 'NONE',  ( 0.000000000000000000, 100.0000000000000000, 0.000000000000000000 ) ) ;
#1197 = DIRECTION ( 'NONE',  ( 9.654149949482787349E-17, 1.000000000000000000, -0.000000000000000000 ) ) ;
#1198 = ORIENTED_EDGE ( 'NONE', *, *, #455, .T. ) ;
#1199 = SHAPE_REPRESENTATION ( 'Solar Panel', ( #1404 ), #1130 ) ;
#1200 = CARTESIAN_POINT ( 'NONE',  ( -30.00000000000000711, 80.00000000000000000, -12.42640687119284770 ) ) ;
#1201 = AXIS2_PLACEMENT_3D ( 'NONE', #201, #1378, #716 ) ;
#1202 = DIRECTION ( 'NONE',  ( 1.000000000000000000, 0.000000000000000000, -1.301042606982607786E-16 ) ) ;
#1203 = VERTEX_POINT ( 'NONE', #614 ) ;
#1204 = CIRCLE ( 'NONE', #349, 5.099999999999999645 ) ;
#1205 = DIRECTION ( 'NONE',  ( -0.000000000000000000, -1.000000000000000000, -0.000000000000000000 ) ) ;
#1206 = AXIS2_PLACEMENT_3D ( 'NONE', #1800, #579, #1939 ) ;
#1207 = DIRECTION ( 'NONE',  ( 5.551115123125790591E-16, 0.000000000000000000, 1.000000000000000000 ) ) ;
#1208 = ORIENTED_EDGE ( 'NONE', *, *, #702, .F. ) ;
#1209 = CARTESIAN_POINT ( 'NONE',  ( 0.000000000000000000, 0.000000000000000000, 0.000000000000000000 ) ) ;
#1210 = CARTESIAN_POINT ( 'NONE',  ( -18.00000000000000711, 20.00000000000000355, -5.000000000000000000 ) ) ;
#1211 = VERTEX_POINT ( 'NONE', #1106 ) ;
#1212 = EDGE_CURVE ( 'NONE', #1226, #637, #89, .T. ) ;
#1213 = DIRECTION ( 'NONE',  ( 0.8320502943378438321, 0.000000000000000000, 0.5547001962252288143 ) ) ;
#1214 = ORIENTED_EDGE ( 'NONE', *, *, #1333, .F. ) ;
#1215 = CARTESIAN_POINT ( 'NONE',  ( 30.00000000000000000, 2.000000000000000000, 24.99999999999998934 ) ) ;
#1216 = ORIENTED_EDGE ( 'NONE', *, *, #547, .T. ) ;
#1217 = DIRECTION ( 'NONE',  ( 0.000000000000000000, -1.000000000000000000, 0.000000000000000000 ) ) ;
#1218 = CARTESIAN_POINT ( 'NONE',  ( 29.99999999999999645, 0.000000000000000000, -20.00000000000001066 ) ) ;
#1219 = AXIS2_PLACEMENT_3D ( 'NONE', #1676, #1119, #1959 ) ;
#1220 = VERTEX_POINT ( 'NONE', #1988 ) ;
#1221 = VECTOR ( 'NONE', #148, 1000.000000000000000 ) ;
#1222 = CARTESIAN_POINT ( 'NONE',  ( 5.000000000000000000, 100.0000000000000000, 0.000000000000000000 ) ) ;
#1223 = ORIENTED_EDGE ( 'NONE', *, *, #346, .T. ) ;
#1224 =( NAMED_UNIT ( * ) PLANE_ANGLE_UNIT ( ) SI_UNIT ( $, .RADIAN. ) );
#1225 = DIRECTION ( 'NONE',  ( -9.654149949482787349E-17, -1.000000000000000000, 0.000000000000000000 ) ) ;
#1226 = VERTEX_POINT ( 'NONE', #970 ) ;
#1227 = DIRECTION ( 'NONE',  ( 0.000000000000000000, -0.000000000000000000, 1.000000000000000000 ) ) ;
#1228 = DIRECTION ( 'NONE',  ( -0.000000000000000000, -1.000000000000000000, -0.000000000000000000 ) ) ;
#1229 = VECTOR ( 'NONE', #801, 1000.000000000000114 ) ;
#1230 = VERTEX_POINT ( 'NONE', #442 ) ;
#1231 = AXIS2_PLACEMENT_3D ( 'NONE', #1575, #724, #1401 ) ;
#1232 = ADVANCED_FACE ( 'NONE', ( #1784 ), #99, .F. ) ;
#1233 = DIRECTION ( 'NONE',  ( -0.000000000000000000, -1.000000000000000000, -0.000000000000000000 ) ) ;
#1234 = CARTESIAN_POINT ( 'NONE',  ( 0.000000000000000000, 0.000000000000000000, 0.000000000000000000 ) ) ;
#1235 = EDGE_CURVE ( 'NONE', #460, #1613, #418, .T. ) ;
#1236 = TOROIDAL_SURFACE ( 'NONE', #1073, 28.81385196830317952, 0.5000000000000000000 ) ;
#1237 = CARTESIAN_POINT ( 'NONE',  ( 1.040834085586084257E-14, 4.336808689942017736E-16, 32.00000000000000711 ) ) ;
#1238 = ORIENTED_EDGE ( 'NONE', *, *, #1302, .F. ) ;
#1239 = FACE_OUTER_BOUND ( 'NONE', #848, .T. ) ;
#1240 = LINE ( 'NONE', #1287, #203 ) ;
#1241 = ORIENTED_EDGE ( 'NONE', *, *, #1898, .F. ) ;
#1242 = FACE_OUTER_BOUND ( 'NONE', #189, .T. ) ;
#1243 = AXIS2_PLACEMENT_3D ( 'NONE', #87, #737, #774 ) ;
#1244 = EDGE_LOOP ( 'NONE', ( #845, #2026, #2183, #407 ) ) ;
#1245 =( NAMED_UNIT ( * ) PLANE_ANGLE_UNIT ( ) SI_UNIT ( $, .RADIAN. ) );
#1246 = CARTESIAN_POINT ( 'NONE',  ( -35.00000000000000000, 70.00000000000000000, 12.42640687119286014 ) ) ;
#1247 = ORIENTED_EDGE ( 'NONE', *, *, #168, .F. ) ;
#1248 = CYLINDRICAL_SURFACE ( 'NONE', #1363, 4.999999999999995559 ) ;
#1249 = CARTESIAN_POINT ( 'NONE',  ( 0.000000000000000000, 0.000000000000000000, 0.000000000000000000 ) ) ;
#1250 = CARTESIAN_POINT ( 'NONE',  ( 4.437102403755920420E-15, 68.00000000000000000, -5.099999999999996092 ) ) ;
#1251 = DIRECTION ( 'NONE',  ( 1.000000000000000000, 0.000000000000000000, 0.000000000000000000 ) ) ;
#1252 = EDGE_CURVE ( 'NONE', #1122, #527, #984, .T. ) ;
#1253 = VECTOR ( 'NONE', #1366, 1000.000000000000114 ) ;
#1254 = FILL_AREA_STYLE_COLOUR ( '', #1038 ) ;
#1255 = ORIENTED_EDGE ( 'NONE', *, *, #1099, .F. ) ;
#1256 = AXIS2_PLACEMENT_3D ( 'NONE', #2152, #1768, #239 ) ;
#1257 = VECTOR ( 'NONE', #1604, 1000.000000000000000 ) ;
#1258 = DIRECTION ( 'NONE',  ( -1.000000000000000000, 0.000000000000000000, 0.000000000000000000 ) ) ;
#1259 = ORIENTED_EDGE ( 'NONE', *, *, #377, .T. ) ;
#1260 = CYLINDRICAL_SURFACE ( 'NONE', #778, 3.749999999999998224 ) ;
#1261 = EDGE_CURVE ( 'NONE', #1507, #440, #405, .T. ) ;
#1262 = EDGE_CURVE ( 'NONE', #1671, #1600, #624, .T. ) ;
#1263 = VECTOR ( 'NONE', #112, 1000.000000000000114 ) ;
#1264 = PRODUCT_DEFINITION_SHAPE ( 'NONE', 'NONE',  #2037 ) ;
#1265 = EDGE_CURVE ( 'NONE', #896, #1054, #2129, .T. ) ;
#1266 = LINE ( 'NONE', #198, #2202 ) ;
#1267 = CARTESIAN_POINT ( 'NONE',  ( 5.000000000000000000, 2.000000000000000000, -3.333333333333323711 ) ) ;
#1268 = DIRECTION ( 'NONE',  ( 0.000000000000000000, 0.000000000000000000, -1.000000000000000000 ) ) ;
#1269 = DIRECTION ( 'NONE',  ( -1.000000000000000000, 0.000000000000000000, 0.000000000000000000 ) ) ;
#1270 = ORIENTED_EDGE ( 'NONE', *, *, #1899, .T. ) ;
#1271 = CARTESIAN_POINT ( 'NONE',  ( 1.069181302109860392E-14, 60.00000000000000000, 30.00000000000000711 ) ) ;
#1272 = ORIENTED_EDGE ( 'NONE', *, *, #1901, .F. ) ;
#1273 = SHAPE_REPRESENTATION ( 'Sat Model', ( #476, #769, #1027, #84, #990, #618, #831, #1879 ), #656 ) ;
#1274 = FACE_OUTER_BOUND ( 'NONE', #2007, .T. ) ;
#1275 = ADVANCED_FACE ( 'NONE', ( #1146 ), #785, .T. ) ;
#1276 = DIRECTION ( 'NONE',  ( -0.000000000000000000, -1.000000000000000000, -0.000000000000000000 ) ) ;
#1277 = DIRECTION ( 'NONE',  ( -0.8320502943378433880, -0.000000000000000000, 0.5547001962252295915 ) ) ;
#1278 = SURFACE_STYLE_USAGE ( .BOTH. , #1334 ) ;
#1279 = CARTESIAN_POINT ( 'NONE',  ( 0.000000000000000000, 2.000000000000000000, 0.000000000000000000 ) ) ;
#1280 = APPLICATION_PROTOCOL_DEFINITION ( 'draft international standard', 'automotive_design', 1998, #1486 ) ;
#1281 = ORIENTED_EDGE ( 'NONE', *, *, #1321, .T. ) ;
#1282 = ADVANCED_FACE ( 'NONE', ( #1446 ), #254, .T. ) ;
#1283 = DIRECTION ( 'NONE',  ( 9.654149949482789814E-17, 1.000000000000000000, -0.000000000000000000 ) ) ;
#1284 = PRODUCT_DEFINITION_CONTEXT ( 'detailed design', #1795, 'design' ) ;
#1285 = EDGE_LOOP ( 'NONE', ( #495, #1945, #1113, #1924, #967, #1520, #1004, #1161, #1758, #149 ) ) ;
#1286 = ADVANCED_FACE ( 'NONE', ( #290 ), #79, .T. ) ;
#1287 = CARTESIAN_POINT ( 'NONE',  ( 9.564119927985241858E-15, 60.00000000000000000, 30.00000000000000711 ) ) ;
#1288 = EDGE_LOOP ( 'NONE', ( #1296, #1746 ) ) ;
#1289 = DIRECTION ( 'NONE',  ( 0.5547001962252297025, -0.000000000000000000, 0.8320502943378433880 ) ) ;
#1290 = CARTESIAN_POINT ( 'NONE',  ( 0.000000000000000000, 0.000000000000000000, 0.000000000000000000 ) ) ;
#1291 = SHAPE_DEFINITION_REPRESENTATION ( #757, #1273 ) ;
#1292 = DIRECTION ( 'NONE',  ( 1.000000000000000000, 0.000000000000000000, 0.000000000000000000 ) ) ;
#1293 = ORIENTED_EDGE ( 'NONE', *, *, #1265, .F. ) ;
#1294 = LINE ( 'NONE', #2184, #1926 ) ;
#1295 = DIRECTION ( 'NONE',  ( 0.7071067811865475727, -0.000000000000000000, 0.7071067811865474617 ) ) ;
#1296 = ORIENTED_EDGE ( 'NONE', *, *, #673, .T. ) ;
#1297 = VECTOR ( 'NONE', #1355, 1000.000000000000000 ) ;
#1298 = FACE_OUTER_BOUND ( 'NONE', #802, .T. ) ;
#1299 = CONTEXT_DEPENDENT_SHAPE_REPRESENTATION ( #1003, #409 ) ;
#1300 = CARTESIAN_POINT ( 'NONE',  ( -18.00000000000000711, 60.00000000000000711, 8.676406871192863690 ) ) ;
#1301 = PRODUCT_RELATED_PRODUCT_CATEGORY ( 'part', '', ( #747 ) ) ;
#1302 = EDGE_CURVE ( 'NONE', #1677, #1220, #2125, .T. ) ;
#1303 = CARTESIAN_POINT ( 'NONE',  ( -18.00000000000000711, 60.00000000000000711, 12.42640687119286014 ) ) ;
#1304 = ORIENTED_EDGE ( 'NONE', *, *, #1665, .T. ) ;
#1305 = LINE ( 'NONE', #2008, #2172 ) ;
#1306 = CARTESIAN_POINT ( 'NONE',  ( -10.00000000000000178, 41.09999999999999432, -5.099999999999999645 ) ) ;
#1307 = ORIENTED_EDGE ( 'NONE', *, *, #1302, .T. ) ;
#1308 = CARTESIAN_POINT ( 'NONE',  ( -30.00000000000000711, 41.09999999999998721, -12.42640687119284770 ) ) ;
#1309 = CIRCLE ( 'NONE', #1453, 2.500000000000000000 ) ;
#1310 = ORIENTED_EDGE ( 'NONE', *, *, #524, .T. ) ;
#1311 = CIRCLE ( 'NONE', #925, 28.81385196830317952 ) ;
#1312 = EDGE_CURVE ( 'NONE', #437, #1950, #1629, .T. ) ;
#1313 = LINE ( 'NONE', #445, #1845 ) ;
#1314 = DIRECTION ( 'NONE',  ( -0.000000000000000000, -1.000000000000000000, -0.000000000000000000 ) ) ;
#1315 = ORIENTED_EDGE ( 'NONE', *, *, #721, .F. ) ;
#1316 = DIRECTION ( 'NONE',  ( 0.000000000000000000, 0.000000000000000000, -1.000000000000000000 ) ) ;
#1317 = FILL_AREA_STYLE_COLOUR ( '', #2109 ) ;
#1318 = LINE ( 'NONE', #2011, #5 ) ;
#1319 = CARTESIAN_POINT ( 'NONE',  ( -30.00000000000000711, 5.099999999999999645, -29.99999999999999289 ) ) ;
#1320 = EDGE_CURVE ( 'NONE', #1362, #1359, #604, .T. ) ;
#1321 = EDGE_CURVE ( 'NONE', #1192, #119, #132, .T. ) ;
#1322 = ORIENTED_EDGE ( 'NONE', *, *, #2066, .F. ) ;
#1323 = VERTEX_POINT ( 'NONE', #1661 ) ;
#1324 = PRODUCT_CONTEXT ( 'NONE', #1337, 'mechanical' ) ;
#1325 = VECTOR ( 'NONE', #1277, 1000.000000000000114 ) ;
#1326 = LINE ( 'NONE', #1693, #1221 ) ;
#1327 = EDGE_LOOP ( 'NONE', ( #1086, #1532, #98, #251, #1589, #576, #1887, #1906, #474, #322 ) ) ;
#1328 = CARTESIAN_POINT ( 'NONE',  ( 9.564119927985241858E-15, 60.00000000000000000, 32.00000000000000711 ) ) ;
#1329 = AXIS2_PLACEMENT_3D ( 'NONE', #1036, #354, #378 ) ;
#1330 = VECTOR ( 'NONE', #511, 1000.000000000000114 ) ;
#1331 = ORIENTED_EDGE ( 'NONE', *, *, #463, .F. ) ;
#1332 = CARTESIAN_POINT ( 'NONE',  ( -4.999999999999990230, 0.000000000000000000, 30.00000000000000711 ) ) ;
#1333 = EDGE_CURVE ( 'NONE', #1613, #1192, #834, .T. ) ;
#1334 = SURFACE_SIDE_STYLE ('',( #133 ) ) ;
#1335 = EDGE_CURVE ( 'NONE', #637, #749, #2, .T. ) ;
#1336 = ORIENTED_EDGE ( 'NONE', *, *, #719, .T. ) ;
#1337 = APPLICATION_CONTEXT ( 'automotive_design' ) ;
#1338 = DIRECTION ( 'NONE',  ( -0.000000000000000000, -1.000000000000000000, -0.000000000000000000 ) ) ;
#1339 = PRODUCT_DEFINITION_FORMATION_WITH_SPECIFIED_SOURCE ( 'ANY', '', #255, .NOT_KNOWN. ) ;
#1340 = CIRCLE ( 'NONE', #376, 0.9933652782897484101 ) ;
#1341 = CARTESIAN_POINT ( 'NONE',  ( -5.458002562049691249E-16, 0.000000000000000000, -5.000000000000000000 ) ) ;
#1342 = ORIENTED_EDGE ( 'NONE', *, *, #1235, .T. ) ;
#1343 = CARTESIAN_POINT ( 'NONE',  ( 1.258312158810909859E-15, 2.000000000000000000, 5.000000000000000000 ) ) ;
#1344 = LINE ( 'NONE', #1184, #1013 ) ;
#1345 = LINE ( 'NONE', #980, #788 ) ;
#1346 = EDGE_CURVE ( 'NONE', #1600, #130, #1345, .T. ) ;
#1347 = PLANE ( 'NONE',  #2191 ) ;
#1348 = UNCERTAINTY_MEASURE_WITH_UNIT (LENGTH_MEASURE( 1.000000000000000082E-05 ), #1562, 'distance_accuracy_value', 'NONE');
#1349 = EDGE_LOOP ( 'NONE', ( #342, #18, #1307, #86 ) ) ;
#1350 = AXIS2_PLACEMENT_3D ( 'NONE', #1852, #1838, #1316 ) ;
#1351 = DIRECTION ( 'NONE',  ( -1.000000000000000000, 1.192049048566118335E-16, 0.000000000000000000 ) ) ;
#1352 = ADVANCED_FACE ( 'NONE', ( #2185 ), #143, .F. ) ;
#1353 = FACE_OUTER_BOUND ( 'NONE', #2179, .T. ) ;
#1354 = ORIENTED_EDGE ( 'NONE', *, *, #91, .T. ) ;
#1355 = DIRECTION ( 'NONE',  ( 0.000000000000000000, 0.000000000000000000, 1.000000000000000000 ) ) ;
#1356 = DIRECTION ( 'NONE',  ( -0.000000000000000000, 1.000000000000000000, 3.469446951953613203E-16 ) ) ;
#1357 = CARTESIAN_POINT ( 'NONE',  ( 0.000000000000000000, 13.00000000000000888, 0.000000000000000000 ) ) ;
#1358 = FACE_OUTER_BOUND ( 'NONE', #1801, .T. ) ;
#1359 = VERTEX_POINT ( 'NONE', #2209 ) ;
#1360 = FACE_OUTER_BOUND ( 'NONE', #1445, .T. ) ;
#1361 = DIRECTION ( 'NONE',  ( -0.000000000000000000, -0.000000000000000000, -1.000000000000000000 ) ) ;
#1362 = VERTEX_POINT ( 'NONE', #2032 ) ;
#1363 = AXIS2_PLACEMENT_3D ( 'NONE', #52, #715, #570 ) ;
#1364 = DIRECTION ( 'NONE',  ( 0.000000000000000000, 0.000000000000000000, -1.000000000000000000 ) ) ;
#1365 = ORIENTED_EDGE ( 'NONE', *, *, #891, .F. ) ;
#1366 = DIRECTION ( 'NONE',  ( -0.8333301183313625016, 0.000000000000000000, 0.5527756451598038190 ) ) ;
#1367 = LINE ( 'NONE', #177, #2211 ) ;
#1368 = EDGE_LOOP ( 'NONE', ( #202, #1043, #1711, #1135 ) ) ;
#1369 = VECTOR ( 'NONE', #748, 1000.000000000000000 ) ;
#1370 = VECTOR ( 'NONE', #2164, 1000.000000000000000 ) ;
#1371 = CARTESIAN_POINT ( 'NONE',  ( -5.458002562049691249E-16, 0.000000000000000000, -5.000000000000000000 ) ) ;
#1372 = VECTOR ( 'NONE', #392, 1000.000000000000000 ) ;
#1373 = PLANE ( 'NONE',  #943 ) ;
#1374 = VERTEX_POINT ( 'NONE', #1332 ) ;
#1375 = EDGE_CURVE ( 'NONE', #1022, #1178, #1854, .T. ) ;
#1376 = FACE_OUTER_BOUND ( 'NONE', #809, .T. ) ;
#1377 = FACE_OUTER_BOUND ( 'NONE', #1496, .T. ) ;
#1378 = DIRECTION ( 'NONE',  ( 1.000000000000000000, 0.000000000000000000, 0.000000000000000000 ) ) ;
#1379 = EDGE_LOOP ( 'NONE', ( #2097, #1011, #1383, #1940 ) ) ;
#1380 = APPLICATION_CONTEXT ( 'automotive_design' ) ;
#1381 = CLOSED_SHELL ( 'NONE', ( #839, #1536, #1949, #1147, #236, #2151, #698, #577, #1275, #703, #1286, #2126 ) ) ;
#1382 = CARTESIAN_POINT ( 'NONE',  ( -30.00000000000000711, 5.099999999999996980, -12.42640687119284770 ) ) ;
#1383 = ORIENTED_EDGE ( 'NONE', *, *, #1844, .F. ) ;
#1384 = DIRECTION ( 'NONE',  ( -0.7071067811865474617, 0.000000000000000000, 0.7071067811865475727 ) ) ;
#1385 = EDGE_LOOP ( 'NONE', ( #417, #1400, #318, #1270, #1769, #173 ) ) ;
#1386 = CARTESIAN_POINT ( 'NONE',  ( 0.000000000000000000, 100.0000000000000000, 0.000000000000000000 ) ) ;
#1387 = DIRECTION ( 'NONE',  ( 0.000000000000000000, 0.000000000000000000, -1.000000000000000000 ) ) ;
#1388 = ORIENTED_EDGE ( 'NONE', *, *, #235, .T. ) ;
#1389 = CARTESIAN_POINT ( 'NONE',  ( -10.00000000000000178, 41.09999999999999432, -5.099999999999999645 ) ) ;
#1390 = ORIENTED_EDGE ( 'NONE', *, *, #1666, .T. ) ;
#1391 = VECTOR ( 'NONE', #1482, 1000.000000000000000 ) ;
#1392 = CARTESIAN_POINT ( 'NONE',  ( 0.000000000000000000, 39.11500184297825200, 0.000000000000000000 ) ) ;
#1393 = ORIENTED_EDGE ( 'NONE', *, *, #386, .F. ) ;
#1394 = DIRECTION ( 'NONE',  ( 0.000000000000000000, -1.734723475976806848E-16, -1.000000000000000000 ) ) ;
#1395 = CARTESIAN_POINT ( 'NONE',  ( -18.00000000000000711, 70.00000000000000000, 12.42640687119286014 ) ) ;
#1396 = EDGE_LOOP ( 'NONE', ( #1069, #1425, #701, #1322, #985 ) ) ;
#1397 = PRODUCT_DEFINITION ( 'UNKNOWN', '', #375, #431 ) ;
#1398 = EDGE_CURVE ( 'NONE', #1203, #1459, #2192, .T. ) ;
#1399 = CARTESIAN_POINT ( 'NONE',  ( -26.25000000000001066, 60.00000000000000711, 16.17640687119285658 ) ) ;
#1400 = ORIENTED_EDGE ( 'NONE', *, *, #1640, .T. ) ;
#1401 = DIRECTION ( 'NONE',  ( 0.000000000000000000, 0.000000000000000000, 1.000000000000000000 ) ) ;
#1402 = CARTESIAN_POINT ( 'NONE',  ( 0.000000000000000000, 0.000000000000000000, 0.000000000000000000 ) ) ;
#1403 = FACE_OUTER_BOUND ( 'NONE', #2014, .T. ) ;
#1404 = AXIS2_PLACEMENT_3D ( 'NONE', #1871, #496, #10 ) ;
#1405 = ORIENTED_EDGE ( 'NONE', *, *, #1812, .T. ) ;
#1406 = FACE_OUTER_BOUND ( 'NONE', #1618, .T. ) ;
#1407 = EDGE_CURVE ( 'NONE', #742, #2165, #1867, .T. ) ;
#1408 = AXIS2_PLACEMENT_3D ( 'NONE', #1444, #390, #1978 ) ;
#1409 = AXIS2_PLACEMENT_3D ( 'NONE', #1141, #300, #1681 ) ;
#1410 = FILL_AREA_STYLE ('',( #1254 ) ) ;
#1411 = ORIENTED_EDGE ( 'NONE', *, *, #683, .F. ) ;
#1412 = AXIS2_PLACEMENT_3D ( 'NONE', #140, #475, #1143 ) ;
#1413 = ADVANCED_FACE ( 'NONE', ( #1696 ), #901, .T. ) ;
#1414 = DIRECTION ( 'NONE',  ( 9.654149949482787349E-17, 1.000000000000000000, 0.000000000000000000 ) ) ;
#1415 =( GEOMETRIC_REPRESENTATION_CONTEXT ( 3 ) GLOBAL_UNCERTAINTY_ASSIGNED_CONTEXT ( ( #826 ) ) GLOBAL_UNIT_ASSIGNED_CONTEXT ( ( #422, #564, #2150 ) ) REPRESENTATION_CONTEXT ( 'NONE', 'WORKASPACE' ) );
#1416 = ORIENTED_EDGE ( 'NONE', *, *, #1873, .F. ) ;
#1417 = DIRECTION ( 'NONE',  ( 0.000000000000000000, -1.000000000000000000, 1.734723475976806848E-16 ) ) ;
#1418 = DIRECTION ( 'NONE',  ( -0.000000000000000000, -1.000000000000000000, -0.000000000000000000 ) ) ;
#1419 = ORIENTED_EDGE ( 'NONE', *, *, #327, .T. ) ;
#1420 = CARTESIAN_POINT ( 'NONE',  ( 0.000000000000000000, 39.00000000000000000, 0.000000000000000000 ) ) ;
#1421 = VERTEX_POINT ( 'NONE', #465 ) ;
#1422 = PRODUCT_DEFINITION_SHAPE ( 'NONE', 'NONE',  #2220 ) ;
#1423 = EDGE_CURVE ( 'NONE', #25, #1565, #394, .T. ) ;
#1424 = CARTESIAN_POINT ( 'NONE',  ( 1.040834085586084257E-14, 4.336808689942017736E-16, 32.00000000000000711 ) ) ;
#1425 = ORIENTED_EDGE ( 'NONE', *, *, #1691, .T. ) ;
#1426 = DIRECTION ( 'NONE',  ( 0.9695243461034054322, 2.942165325262653289E-18, 0.2449949842604225991 ) ) ;
#1427 = EDGE_CURVE ( 'NONE', #993, #54, #1318, .T. ) ;
#1428 = CARTESIAN_POINT ( 'NONE',  ( 130.0000000000000000, 2.000000000000000000, 24.99999999999992539 ) ) ;
#1429 = VERTEX_POINT ( 'NONE', #660 ) ;
#1430 = CARTESIAN_POINT ( 'NONE',  ( 0.000000000000000000, 0.000000000000000000, 0.000000000000000000 ) ) ;
#1431 = DIRECTION ( 'NONE',  ( 1.000000000000000000, -9.654149949482787349E-17, 0.000000000000000000 ) ) ;
#1432 = DIRECTION ( 'NONE',  ( 9.654149949482789814E-17, 1.000000000000000000, -0.000000000000000000 ) ) ;
#1433 = DIRECTION ( 'NONE',  ( 0.8320502943378432770, 0.000000000000000000, -0.5547001962252295915 ) ) ;
#1434 = VECTOR ( 'NONE', #2053, 1000.000000000000000 ) ;
#1435 = CIRCLE ( 'NONE', #1329, 227.0833333333332007 ) ;
#1436 = VECTOR ( 'NONE', #144, 1000.000000000000000 ) ;
#1437 = VERTEX_POINT ( 'NONE', #1158 ) ;
#1438 = CARTESIAN_POINT ( 'NONE',  ( 21.89486764018801068, 0.3529517190406610272, 37.75223800153348463 ) ) ;
#1439 = EDGE_CURVE ( 'NONE', #1192, #662, #1521, .T. ) ;
#1440 = AXIS2_PLACEMENT_3D ( 'NONE', #1200, #1251, #1098 ) ;
#1441 = CARTESIAN_POINT ( 'NONE',  ( -30.00000000000000711, 73.75000000000001421, 12.42640687119286014 ) ) ;
#1442 = UNCERTAINTY_MEASURE_WITH_UNIT (LENGTH_MEASURE( 1.000000000000000082E-05 ), #690, 'distance_accuracy_value', 'NONE');
#1443 = ORIENTED_EDGE ( 'NONE', *, *, #983, .T. ) ;
#1444 = CARTESIAN_POINT ( 'NONE',  ( -10.00000000000000178, 41.09999999999999432, 5.099999999999999645 ) ) ;
#1445 = EDGE_LOOP ( 'NONE', ( #516, #2016, #569, #1102 ) ) ;
#1446 = FACE_OUTER_BOUND ( 'NONE', #593, .T. ) ;
#1447 = LINE ( 'NONE', #597, #1061 ) ;
#1448 =( LENGTH_UNIT ( ) NAMED_UNIT ( * ) SI_UNIT ( .MILLI., .METRE. ) );
#1449 =( REPRESENTATION_RELATIONSHIP ('NONE','NONE', #1273, #1664 ) REPRESENTATION_RELATIONSHIP_WITH_TRANSFORMATION ( #1992 )SHAPE_REPRESENTATION_RELATIONSHIP( ) );
#1450 = DIRECTION ( 'NONE',  ( -1.000000000000000000, 9.654149949482787349E-17, 0.000000000000000000 ) ) ;
#1451 = EDGE_LOOP ( 'NONE', ( #1041, #933, #1015, #361 ) ) ;
#1452 = FACE_OUTER_BOUND ( 'NONE', #493, .T. ) ;
#1453 = AXIS2_PLACEMENT_3D ( 'NONE', #1545, #191, #1741 ) ;
#1454 = ORIENTED_EDGE ( 'NONE', *, *, #1320, .T. ) ;
#1455 = CARTESIAN_POINT ( 'NONE',  ( -4.999999999999989342, 0.000000000000000000, 32.00000000000000711 ) ) ;
#1456 = SURFACE_STYLE_USAGE ( .BOTH. , #48 ) ;
#1457 = LINE ( 'NONE', #1976, #1369 ) ;
#1458 = DIRECTION ( 'NONE',  ( 0.000000000000000000, 1.000000000000000000, -0.000000000000000000 ) ) ;
#1459 = VERTEX_POINT ( 'NONE', #1841 ) ;
#1460 = CARTESIAN_POINT ( 'NONE',  ( 5.000000000000000000, 0.000000000000000000, 0.000000000000000000 ) ) ;
#1461 = DIRECTION ( 'NONE',  ( 0.000000000000000000, -1.000000000000000000, 0.000000000000000000 ) ) ;
#1462 = EDGE_LOOP ( 'NONE', ( #601, #469, #1552, #1955 ) ) ;
#1463 = VECTOR ( 'NONE', #1587, 1000.000000000000114 ) ;
#1464 = EDGE_CURVE ( 'NONE', #2118, #714, #2042, .T. ) ;
#1465 = EDGE_CURVE ( 'NONE', #2091, #130, #1863, .T. ) ;
#1466 = PLANE ( 'NONE',  #693 ) ;
#1467 = CONTEXT_DEPENDENT_SHAPE_REPRESENTATION ( #767, #928 ) ;
#1468 = DIRECTION ( 'NONE',  ( 1.781968836849767451E-16, 0.000000000000000000, 1.000000000000000000 ) ) ;
#1469 = ORIENTED_EDGE ( 'NONE', *, *, #2167, .F. ) ;
#1470 = CARTESIAN_POINT ( 'NONE',  ( 0.000000000000000000, 80.00000000000000000, 0.000000000000000000 ) ) ;
#1471 = CARTESIAN_POINT ( 'NONE',  ( -26.25000000000001066, 62.19669914110089337, 16.17640687119285658 ) ) ;
#1472 = DIRECTION ( 'NONE',  ( 0.000000000000000000, -0.000000000000000000, -1.000000000000000000 ) ) ;
#1473 = AXIS2_PLACEMENT_3D ( 'NONE', #1420, #923, #2059 ) ;
#1474 = ORIENTED_EDGE ( 'NONE', *, *, #683, .T. ) ;
#1475 = CARTESIAN_POINT ( 'NONE',  ( 0.000000000000000000, 0.000000000000000000, 0.000000000000000000 ) ) ;
#1476 = PRODUCT_CONTEXT ( 'NONE', #1115, 'mechanical' ) ;
#1477 = DIRECTION ( 'NONE',  ( 1.000000000000000000, 0.000000000000000000, -1.224646799147353207E-16 ) ) ;
#1478 = ORIENTED_EDGE ( 'NONE', *, *, #673, .F. ) ;
#1479 = CARTESIAN_POINT ( 'NONE',  ( -18.00000000000000711, 20.00000000000000355, -5.000000000000000000 ) ) ;
#1480 = ADVANCED_FACE ( 'NONE', ( #325 ), #1533, .T. ) ;
#1481 = ADVANCED_FACE ( 'NONE', ( #1875 ), #334, .F. ) ;
#1482 = DIRECTION ( 'NONE',  ( 9.654149949482789814E-17, 1.000000000000000000, -0.000000000000000000 ) ) ;
#1483 = DIRECTION ( 'NONE',  ( 9.654149949482789814E-17, 1.000000000000000000, -0.000000000000000000 ) ) ;
#1484 = DIRECTION ( 'NONE',  ( 1.000000000000000000, -1.387778780781445676E-16, 0.000000000000000000 ) ) ;
#1485 = ORIENTED_EDGE ( 'NONE', *, *, #1375, .T. ) ;
#1486 = APPLICATION_CONTEXT ( 'automotive_design' ) ;
#1487 = CARTESIAN_POINT ( 'NONE',  ( 30.00000000000000711, 2.000000000000000000, 19.99999999999998934 ) ) ;
#1488 = CONTEXT_DEPENDENT_SHAPE_REPRESENTATION ( #1449, #1422 ) ;
#1489 = ADVANCED_FACE ( 'NONE', ( #887 ), #544, .F. ) ;
#1490 = CARTESIAN_POINT ( 'NONE',  ( 1.258312158810909859E-15, 0.000000000000000000, 5.000000000000000000 ) ) ;
#1491 = ORIENTED_EDGE ( 'NONE', *, *, #416, .T. ) ;
#1492 = DIRECTION ( 'NONE',  ( 0.000000000000000000, 1.000000000000000000, 3.469446951953613203E-16 ) ) ;
#1493 = PLANE ( 'NONE',  #1712 ) ;
#1494 = DIRECTION ( 'NONE',  ( -1.000000000000000000, 0.000000000000000000, 0.000000000000000000 ) ) ;
#1495 = DIRECTION ( 'NONE',  ( -0.7071067811865474617, 0.000000000000000000, -0.7071067811865474617 ) ) ;
#1496 = EDGE_LOOP ( 'NONE', ( #1707, #2105, #1173, #1241 ) ) ;
#1497 = CARTESIAN_POINT ( 'NONE',  ( -30.00000000000000711, 10.00000000000000178, 4.999999999999998224 ) ) ;
#1498 = APPLICATION_PROTOCOL_DEFINITION ( 'draft international standard', 'automotive_design', 1998, #309 ) ;
#1499 = COLOUR_RGB ( '',0.7921568627450980005, 0.8196078431372548767, 0.9333333333333333481 ) ;
#1500 = ADVANCED_FACE ( 'NONE', ( #1239 ), #1248, .T. ) ;
#1501 = CARTESIAN_POINT ( 'NONE',  ( 12.42640687119284593, 0.000000000000000000, -29.99999999999999645 ) ) ;
#1502 = ORIENTED_EDGE ( 'NONE', *, *, #1020, .F. ) ;
#1503 = DIRECTION ( 'NONE',  ( 0.7071067811865474617, 0.000000000000000000, 0.7071067811865474617 ) ) ;
#1504 = VECTOR ( 'NONE', #160, 1000.000000000000000 ) ;
#1505 = VECTOR ( 'NONE', #316, 1000.000000000000000 ) ;
#1506 = FACE_OUTER_BOUND ( 'NONE', #971, .T. ) ;
#1507 = VERTEX_POINT ( 'NONE', #1067 ) ;
#1508 = DIRECTION ( 'NONE',  ( 0.000000000000000000, -1.734723475976806848E-16, -1.000000000000000000 ) ) ;
#1509 = DIRECTION ( 'NONE',  ( 0.7071067811865475727, 0.000000000000000000, -0.7071067811865475727 ) ) ;
#1510 = ORIENTED_EDGE ( 'NONE', *, *, #455, .F. ) ;
#1511 = EDGE_CURVE ( 'NONE', #1995, #1176, #2075, .T. ) ;
#1512 = SURFACE_STYLE_USAGE ( .BOTH. , #964 ) ;
#1513 =( GEOMETRIC_REPRESENTATION_CONTEXT ( 3 ) GLOBAL_UNCERTAINTY_ASSIGNED_CONTEXT ( ( #75 ) ) GLOBAL_UNIT_ASSIGNED_CONTEXT ( ( #1016, #2092, #770 ) ) REPRESENTATION_CONTEXT ( 'NONE', 'WORKASPACE' ) );
#1514 = EDGE_CURVE ( 'NONE', #1323, #192, #736, .T. ) ;
#1515 = AXIS2_PLACEMENT_3D ( 'NONE', #1564, #1542, #215 ) ;
#1516 = EDGE_CURVE ( 'NONE', #425, #1203, #1970, .T. ) ;
#1517 = CARTESIAN_POINT ( 'NONE',  ( -26.25000000000001066, 60.00000000000000711, 16.17640687119285658 ) ) ;
#1518 = VERTEX_POINT ( 'NONE', #208 ) ;
#1519 = LINE ( 'NONE', #118, #1229 ) ;
#1520 = ORIENTED_EDGE ( 'NONE', *, *, #1901, .T. ) ;
#1521 = LINE ( 'NONE', #1196, #1832 ) ;
#1522 = LINE ( 'NONE', #1686, #1436 ) ;
#1523 = VECTOR ( 'NONE', #1757, 1000.000000000000000 ) ;
#1524 = EDGE_LOOP ( 'NONE', ( #1310, #2001, #355, #1870 ) ) ;
#1525 = LINE ( 'NONE', #1300, #1160 ) ;
#1526 = SPHERICAL_SURFACE ( 'NONE', #1730, 50.00000000000000000 ) ;
#1527 = ORIENTED_EDGE ( 'NONE', *, *, #1423, .T. ) ;
#1528 = LINE ( 'NONE', #1882, #1628 ) ;
#1529 = STYLED_ITEM ( 'NONE', ( #452 ), #156 ) ;
#1530 = VECTOR ( 'NONE', #533, 1000.000000000000000 ) ;
#1531 = DIRECTION ( 'NONE',  ( 9.654149949482787349E-17, 1.000000000000000000, -0.000000000000000000 ) ) ;
#1532 = ORIENTED_EDGE ( 'NONE', *, *, #168, .T. ) ;
#1533 = CYLINDRICAL_SURFACE ( 'NONE', #180, 4.999999999999995559 ) ;
#1534 = LINE ( 'NONE', #165, #1596 ) ;
#1535 = EDGE_LOOP ( 'NONE', ( #123, #879, #14, #502 ) ) ;
#1536 = ADVANCED_FACE ( 'NONE', ( #695, #1082 ), #1716, .F. ) ;
#1537 = CARTESIAN_POINT ( 'NONE',  ( 1.040834085586084257E-14, 4.336808689942017736E-16, 32.00000000000000711 ) ) ;
#1538 = ADVANCED_FACE ( 'NONE', ( #532 ), #217, .T. ) ;
#1539 = CARTESIAN_POINT ( 'NONE',  ( 4.437102403755920420E-15, 68.00000000000000000, -5.099999999999996092 ) ) ;
#1540 = EDGE_LOOP ( 'NONE', ( #1216, #2131, #464, #1884 ) ) ;
#1541 = VECTOR ( 'NONE', #1217, 1000.000000000000000 ) ;
#1542 = DIRECTION ( 'NONE',  ( -1.000000000000000000, 0.000000000000000000, 0.000000000000000000 ) ) ;
#1543 = ORIENTED_EDGE ( 'NONE', *, *, #137, .F. ) ;
#1544 = DIRECTION ( 'NONE',  ( -0.000000000000000000, 1.000000000000000000, 0.000000000000000000 ) ) ;
#1545 = CARTESIAN_POINT ( 'NONE',  ( 0.000000000000000000, 0.000000000000000000, 0.000000000000000000 ) ) ;
#1546 = AXIS2_PLACEMENT_3D ( 'NONE', #844, #720, #1560 ) ;
#1547 = ORIENTED_EDGE ( 'NONE', *, *, #1046, .F. ) ;
#1548 = ADVANCED_FACE ( 'NONE', ( #1076 ), #907, .F. ) ;
#1549 = AXIS2_PLACEMENT_3D ( 'NONE', #1830, #1289, #1433 ) ;
#1550 = AXIS2_PLACEMENT_3D ( 'NONE', #1808, #1012, #1982 ) ;
#1551 = LINE ( 'NONE', #1880, #2128 ) ;
#1552 = ORIENTED_EDGE ( 'NONE', *, *, #712, .T. ) ;
#1553 =( NAMED_UNIT ( * ) SI_UNIT ( $, .STERADIAN. ) SOLID_ANGLE_UNIT ( ) );
#1554 = PLANE ( 'NONE',  #1515 ) ;
#1555 = ORIENTED_EDGE ( 'NONE', *, *, #468, .F. ) ;
#1556 = CARTESIAN_POINT ( 'NONE',  ( 0.000000000000000000, 38.89999999999999147, 0.000000000000000000 ) ) ;
#1557 = DIRECTION ( 'NONE',  ( -1.000000000000000000, 0.000000000000000000, 0.000000000000000000 ) ) ;
#1558 = EDGE_CURVE ( 'NONE', #106, #1421, #15, .T. ) ;
#1559 = ORIENTED_EDGE ( 'NONE', *, *, #1961, .F. ) ;
#1560 = DIRECTION ( 'NONE',  ( 0.8320502943378433880, 0.000000000000000000, -0.5547001962252294804 ) ) ;
#1561 = ORIENTED_EDGE ( 'NONE', *, *, #1108, .F. ) ;
#1562 =( LENGTH_UNIT ( ) NAMED_UNIT ( * ) SI_UNIT ( .MILLI., .METRE. ) );
#1563 =( REPRESENTATION_RELATIONSHIP ('NONE','NONE', #1273, #1123 ) REPRESENTATION_RELATIONSHIP_WITH_TRANSFORMATION ( #1849 )SHAPE_REPRESENTATION_RELATIONSHIP( ) );
#1564 = CARTESIAN_POINT ( 'NONE',  ( 5.000000000000000000, 100.0000000000000000, 0.000000000000000000 ) ) ;
#1565 = VERTEX_POINT ( 'NONE', #2095 ) ;
#1566 = DIRECTION ( 'NONE',  ( 0.000000000000000000, 1.000000000000000000, 0.000000000000000000 ) ) ;
#1567 = DIRECTION ( 'NONE',  ( -9.654149949482787349E-17, -1.000000000000000000, 0.000000000000000000 ) ) ;
#1568 = ADVANCED_FACE ( 'NONE', ( #1377 ), #520, .T. ) ;
#1569 = EDGE_LOOP ( 'NONE', ( #197, #838, #1208, #512 ) ) ;
#1570 = CARTESIAN_POINT ( 'NONE',  ( 5.000000000000000000, 2.000000000000000000, -3.333333333333323711 ) ) ;
#1571 = ORIENTED_EDGE ( 'NONE', *, *, #1398, .F. ) ;
#1572 =( LENGTH_UNIT ( ) NAMED_UNIT ( * ) SI_UNIT ( .MILLI., .METRE. ) );
#1573 = VECTOR ( 'NONE', #2149, 1000.000000000000000 ) ;
#1574 = ADVANCED_FACE ( 'NONE', ( #1577 ), #1920, .F. ) ;
#1575 = CARTESIAN_POINT ( 'NONE',  ( 0.000000000000000000, 41.09999999999998721, 0.000000000000000000 ) ) ;
#1576 = VERTEX_POINT ( 'NONE', #876 ) ;
#1577 = FACE_OUTER_BOUND ( 'NONE', #285, .T. ) ;
#1578 = CARTESIAN_POINT ( 'NONE',  ( -10.00000000000000178, 41.09999999999999432, 5.099999999999999645 ) ) ;
#1579 = ORIENTED_EDGE ( 'NONE', *, *, #2083, .F. ) ;
#1580 = CARTESIAN_POINT ( 'NONE',  ( -12.42640687119286191, 80.00000000000000000, 30.00000000000000711 ) ) ;
#1581 = ADVANCED_FACE ( 'NONE', ( #897 ), #556, .T. ) ;
#1582 = CARTESIAN_POINT ( 'NONE',  ( 29.99999999999998579, 2.000000000000000000, -25.00000000000001066 ) ) ;
#1583 = VERTEX_POINT ( 'NONE', #372 ) ;
#1584 = DIRECTION ( 'NONE',  ( 4.930380657631323784E-32, -1.110223024625156540E-16, -1.000000000000000000 ) ) ;
#1585 = CARTESIAN_POINT ( 'NONE',  ( -4.999999999999990230, 60.00000000000000000, 32.00000000000000711 ) ) ;
#1586 = ORIENTED_EDGE ( 'NONE', *, *, #2072, .T. ) ;
#1587 = DIRECTION ( 'NONE',  ( -0.8333301183313625016, 0.000000000000000000, 0.5527756451598038190 ) ) ;
#1588 = PLANE ( 'NONE',  #270 ) ;
#1589 = ORIENTED_EDGE ( 'NONE', *, *, #2137, .F. ) ;
#1590 = CARTESIAN_POINT ( 'NONE',  ( -30.00000000000000711, 80.00000000000000000, -12.42640687119284770 ) ) ;
#1591 = EDGE_CURVE ( 'NONE', #28, #96, #1650, .T. ) ;
#1592 = AXIS2_PLACEMENT_3D ( 'NONE', #752, #1432, #1792 ) ;
#1593 = LINE ( 'NONE', #1582, #522 ) ;
#1594 = ORIENTED_EDGE ( 'NONE', *, *, #482, .F. ) ;
#1595 = DIRECTION ( 'NONE',  ( 0.000000000000000000, 0.000000000000000000, 1.000000000000000000 ) ) ;
#1596 = VECTOR ( 'NONE', #898, 1000.000000000000114 ) ;
#1597 = PLANE ( 'NONE',  #1206 ) ;
#1598 = VECTOR ( 'NONE', #1088, 1000.000000000000000 ) ;
#1599 = VECTOR ( 'NONE', #1283, 1000.000000000000000 ) ;
#1600 = VERTEX_POINT ( 'NONE', #1601 ) ;
#1601 = CARTESIAN_POINT ( 'NONE',  ( -30.00000000000000711, 41.09999999999998721, 12.42640687119286014 ) ) ;
#1602 = DIRECTION ( 'NONE',  ( 0.000000000000000000, -0.000000000000000000, 1.000000000000000000 ) ) ;
#1603 = CARTESIAN_POINT ( 'NONE',  ( -26.25000000000001066, 60.00000000000000711, 16.17640687119285658 ) ) ;
#1604 = DIRECTION ( 'NONE',  ( 0.000000000000000000, 0.000000000000000000, 1.000000000000000000 ) ) ;
#1605 = PRODUCT_DEFINITION_SHAPE ( 'NONE', 'NONE',  #1799 ) ;
#1606 = EDGE_CURVE ( 'NONE', #546, #119, #750, .T. ) ;
#1607 = ADVANCED_FACE ( 'NONE', ( #1770 ), #918, .T. ) ;
#1608 = DIRECTION ( 'NONE',  ( 0.000000000000000000, -1.000000000000000000, 0.000000000000000000 ) ) ;
#1609 = EDGE_CURVE ( 'NONE', #1459, #527, #228, .T. ) ;
#1610 = SHAPE_REPRESENTATION_RELATIONSHIP ( 'NONE' , 'NONE' ,  #111, #1166 ) ;
#1611 = APPLICATION_CONTEXT ( 'automotive_design' ) ;
#1612 = LINE ( 'NONE', #1789, #110 ) ;
#1613 = VERTEX_POINT ( 'NONE', #1168 ) ;
#1614 = CARTESIAN_POINT ( 'NONE',  ( -4.999999999999989342, 0.000000000000000000, 32.00000000000000711 ) ) ;
#1615 = DIRECTION ( 'NONE',  ( 0.8320502943378438321, 0.000000000000000000, 0.5547001962252288143 ) ) ;
#1616 = DIRECTION ( 'NONE',  ( 0.000000000000000000, 0.000000000000000000, -1.000000000000000000 ) ) ;
#1617 = AXIS2_PLACEMENT_3D ( 'NONE', #1009, #1685, #849 ) ;
#1618 = EDGE_LOOP ( 'NONE', ( #2088, #396, #224, #399 ) ) ;
#1619 = FACE_OUTER_BOUND ( 'NONE', #1451, .T. ) ;
#1620 = VECTOR ( 'NONE', #2043, 1000.000000000000000 ) ;
#1621 = DIRECTION ( 'NONE',  ( 0.000000000000000000, -0.000000000000000000, 1.000000000000000000 ) ) ;
#1622 = DIRECTION ( 'NONE',  ( -1.000000000000000000, -7.395570986446985676E-32, 2.465190328815661892E-32 ) ) ;
#1623 = CARTESIAN_POINT ( 'NONE',  ( -18.00000000000000711, 60.00000000000000711, 16.17640687119285658 ) ) ;
#1624 = UNCERTAINTY_MEASURE_WITH_UNIT (LENGTH_MEASURE( 1.000000000000000082E-05 ), #1572, 'distance_accuracy_value', 'NONE');
#1625 = ORIENTED_EDGE ( 'NONE', *, *, #1558, .F. ) ;
#1626 = PLANE ( 'NONE',  #852 ) ;
#1627 = DIRECTION ( 'NONE',  ( 1.000000000000000000, -0.000000000000000000, 0.000000000000000000 ) ) ;
#1628 = VECTOR ( 'NONE', #2082, 1000.000000000000000 ) ;
#1629 = LINE ( 'NONE', #1455, #1573 ) ;
#1630 = AXIS2_PLACEMENT_3D ( 'NONE', #380, #518, #1065 ) ;
#1631 = PRESENTATION_STYLE_ASSIGNMENT (( #1456 ) ) ;
#1632 = ITEM_DEFINED_TRANSFORMATION ( 'NONE', 'NONE', #1027,  #1404 ) ;
#1633 = AXIS2_PLACEMENT_3D ( 'NONE', #895, #1194, #24 ) ;
#1634 = DIRECTION ( 'NONE',  ( 0.000000000000000000, -0.000000000000000000, -1.000000000000000000 ) ) ;
#1635 = ORIENTED_EDGE ( 'NONE', *, *, #1346, .T. ) ;
#1636 = CARTESIAN_POINT ( 'NONE',  ( 130.0000000000000000, 2.000000000000000000, 24.99999999999992539 ) ) ;
#1637 = VECTOR ( 'NONE', #751, 1000.000000000000000 ) ;
#1638 = ORIENTED_EDGE ( 'NONE', *, *, #1828, .F. ) ;
#1639 = DIRECTION ( 'NONE',  ( -0.8320502943378433880, -0.000000000000000000, 0.5547001962252294804 ) ) ;
#1640 = EDGE_CURVE ( 'NONE', #714, #2108, #1110, .T. ) ;
#1641 = EDGE_CURVE ( 'NONE', #1054, #49, #1938, .T. ) ;
#1642 =( NAMED_UNIT ( * ) SI_UNIT ( $, .STERADIAN. ) SOLID_ANGLE_UNIT ( ) );
#1643 = PRODUCT_CONTEXT ( 'NONE', #1725, 'mechanical' ) ;
#1644 = CARTESIAN_POINT ( 'NONE',  ( -35.00000000000000000, 60.00000000000000711, 8.676406871192861914 ) ) ;
#1645 = ORIENTED_EDGE ( 'NONE', *, *, #1212, .F. ) ;
#1646 = LINE ( 'NONE', #642, #385 ) ;
#1647 = PLANE ( 'NONE',  #420 ) ;
#1648 = CARTESIAN_POINT ( 'NONE',  ( -4.999999999999989342, 0.000000000000000000, 32.00000000000000711 ) ) ;
#1649 = EDGE_LOOP ( 'NONE', ( #1742, #1182, #414, #1365 ) ) ;
#1650 = CIRCLE ( 'NONE', #681, 5.099999999999999645 ) ;
#1651 = ORIENTED_EDGE ( 'NONE', *, *, #157, .T. ) ;
#1652 = LINE ( 'NONE', #1487, #2133 ) ;
#1653 = ADVANCED_FACE ( 'NONE', ( #154 ), #306, .F. ) ;
#1654 = DIRECTION ( 'NONE',  ( 0.7071067811865474617, 0.000000000000000000, 0.7071067811865474617 ) ) ;
#1655 = AXIS2_PLACEMENT_3D ( 'NONE', #226, #931, #1450 ) ;
#1656 = VERTEX_POINT ( 'NONE', #768 ) ;
#1657 = MANIFOLD_SOLID_BREP ( 'Boss-Extrude1', #1381 ) ;
#1658 = DIRECTION ( 'NONE',  ( 1.301042606982607539E-16, 0.000000000000000000, 1.000000000000000000 ) ) ;
#1659 = VECTOR ( 'NONE', #2002, 1000.000000000000000 ) ;
#1660 = ORIENTED_EDGE ( 'NONE', *, *, #835, .F. ) ;
#1661 = CARTESIAN_POINT ( 'NONE',  ( -10.00000000000000178, 41.09999999999999432, -5.099999999999999645 ) ) ;
#1662 = VECTOR ( 'NONE', #1338, 1000.000000000000000 ) ;
#1663 = ORIENTED_EDGE ( 'NONE', *, *, #283, .F. ) ;
#1664 = SHAPE_REPRESENTATION ( 'Dish P1', ( #1404 ), #47 ) ;
#1665 = EDGE_CURVE ( 'NONE', #1359, #307, #291, .T. ) ;
#1666 = EDGE_CURVE ( 'NONE', #266, #1600, #1447, .T. ) ;
#1667 = EDGE_CURVE ( 'NONE', #437, #1919, #1522, .T. ) ;
#1668 = CARTESIAN_POINT ( 'NONE',  ( -30.00000000000001066, 5.099999999999996980, 12.42640687119285126 ) ) ;
#1669 = ITEM_DEFINED_TRANSFORMATION ( 'NONE', 'NONE', #618,  #1404 ) ;
#1670 = LINE ( 'NONE', #808, #2190 ) ;
#1671 = VERTEX_POINT ( 'NONE', #1786 ) ;
#1672 = LINE ( 'NONE', #1328, #1137 ) ;
#1673 = LINE ( 'NONE', #1695, #275 ) ;
#1674 = ORIENTED_EDGE ( 'NONE', *, *, #1667, .F. ) ;
#1675 = CARTESIAN_POINT ( 'NONE',  ( 9.654149949482786609E-16, 10.00000000000000000, 0.000000000000000000 ) ) ;
#1676 = CARTESIAN_POINT ( 'NONE',  ( -28.81385196830318307, 9.500000000000005329, 3.528679158408814832E-15 ) ) ;
#1677 = VERTEX_POINT ( 'NONE', #825 ) ;
#1678 = ADVANCED_FACE ( 'NONE', ( #981 ), #804, .T. ) ;
#1679 = CARTESIAN_POINT ( 'NONE',  ( 0.000000000000000000, 49.74937185533099893, 0.000000000000000000 ) ) ;
#1680 =( NAMED_UNIT ( * ) SI_UNIT ( $, .STERADIAN. ) SOLID_ANGLE_UNIT ( ) );
#1681 = DIRECTION ( 'NONE',  ( 0.000000000000000000, 0.000000000000000000, -1.000000000000000000 ) ) ;
#1682 = ORIENTED_EDGE ( 'NONE', *, *, #868, .T. ) ;
#1683 = LINE ( 'NONE', #2154, #665 ) ;
#1684 = ORIENTED_EDGE ( 'NONE', *, *, #1262, .F. ) ;
#1685 = DIRECTION ( 'NONE',  ( 9.654149949482787349E-17, 1.000000000000000000, -0.000000000000000000 ) ) ;
#1686 = CARTESIAN_POINT ( 'NONE',  ( -4.999999999999990230, 60.00000000000000000, 32.00000000000000711 ) ) ;
#1687 = UNCERTAINTY_MEASURE_WITH_UNIT (LENGTH_MEASURE( 1.000000000000000082E-05 ), #310, 'distance_accuracy_value', 'NONE');
#1688 = ORIENTED_EDGE ( 'NONE', *, *, #1032, .T. ) ;
#1689 = ADVANCED_FACE ( 'NONE', ( #1619 ), #1347, .F. ) ;
#1690 = VECTOR ( 'NONE', #1356, 1000.000000000000000 ) ;
#1691 = EDGE_CURVE ( 'NONE', #440, #1008, #541, .T. ) ;
#1692 = DIRECTION ( 'NONE',  ( -0.000000000000000000, 1.000000000000000000, -0.000000000000000000 ) ) ;
#1693 = CARTESIAN_POINT ( 'NONE',  ( -12.42640687119286547, 0.000000000000000000, -29.99999999999999289 ) ) ;
#1694 = ORIENTED_EDGE ( 'NONE', *, *, #108, .T. ) ;
#1695 = CARTESIAN_POINT ( 'NONE',  ( -24.90000000000000568, 80.00000000000000000, -17.52640687119284735 ) ) ;
#1696 = FACE_OUTER_BOUND ( 'NONE', #1966, .T. ) ;
#1697 = LINE ( 'NONE', #589, #866 ) ;
#1698 = ORIENTED_EDGE ( 'NONE', *, *, #616, .F. ) ;
#1699 = DIRECTION ( 'NONE',  ( 0.000000000000000000, 0.000000000000000000, -1.000000000000000000 ) ) ;
#1700 = CARTESIAN_POINT ( 'NONE',  ( 30.00000000000000711, 2.000000000000000000, 19.99999999999998934 ) ) ;
#1701 = VERTEX_POINT ( 'NONE', #2013 ) ;
#1702 = DIRECTION ( 'NONE',  ( 1.224646799147353207E-16, -1.182292383412267776E-32, -1.000000000000000000 ) ) ;
#1703 = CARTESIAN_POINT ( 'NONE',  ( 6.254710617342683496E-15, 68.00000000000000000, 5.100000000000003197 ) ) ;
#1704 = CARTESIAN_POINT ( 'NONE',  ( 5.345906510549301958E-15, 68.00000000000000000, 3.469446951953614189E-15 ) ) ;
#1705 = DIRECTION ( 'NONE',  ( 9.654149949482787349E-17, 1.000000000000000000, -0.000000000000000000 ) ) ;
#1706 = AXIS2_PLACEMENT_3D ( 'NONE', #818, #102, #115 ) ;
#1707 = ORIENTED_EDGE ( 'NONE', *, *, #486, .F. ) ;
#1708 = PRESENTATION_LAYER_ASSIGNMENT (  '', '', ( #56 ) ) ;
#1709 = DIRECTION ( 'NONE',  ( 1.000000000000000000, 0.000000000000000000, 0.000000000000000000 ) ) ;
#1710 = CARTESIAN_POINT ( 'NONE',  ( 30.00000000000000000, 2.000000000000000000, 24.99999999999998934 ) ) ;
#1711 = ORIENTED_EDGE ( 'NONE', *, *, #72, .T. ) ;
#1712 = AXIS2_PLACEMENT_3D ( 'NONE', #333, #2000, #832 ) ;
#1713 = EDGE_CURVE ( 'NONE', #1701, #675, #1159, .T. ) ;
#1714 = PLANE ( 'NONE',  #1630 ) ;
#1715 = ORIENTED_EDGE ( 'NONE', *, *, #837, .F. ) ;
#1716 = PLANE ( 'NONE',  #1724 ) ;
#1717 = CARTESIAN_POINT ( 'NONE',  ( 5.000000000000000000, 0.000000000000000000, -3.333333333333323711 ) ) ;
#1718 = ORIENTED_EDGE ( 'NONE', *, *, #551, .T. ) ;
#1719 = FACE_OUTER_BOUND ( 'NONE', #2170, .T. ) ;
#1720 = EDGE_CURVE ( 'NONE', #43, #1840, #1697, .T. ) ;
#1721 = EDGE_CURVE ( 'NONE', #784, #440, #471, .T. ) ;
#1722 = DIRECTION ( 'NONE',  ( 1.000000000000000000, 0.000000000000000000, -0.000000000000000000 ) ) ;
#1723 = ORIENTED_EDGE ( 'NONE', *, *, #835, .T. ) ;
#1724 = AXIS2_PLACEMENT_3D ( 'NONE', #1402, #1544, #1227 ) ;
#1725 = APPLICATION_CONTEXT ( 'automotive_design' ) ;
#1726 = LINE ( 'NONE', #2084, #2100 ) ;
#1727 = VERTEX_POINT ( 'NONE', #1045 ) ;
#1728 = CARTESIAN_POINT ( 'NONE',  ( 0.000000000000000000, 0.000000000000000000, -29.99999999999999645 ) ) ;
#1729 = DIRECTION ( 'NONE',  ( 0.000000000000000000, 0.000000000000000000, 1.000000000000000000 ) ) ;
#1730 = AXIS2_PLACEMENT_3D ( 'NONE', #505, #1050, #856 ) ;
#1731 = AXIS2_PLACEMENT_3D ( 'NONE', #360, #1387, #850 ) ;
#1732 = VERTEX_POINT ( 'NONE', #2055 ) ;
#1733 = AXIS2_PLACEMENT_3D ( 'NONE', #44, #1180, #2114 ) ;
#1734 = ADVANCED_FACE ( 'NONE', ( #1358 ), #1056, .T. ) ;
#1735 = VERTEX_POINT ( 'NONE', #151 ) ;
#1736 = CARTESIAN_POINT ( 'NONE',  ( -35.00000000000000000, 70.00000000000000000, 8.676406871192861914 ) ) ;
#1737 = ORIENTED_EDGE ( 'NONE', *, *, #719, .F. ) ;
#1738 = CARTESIAN_POINT ( 'NONE',  ( -24.90000000000000568, 0.000000000000000000, -17.52640687119284735 ) ) ;
#1739 = EDGE_LOOP ( 'NONE', ( #1638, #1527, #836, #819 ) ) ;
#1740 = CARTESIAN_POINT ( 'NONE',  ( 5.345906510549301958E-15, 80.00000000000000000, 3.469446951953614189E-15 ) ) ;
#1741 = DIRECTION ( 'NONE',  ( 0.000000000000000000, 0.000000000000000000, -1.000000000000000000 ) ) ;
#1742 = ORIENTED_EDGE ( 'NONE', *, *, #364, .F. ) ;
#1743 = EDGE_CURVE ( 'NONE', #23, #1735, #761, .T. ) ;
#1744 = VECTOR ( 'NONE', #17, 1000.000000000000000 ) ;
#1745 = LINE ( 'NONE', #674, #470 ) ;
#1746 = ORIENTED_EDGE ( 'NONE', *, *, #1743, .T. ) ;
#1747 = DIRECTION ( 'NONE',  ( 1.000000000000000000, 0.000000000000000000, 0.000000000000000000 ) ) ;
#1748 = CARTESIAN_POINT ( 'NONE',  ( -18.00000000000000711, 70.00000000000000000, 16.17640687119285658 ) ) ;
#1749 = ORIENTED_EDGE ( 'NONE', *, *, #534, .F. ) ;
#1750 = DIRECTION ( 'NONE',  ( -1.000000000000000000, 0.000000000000000000, -0.000000000000000000 ) ) ;
#1751 = LINE ( 'NONE', #1210, #739 ) ;
#1752 = ORIENTED_EDGE ( 'NONE', *, *, #319, .T. ) ;
#1753 = EDGE_CURVE ( 'NONE', #1220, #972, #2087, .T. ) ;
#1754 = VERTEX_POINT ( 'NONE', #2067 ) ;
#1755 = SHAPE_REPRESENTATION_RELATIONSHIP ( 'NONE' , 'NONE' ,  #1123, #131 ) ;
#1756 = AXIS2_PLACEMENT_3D ( 'NONE', #359, #382, #1750 ) ;
#1757 = DIRECTION ( 'NONE',  ( -1.000000000000000000, -0.000000000000000000, -1.040834085586084503E-16 ) ) ;
#1758 = ORIENTED_EDGE ( 'NONE', *, *, #463, .T. ) ;
#1759 = CARTESIAN_POINT ( 'NONE',  ( -26.25000000000000355, 72.19669914110089337, 16.17640687119285658 ) ) ;
#1760 = DIRECTION ( 'NONE',  ( -1.000000000000000000, 0.000000000000000000, -0.000000000000000000 ) ) ;
#1761 = ORIENTED_EDGE ( 'NONE', *, *, #1321, .F. ) ;
#1762 = DIRECTION ( 'NONE',  ( -1.000000000000000000, 0.000000000000000000, 6.591949208711866959E-16 ) ) ;
#1763 = AXIS2_PLACEMENT_3D ( 'NONE', #2036, #854, #1699 ) ;
#1764 = DIRECTION ( 'NONE',  ( 0.000000000000000000, 0.000000000000000000, -1.000000000000000000 ) ) ;
#1765 = CARTESIAN_POINT ( 'NONE',  ( 21.89486764018800002, 70.35295171904067502, 37.75223800153349885 ) ) ;
#1766 = CIRCLE ( 'NONE', #1550, 1.000000000000029532 ) ;
#1767 = PRODUCT_DEFINITION_SHAPE ( 'NONE', 'NONE',  #2219 ) ;
#1768 = DIRECTION ( 'NONE',  ( 9.654149949482787349E-17, 1.000000000000000000, -0.000000000000000000 ) ) ;
#1769 = ORIENTED_EDGE ( 'NONE', *, *, #1844, .T. ) ;
#1770 = FACE_OUTER_BOUND ( 'NONE', #2145, .T. ) ;
#1771 = CARTESIAN_POINT ( 'NONE',  ( -40.00000000000000000, 41.09999999999999432, -25.00000000000000000 ) ) ;
#1772 = FACE_OUTER_BOUND ( 'NONE', #1066, .T. ) ;
#1773 = CARTESIAN_POINT ( 'NONE',  ( -30.00000000000000711, 60.00000000000000711, 8.676406871192861914 ) ) ;
#1774 = CLOSED_SHELL ( 'NONE', ( #634, #1734, #1574, #1109, #1118, #1187, #920, #1653, #2147, #1993, #2038, #1981, #308, #1581, #652, #183, #1481, #536, #2009, #402, #1986, #1607, #2080, #2127, #2062, #1538, #419, #1232, #1193, #128, #1689, #7 ) ) ;
#1775 = PRODUCT_DEFINITION ( 'UNKNOWN', '', #261, #1112 ) ;
#1776 = CLOSED_SHELL ( 'NONE', ( #1937, #1352, #1678, #1500, #150, #1480, #787, #912, #69, #179 ) ) ;
#1777 = EDGE_CURVE ( 'NONE', #1877, #425, #347, .T. ) ;
#1778 = DIRECTION ( 'NONE',  ( -0.000000000000000000, 1.000000000000000000, 0.000000000000000000 ) ) ;
#1779 = DIRECTION ( 'NONE',  ( 0.000000000000000000, -1.000000000000000000, -1.734723475976806848E-16 ) ) ;
#1780 = AXIS2_PLACEMENT_3D ( 'NONE', #953, #395, #1764 ) ;
#1781 = ORIENTED_EDGE ( 'NONE', *, *, #702, .T. ) ;
#1782 = DIRECTION ( 'NONE',  ( 0.000000000000000000, 0.000000000000000000, -1.000000000000000000 ) ) ;
#1783 = CARTESIAN_POINT ( 'NONE',  ( 5.000000000000000000, 0.000000000000000000, -3.333333333333323711 ) ) ;
#1784 = FACE_OUTER_BOUND ( 'NONE', #1790, .T. ) ;
#1785 = ORIENTED_EDGE ( 'NONE', *, *, #346, .F. ) ;
#1786 = CARTESIAN_POINT ( 'NONE',  ( -30.00000000000000711, 41.09999999999998721, -12.42640687119284770 ) ) ;
#1787 = CARTESIAN_POINT ( 'NONE',  ( 1.258312158810909859E-15, 2.000000000000000000, 5.000000000000000000 ) ) ;
#1788 = DIRECTION ( 'NONE',  ( 0.000000000000000000, 0.000000000000000000, 1.000000000000000000 ) ) ;
#1789 = CARTESIAN_POINT ( 'NONE',  ( 0.000000000000000000, 0.000000000000000000, 0.000000000000000000 ) ) ;
#1790 = EDGE_LOOP ( 'NONE', ( #722, #1674, #1188, #2196 ) ) ;
#1791 = FACE_OUTER_BOUND ( 'NONE', #1847, .T. ) ;
#1792 = DIRECTION ( 'NONE',  ( -1.000000000000000000, 0.000000000000000000, 0.000000000000000000 ) ) ;
#1793 = DIRECTION ( 'NONE',  ( 0.000000000000000000, 0.000000000000000000, -1.000000000000000000 ) ) ;
#1794 = PRESENTATION_LAYER_ASSIGNMENT (  '', '', ( #537 ) ) ;
#1795 = APPLICATION_CONTEXT ( 'automotive_design' ) ;
#1796 = AXIS2_PLACEMENT_3D ( 'NONE', #997, #122, #326 ) ;
#1797 = PLANE ( 'NONE',  #924 ) ;
#1798 = SHAPE_DEFINITION_REPRESENTATION ( #942, #1123 ) ;
#1799 = PRODUCT_DEFINITION ( 'UNKNOWN', '', #1339, #1284 ) ;
#1800 = CARTESIAN_POINT ( 'NONE',  ( -35.00000000000000000, 0.000000000000000000, 0.000000000000000000 ) ) ;
#1801 = EDGE_LOOP ( 'NONE', ( #1272, #2068, #509, #626, #9 ) ) ;
#1802 = CARTESIAN_POINT ( 'NONE',  ( 30.00000000000000711, 0.000000000000000000, 19.99999999999998934 ) ) ;
#1803 = EDGE_CURVE ( 'NONE', #1900, #972, #1897, .T. ) ;
#1804 = EDGE_LOOP ( 'NONE', ( #921, #178, #2044, #40 ) ) ;
#1805 =( GEOMETRIC_REPRESENTATION_CONTEXT ( 3 ) GLOBAL_UNCERTAINTY_ASSIGNED_CONTEXT ( ( #1348 ) ) GLOBAL_UNIT_ASSIGNED_CONTEXT ( ( #1562, #356, #2049 ) ) REPRESENTATION_CONTEXT ( 'NONE', 'WORKASPACE' ) );
#1806 = CARTESIAN_POINT ( 'NONE',  ( 0.000000000000000000, 100.0000000000000000, -5.000000000000000000 ) ) ;
#1807 = TOROIDAL_SURFACE ( 'NONE', #263, 28.81385196830317952, 0.5000000000000000000 ) ;
#1808 = CARTESIAN_POINT ( 'NONE',  ( 0.000000000000000000, 39.00000000000000000, 0.000000000000000000 ) ) ;
#1809 = VECTOR ( 'NONE', #272, 1000.000000000000000 ) ;
#1810 = PRODUCT_CONTEXT ( 'NONE', #805, 'mechanical' ) ;
#1811 = TOROIDAL_SURFACE ( 'NONE', #959, -224.5833333333331439, 227.0833333333331723 ) ;
#1812 = EDGE_CURVE ( 'NONE', #1437, #937, #1921, .T. ) ;
#1813 = DIRECTION ( 'NONE',  ( -1.000000000000000000, 0.000000000000000000, 0.000000000000000000 ) ) ;
#1814 = ORIENTED_EDGE ( 'NONE', *, *, #1407, .T. ) ;
#1815 = FACE_OUTER_BOUND ( 'NONE', #1820, .T. ) ;
#1816 = AXIS2_PLACEMENT_3D ( 'NONE', #1249, #426, #401 ) ;
#1817 = PRESENTATION_LAYER_ASSIGNMENT (  '', '', ( #237 ) ) ;
#1818 = CARTESIAN_POINT ( 'NONE',  ( -26.42870152576724863, 41.09999999999998721, -15.99770534542561329 ) ) ;
#1819 = CARTESIAN_POINT ( 'NONE',  ( -3.837463962891163304E-15, 10.00000000000000355, 0.000000000000000000 ) ) ;
#1820 = EDGE_LOOP ( 'NONE', ( #126, #2160, #1474, #1718 ) ) ;
#1821 = EDGE_CURVE ( 'NONE', #1565, #1169, #708, .T. ) ;
#1822 = ORIENTED_EDGE ( 'NONE', *, *, #697, .F. ) ;
#1823 = VECTOR ( 'NONE', #1186, 1000.000000000000000 ) ;
#1824 = APPLICATION_PROTOCOL_DEFINITION ( 'draft international standard', 'automotive_design', 1998, #1795 ) ;
#1825 = PLANE ( 'NONE',  #1134 ) ;
#1826 = EDGE_LOOP ( 'NONE', ( #917, #1761, #1214, #1933 ) ) ;
#1827 = DIRECTION ( 'NONE',  ( -0.000000000000000000, -0.000000000000000000, -1.000000000000000000 ) ) ;
#1828 = EDGE_CURVE ( 'NONE', #25, #1928, #1908, .T. ) ;
#1829 = ORIENTED_EDGE ( 'NONE', *, *, #837, .T. ) ;
#1830 = CARTESIAN_POINT ( 'NONE',  ( 5.000000000000000000, 2.000000000000000000, -3.333333333333323711 ) ) ;
#1831 = ORIENTED_EDGE ( 'NONE', *, *, #20, .T. ) ;
#1832 = VECTOR ( 'NONE', #1177, 1000.000000000000000 ) ;
#1833 = CYLINDRICAL_SURFACE ( 'NONE', #19, 2.500000000000000444 ) ;
#1834 = SHAPE_DEFINITION_REPRESENTATION ( #1605, #1664 ) ;
#1835 = VECTOR ( 'NONE', #8, 1000.000000000000000 ) ;
#1836 = DIRECTION ( 'NONE',  ( 0.8320502943378437211, 0.000000000000000000, 0.5547001962252290364 ) ) ;
#1837 = EDGE_LOOP ( 'NONE', ( #706, #1293, #615, #1416 ) ) ;
#1838 = DIRECTION ( 'NONE',  ( -0.000000000000000000, -1.000000000000000000, -0.000000000000000000 ) ) ;
#1839 = AXIS2_PLACEMENT_3D ( 'NONE', #1087, #503, #1762 ) ;
#1840 = VERTEX_POINT ( 'NONE', #1077 ) ;
#1841 = CARTESIAN_POINT ( 'NONE',  ( -30.00000000000000711, 66.25000000000000000, 12.42640687119286014 ) ) ;
#1842 = DIRECTION ( 'NONE',  ( -0.000000000000000000, -1.000000000000000000, -0.000000000000000000 ) ) ;
#1843 =( REPRESENTATION_RELATIONSHIP ('NONE','NONE', #1273, #111 ) REPRESENTATION_RELATIONSHIP_WITH_TRANSFORMATION ( #1669 )SHAPE_REPRESENTATION_RELATIONSHIP( ) );
#1844 = EDGE_CURVE ( 'NONE', #1754, #1211, #1367, .T. ) ;
#1845 = VECTOR ( 'NONE', #1171, 1000.000000000000000 ) ;
#1846 = VECTOR ( 'NONE', #1205, 1000.000000000000000 ) ;
#1847 = EDGE_LOOP ( 'NONE', ( #539, #1006, #1571, #2010, #812 ) ) ;
#1848 = CARTESIAN_POINT ( 'NONE',  ( -5.458002562049691249E-16, 0.000000000000000000, -5.000000000000000000 ) ) ;
#1849 = ITEM_DEFINED_TRANSFORMATION ( 'NONE', 'NONE', #1879,  #1404 ) ;
#1850 = LINE ( 'NONE', #284, #578 ) ;
#1851 = ORIENTED_EDGE ( 'NONE', *, *, #547, .F. ) ;
#1852 = CARTESIAN_POINT ( 'NONE',  ( 0.000000000000000000, 13.00000000000000000, 0.000000000000000000 ) ) ;
#1853 = DIRECTION ( 'NONE',  ( 0.000000000000000000, -1.000000000000000000, -3.469446951953613696E-16 ) ) ;
#1854 = LINE ( 'NONE', #305, #821 ) ;
#1855 =( NAMED_UNIT ( * ) SI_UNIT ( $, .STERADIAN. ) SOLID_ANGLE_UNIT ( ) );
#1856 = ORIENTED_EDGE ( 'NONE', *, *, #1125, .T. ) ;
#1857 = LINE ( 'NONE', #320, #796 ) ;
#1858 = FACE_OUTER_BOUND ( 'NONE', #543, .T. ) ;
#1859 = ORIENTED_EDGE ( 'NONE', *, *, #2063, .F. ) ;
#1860 = SURFACE_SIDE_STYLE ('',( #286 ) ) ;
#1861 = PLANE ( 'NONE',  #1975 ) ;
#1862 = ORIENTED_EDGE ( 'NONE', *, *, #583, .T. ) ;
#1863 = LINE ( 'NONE', #679, #1253 ) ;
#1864 = DIRECTION ( 'NONE',  ( 0.000000000000000000, -0.000000000000000000, 1.000000000000000000 ) ) ;
#1865 = EDGE_LOOP ( 'NONE', ( #341, #1198 ) ) ;
#1866 = ORIENTED_EDGE ( 'NONE', *, *, #1335, .F. ) ;
#1867 = CIRCLE ( 'NONE', #2187, 3.749999999999998224 ) ;
#1868 = DIRECTION ( 'NONE',  ( 1.395997647556734910E-16, -0.000000000000000000, 1.000000000000000000 ) ) ;
#1869 = CARTESIAN_POINT ( 'NONE',  ( 6.123233995736945995E-17, 40.00000000000002842, 0.000000000000000000 ) ) ;
#1870 = ORIENTED_EDGE ( 'NONE', *, *, #869, .T. ) ;
#1871 = CARTESIAN_POINT ( 'NONE',  ( 0.000000000000000000, 0.000000000000000000, 0.000000000000000000 ) ) ;
#1872 = EDGE_CURVE ( 'NONE', #960, #1362, #1534, .T. ) ;
#1873 = EDGE_CURVE ( 'NONE', #49, #2113, #481, .T. ) ;
#1874 = DIRECTION ( 'NONE',  ( -0.000000000000000000, -1.000000000000000000, -0.000000000000000000 ) ) ;
#1875 = FACE_OUTER_BOUND ( 'NONE', #830, .T. ) ;
#1876 = CARTESIAN_POINT ( 'NONE',  ( -4.999999999999990230, 60.00000000000000000, 30.00000000000000711 ) ) ;
#1877 = VERTEX_POINT ( 'NONE', #34 ) ;
#1878 = LINE ( 'NONE', #338, #113 ) ;
#1879 = AXIS2_PLACEMENT_3D ( 'NONE', #2119, #2132, #412 ) ;
#1880 = CARTESIAN_POINT ( 'NONE',  ( -12.42640687119286547, 41.09999999999998721, -29.99999999999999289 ) ) ;
#1881 = ORIENTED_EDGE ( 'NONE', *, *, #1514, .F. ) ;
#1882 = CARTESIAN_POINT ( 'NONE',  ( -18.00000000000000711, 70.00000000000000000, 8.676406871192861914 ) ) ;
#1883 = LINE ( 'NONE', #1215, #2205 ) ;
#1884 = ORIENTED_EDGE ( 'NONE', *, *, #1923, .T. ) ;
#1885 = CARTESIAN_POINT ( 'NONE',  ( -18.00000000000000711, 20.00000000000000355, 5.000000000000000000 ) ) ;
#1886 = DIRECTION ( 'NONE',  ( -1.000000000000000000, 0.000000000000000000, 0.000000000000000000 ) ) ;
#1887 = ORIENTED_EDGE ( 'NONE', *, *, #1511, .F. ) ;
#1888 = AXIS2_PLACEMENT_3D ( 'NONE', #1114, #602, #1602 ) ;
#1889 = EDGE_CURVE ( 'NONE', #1226, #351, #1751, .T. ) ;
#1890 = MECHANICAL_DESIGN_GEOMETRIC_PRESENTATION_REPRESENTATION (  '', ( #237 ), #1415 ) ;
#1891 = AXIS2_PLACEMENT_3D ( 'NONE', #1121, #1414, #95 ) ;
#1892 = DIRECTION ( 'NONE',  ( -1.000000000000000000, 0.000000000000000000, 0.000000000000000000 ) ) ;
#1893 = ORIENTED_EDGE ( 'NONE', *, *, #1048, .T. ) ;
#1894 = LINE ( 'NONE', #1748, #553 ) ;
#1895 = EDGE_LOOP ( 'NONE', ( #433, #1682, #1651, #1625, #145, #384 ) ) ;
#1896 = DIRECTION ( 'NONE',  ( 0.000000000000000000, 0.000000000000000000, -1.000000000000000000 ) ) ;
#1897 = LINE ( 'NONE', #1717, #1330 ) ;
#1898 = EDGE_CURVE ( 'NONE', #1518, #2052, #1309, .T. ) ;
#1899 = EDGE_CURVE ( 'NONE', #860, #1754, #877, .T. ) ;
#1900 = VERTEX_POINT ( 'NONE', #1218 ) ;
#1901 = EDGE_CURVE ( 'NONE', #2213, #425, #2101, .T. ) ;
#1902 = CARTESIAN_POINT ( 'NONE',  ( -12.42640687119286547, 0.000000000000000000, -29.99999999999999289 ) ) ;
#1903 = ORIENTED_EDGE ( 'NONE', *, *, #439, .T. ) ;
#1904 = VECTOR ( 'NONE', #434, 1000.000000000000000 ) ;
#1905 = DIRECTION ( 'NONE',  ( 0.000000000000000000, 0.000000000000000000, 1.000000000000000000 ) ) ;
#1906 = ORIENTED_EDGE ( 'NONE', *, *, #1961, .T. ) ;
#1907 = CARTESIAN_POINT ( 'NONE',  ( -27.80330085889911373, 73.75000000000001421, 14.62310601229375528 ) ) ;
#1908 = LINE ( 'NONE', #500, #1170 ) ;
#1909 = AXIS2_PLACEMENT_3D ( 'NONE', #883, #710, #526 ) ;
#1910 = VECTOR ( 'NONE', #1705, 1000.000000000000000 ) ;
#1911 = ORIENTED_EDGE ( 'NONE', *, *, #1812, .F. ) ;
#1912 = EDGE_CURVE ( 'NONE', #1840, #546, #209, .T. ) ;
#1913 = PRODUCT_DEFINITION_FORMATION_WITH_SPECIFIED_SOURCE ( 'ANY', '', #567, .NOT_KNOWN. ) ;
#1914 = CARTESIAN_POINT ( 'NONE',  ( -35.00000000000000000, 20.00000000000000355, 5.000000000000000000 ) ) ;
#1915 = ORIENTED_EDGE ( 'NONE', *, *, #147, .F. ) ;
#1916 =( GEOMETRIC_REPRESENTATION_CONTEXT ( 3 ) GLOBAL_UNCERTAINTY_ASSIGNED_CONTEXT ( ( #492 ) ) GLOBAL_UNIT_ASSIGNED_CONTEXT ( ( #644, #995, #314 ) ) REPRESENTATION_CONTEXT ( 'NONE', 'WORKASPACE' ) );
#1917 = EDGE_CURVE ( 'NONE', #580, #28, #2210, .T. ) ;
#1918 = FACE_OUTER_BOUND ( 'NONE', #2208, .T. ) ;
#1919 = VERTEX_POINT ( 'NONE', #1876 ) ;
#1920 = PLANE ( 'NONE',  #1756 ) ;
#1921 = LINE ( 'NONE', #383, #1620 ) ;
#1922 = EDGE_CURVE ( 'NONE', #1152, #1900, #680, .T. ) ;
#1923 = EDGE_CURVE ( 'NONE', #1211, #976, #1942, .T. ) ;
#1924 = ORIENTED_EDGE ( 'NONE', *, *, #1609, .F. ) ;
#1925 = AXIS2_PLACEMENT_3D ( 'NONE', #174, #1074, #1207 ) ;
#1926 = VECTOR ( 'NONE', #1996, 1000.000000000000000 ) ;
#1927 = CARTESIAN_POINT ( 'NONE',  ( -30.00000000000000711, 38.89999999999999147, -12.42640687119284770 ) ) ;
#1928 = VERTEX_POINT ( 'NONE', #557 ) ;
#1929 = DIRECTION ( 'NONE',  ( 0.000000000000000000, 1.734723475976806848E-16, 1.000000000000000000 ) ) ;
#1930 = CARTESIAN_POINT ( 'NONE',  ( -10.00000000000000178, 38.90000000000000568, 5.099999999999999645 ) ) ;
#1931 = AXIS2_PLACEMENT_3D ( 'NONE', #1771, #2096, #230 ) ;
#1932 = CARTESIAN_POINT ( 'NONE',  ( 3.061616997868383634E-16, 13.00000000000000000, 2.500000000000000444 ) ) ;
#1933 = ORIENTED_EDGE ( 'NONE', *, *, #1046, .T. ) ;
#1934 = SPHERICAL_SURFACE ( 'NONE', #1473, 1.000000000000029532 ) ;
#1935 = DIRECTION ( 'NONE',  ( 1.000000000000000000, -9.654149949482787349E-17, 0.000000000000000000 ) ) ;
#1936 = CARTESIAN_POINT ( 'NONE',  ( 31.89486764018801424, 39.45295171904064802, 37.75223800153347753 ) ) ;
#1937 = ADVANCED_FACE ( 'NONE', ( #42 ), #1236, .T. ) ;
#1938 = CIRCLE ( 'NONE', #1219, 0.5000000000000004441 ) ;
#1939 = DIRECTION ( 'NONE',  ( 0.000000000000000000, 0.000000000000000000, 1.000000000000000000 ) ) ;
#1940 = ORIENTED_EDGE ( 'NONE', *, *, #867, .T. ) ;
#1941 = CARTESIAN_POINT ( 'NONE',  ( -35.00000000000000000, 60.00000000000000711, 12.42640687119286014 ) ) ;
#1942 = LINE ( 'NONE', #571, #563 ) ;
#1943 = DIRECTION ( 'NONE',  ( 0.000000000000000000, -1.000000000000000000, 0.000000000000000000 ) ) ;
#1944 = FACE_BOUND ( 'NONE', #379, .T. ) ;
#1945 = ORIENTED_EDGE ( 'NONE', *, *, #525, .T. ) ;
#1946 = CIRCLE ( 'NONE', #1655, 4.999999999999988454 ) ;
#1947 = AXIS2_PLACEMENT_3D ( 'NONE', #596, #1117, #1793 ) ;
#1948 = PLANE ( 'NONE',  #846 ) ;
#1949 = ADVANCED_FACE ( 'NONE', ( #908 ), #1626, .F. ) ;
#1950 = VERTEX_POINT ( 'NONE', #1614 ) ;
#1951 = CARTESIAN_POINT ( 'NONE',  ( 11.89486764018798226, 39.25295171904064517, 37.75223800153349885 ) ) ;
#1952 = VECTOR ( 'NONE', #1692, 1000.000000000000000 ) ;
#1953 = PRODUCT ( 'Solar Panel', 'Solar Panel', '', ( #260 ) ) ;
#1954 = DIRECTION ( 'NONE',  ( -1.000000000000000000, 0.000000000000000000, 0.000000000000000000 ) ) ;
#1955 = ORIENTED_EDGE ( 'NONE', *, *, #1922, .T. ) ;
#1956 = LINE ( 'NONE', #1578, #2142 ) ;
#1957 = LINE ( 'NONE', #1105, #339 ) ;
#1958 = DIRECTION ( 'NONE',  ( 1.000000000000000000, 1.445602896647339656E-17, -0.000000000000000000 ) ) ;
#1959 = DIRECTION ( 'NONE',  ( 1.000000000000000000, 0.000000000000000000, -1.224646799147349509E-16 ) ) ;
#1960 = EDGE_CURVE ( 'NONE', #2091, #106, #1956, .T. ) ;
#1961 = EDGE_CURVE ( 'NONE', #1995, #580, #2123, .T. ) ;
#1962 = FACE_BOUND ( 'NONE', #857, .T. ) ;
#1963 =( LENGTH_UNIT ( ) NAMED_UNIT ( * ) SI_UNIT ( .MILLI., .METRE. ) );
#1964 = VECTOR ( 'NONE', #792, 1000.000000000000000 ) ;
#1965 = DIRECTION ( 'NONE',  ( 9.654149949482787349E-17, 1.000000000000000000, -0.000000000000000000 ) ) ;
#1966 = EDGE_LOOP ( 'NONE', ( #453, #760, #63, #1145, #1561 ) ) ;
#1967 = PLANE ( 'NONE',  #1888 ) ;
#1968 = CARTESIAN_POINT ( 'NONE',  ( -24.90000000000000568, 0.000000000000000000, -29.99999999999999289 ) ) ;
#1969 = PLANE ( 'NONE',  #794 ) ;
#1970 =( BOUNDED_CURVE ( )  B_SPLINE_CURVE ( 3, ( #726, #1907, #1759, #1044 ),
 .UNSPECIFIED., .F., .T. ) 
 B_SPLINE_CURVE_WITH_KNOTS ( ( 4, 4 ),
 ( 1.570796326794896558, 3.141592653589793116 ),
 .UNSPECIFIED. ) 
 CURVE ( )  GEOMETRIC_REPRESENTATION_ITEM ( )  RATIONAL_B_SPLINE_CURVE ( ( 1.000000000000000000, 0.8047378541243649375, 0.8047378541243649375, 1.000000000000000000 ) ) 
 REPRESENTATION_ITEM ( '' )  );
#1971 = EDGE_CURVE ( 'NONE', #2052, #1518, #559, .T. ) ;
#1972 = ADVANCED_FACE ( 'NONE', ( #1095 ), #1588, .F. ) ;
#1973 = FACE_OUTER_BOUND ( 'NONE', #1385, .T. ) ;
#1974 = ITEM_DEFINED_TRANSFORMATION ( 'NONE', 'NONE', #769,  #1404 ) ;
#1975 = AXIS2_PLACEMENT_3D ( 'NONE', #1175, #1018, #822 ) ;
#1976 = CARTESIAN_POINT ( 'NONE',  ( -4.999999999999989342, 0.000000000000000000, 30.00000000000000711 ) ) ;
#1977 = ORIENTED_EDGE ( 'NONE', *, *, #1606, .F. ) ;
#1978 = DIRECTION ( 'NONE',  ( 0.8333301183313625016, 0.000000000000000000, -0.5527756451598038190 ) ) ;
#1979 = EDGE_LOOP ( 'NONE', ( #2206, #117, #1, #1132 ) ) ;
#1980 = CARTESIAN_POINT ( 'NONE',  ( -24.90000000000000568, 80.00000000000000000, 17.52640687119286156 ) ) ;
#1981 = ADVANCED_FACE ( 'NONE', ( #1274 ), #582, .F. ) ;
#1982 = DIRECTION ( 'NONE',  ( 1.000000000000000000, 0.000000000000000000, -1.224646799147352961E-16 ) ) ;
#1983 = LINE ( 'NONE', #1623, #2050 ) ;
#1984 = ORIENTED_EDGE ( 'NONE', *, *, #68, .F. ) ;
#1985 = DIRECTION ( 'NONE',  ( -0.000000000000000000, -0.000000000000000000, -1.000000000000000000 ) ) ;
#1986 = ADVANCED_FACE ( 'NONE', ( #1083 ), #1260, .T. ) ;
#1987 = CARTESIAN_POINT ( 'NONE',  ( -12.42640687119286547, 80.00000000000000000, -29.99999999999999289 ) ) ;
#1988 = CARTESIAN_POINT ( 'NONE',  ( 5.000000000000000000, 2.000000000000000000, -3.333333333333323711 ) ) ;
#1989 = ORIENTED_EDGE ( 'NONE', *, *, #1511, .T. ) ;
#1990 = CARTESIAN_POINT ( 'NONE',  ( 2.139069303155039769E-16, 39.11500184297825200, 0.9933652782897484101 ) ) ;
#1991 = AXIS2_PLACEMENT_3D ( 'NONE', #494, #1477, #2039 ) ;
#1992 = ITEM_DEFINED_TRANSFORMATION ( 'NONE', 'NONE', #831,  #1404 ) ;
#1993 = ADVANCED_FACE ( 'NONE', ( #1403 ), #1967, .F. ) ;
#1994 = DIRECTION ( 'NONE',  ( 0.000000000000000000, -0.000000000000000000, 1.000000000000000000 ) ) ;
#1995 = VERTEX_POINT ( 'NONE', #218 ) ;
#1996 = DIRECTION ( 'NONE',  ( -0.7071067811865474617, 0.000000000000000000, 0.7071067811865475727 ) ) ;
#1997 = MECHANICAL_DESIGN_GEOMETRIC_PRESENTATION_REPRESENTATION (  '', ( #56 ), #1805 ) ;
#1998 = VECTOR ( 'NONE', #1269, 1000.000000000000000 ) ;
#1999 = AXIS2_PLACEMENT_3D ( 'NONE', #771, #1634, #2143 ) ;
#2000 = DIRECTION ( 'NONE',  ( 9.654149949482787349E-17, 1.000000000000000000, -0.000000000000000000 ) ) ;
#2001 = ORIENTED_EDGE ( 'NONE', *, *, #298, .F. ) ;
#2002 = DIRECTION ( 'NONE',  ( -0.000000000000000000, 0.000000000000000000, 1.000000000000000000 ) ) ;
#2003 = ORIENTED_EDGE ( 'NONE', *, *, #482, .T. ) ;
#2004 = DIRECTION ( 'NONE',  ( 0.000000000000000000, -1.000000000000000000, -0.000000000000000000 ) ) ;
#2005 =( NAMED_UNIT ( * ) PLANE_ANGLE_UNIT ( ) SI_UNIT ( $, .RADIAN. ) );
#2006 = DIRECTION ( 'NONE',  ( 0.000000000000000000, 0.000000000000000000, 1.000000000000000000 ) ) ;
#2007 = EDGE_LOOP ( 'NONE', ( #2070, #362, #32, #1715 ) ) ;
#2008 = CARTESIAN_POINT ( 'NONE',  ( -30.00000000000000711, 0.000000000000000000, 12.42640687119286014 ) ) ;
#2009 = ADVANCED_FACE ( 'NONE', ( #1791 ), #415, .T. ) ;
#2010 = ORIENTED_EDGE ( 'NONE', *, *, #258, .T. ) ;
#2011 = CARTESIAN_POINT ( 'NONE',  ( -26.42870152576724863, 80.00000000000000000, -15.99770534542560618 ) ) ;
#2012 = PRODUCT_DEFINITION ( 'UNKNOWN', '', #2199, #2144 ) ;
#2013 = CARTESIAN_POINT ( 'NONE',  ( 5.000000000000000888, 2.000000000000000000, 3.333333333333332149 ) ) ;
#2014 = EDGE_LOOP ( 'NONE', ( #535, #1304, #709, #654, #1989, #1660, #2115, #1822 ) ) ;
#2015 = VECTOR ( 'NONE', #581, 1000.000000000000000 ) ;
#2016 = ORIENTED_EDGE ( 'NONE', *, *, #939, .T. ) ;
#2017 = DIRECTION ( 'NONE',  ( 0.000000000000000000, 0.000000000000000000, -1.000000000000000000 ) ) ;
#2018 = VECTOR ( 'NONE', #22, 1000.000000000000000 ) ;
#2019 = AXIS2_PLACEMENT_3D ( 'NONE', #1030, #521, #335 ) ;
#2020 = DIRECTION ( 'NONE',  ( -1.000000000000000000, 0.000000000000000000, 0.000000000000000000 ) ) ;
#2021 = ORIENTED_EDGE ( 'NONE', *, *, #1312, .F. ) ;
#2022 = PLANE ( 'NONE',  #166 ) ;
#2023 = DIRECTION ( 'NONE',  ( -0.000000000000000000, 1.000000000000000000, -0.000000000000000000 ) ) ;
#2024 = EDGE_LOOP ( 'NONE', ( #1645, #381, #718, #1866 ) ) ;
#2025 =( LENGTH_UNIT ( ) NAMED_UNIT ( * ) SI_UNIT ( .MILLI., .METRE. ) );
#2026 = ORIENTED_EDGE ( 'NONE', *, *, #1026, .F. ) ;
#2027 = SURFACE_STYLE_FILL_AREA ( #638 ) ;
#2028 = CARTESIAN_POINT ( 'NONE',  ( -30.00000000000000711, 80.00000000000000000, 12.42640687119286014 ) ) ;
#2029 = EDGE_LOOP ( 'NONE', ( #1195, #449, #207, #506 ) ) ;
#2030 = DIRECTION ( 'NONE',  ( 0.000000000000000000, 1.000000000000000000, 0.000000000000000000 ) ) ;
#2031 = DIRECTION ( 'NONE',  ( 0.000000000000000000, 1.000000000000000000, 0.000000000000000000 ) ) ;
#2032 = CARTESIAN_POINT ( 'NONE',  ( -24.90000000000000568, 5.099999999999999645, 17.52640687119286156 ) ) ;
#2033 = CARTESIAN_POINT ( 'NONE',  ( 0.000000000000000000, 49.74937185533099893, 0.000000000000000000 ) ) ;
#2034 = AXIS2_PLACEMENT_3D ( 'NONE', #2161, #438, #810 ) ;
#2035 = ORIENTED_EDGE ( 'NONE', *, *, #1912, .F. ) ;
#2036 = CARTESIAN_POINT ( 'NONE',  ( 0.000000000000000000, 39.11500184297825200, 0.000000000000000000 ) ) ;
#2037 = PRODUCT_DEFINITION ( 'UNKNOWN', '', #1913, #592 ) ;
#2038 = ADVANCED_FACE ( 'NONE', ( #1452 ), #2146, .F. ) ;
#2039 = DIRECTION ( 'NONE',  ( -1.224646799147352961E-16, 0.000000000000000000, -1.000000000000000000 ) ) ;
#2040 = VERTEX_POINT ( 'NONE', #1932 ) ;
#2041 = CARTESIAN_POINT ( 'NONE',  ( 0.000000000000000000, 0.000000000000000000, 0.000000000000000000 ) ) ;
#2042 = LINE ( 'NONE', #996, #2045 ) ;
#2043 = DIRECTION ( 'NONE',  ( -0.000000000000000000, -1.000000000000000000, -0.000000000000000000 ) ) ;
#2044 = ORIENTED_EDGE ( 'NONE', *, *, #1163, .T. ) ;
#2045 = VECTOR ( 'NONE', #499, 1000.000000000000114 ) ;
#2046 = CARTESIAN_POINT ( 'NONE',  ( 30.00000000000000711, 0.000000000000000000, 19.99999999999998934 ) ) ;
#2047 = CARTESIAN_POINT ( 'NONE',  ( -40.00000000000000000, 38.90000000000000568, -25.00000000000000000 ) ) ;
#2048 = ORIENTED_EDGE ( 'NONE', *, *, #1917, .F. ) ;
#2049 =( NAMED_UNIT ( * ) SI_UNIT ( $, .STERADIAN. ) SOLID_ANGLE_UNIT ( ) );
#2050 = VECTOR ( 'NONE', #1813, 1000.000000000000000 ) ;
#2051 = LINE ( 'NONE', #188, #1523 ) ;
#2052 = VERTEX_POINT ( 'NONE', #265 ) ;
#2053 = DIRECTION ( 'NONE',  ( -0.000000000000000000, -0.000000000000000000, 1.000000000000000000 ) ) ;
#2054 = AXIS2_PLACEMENT_3D ( 'NONE', #1189, #1034, #1709 ) ;
#2055 = CARTESIAN_POINT ( 'NONE',  ( 9.564119927985241858E-15, 60.00000000000000000, 32.00000000000000711 ) ) ;
#2056 = EDGE_CURVE ( 'NONE', #423, #1919, #1240, .T. ) ;
#2057 = ORIENTED_EDGE ( 'NONE', *, *, #416, .F. ) ;
#2058 =( GEOMETRIC_REPRESENTATION_CONTEXT ( 3 ) GLOBAL_UNCERTAINTY_ASSIGNED_CONTEXT ( ( #1687 ) ) GLOBAL_UNIT_ASSIGNED_CONTEXT ( ( #310, #807, #1642 ) ) REPRESENTATION_CONTEXT ( 'NONE', 'WORKASPACE' ) );
#2059 = DIRECTION ( 'NONE',  ( 1.000000000000000000, 0.000000000000000000, 0.000000000000000000 ) ) ;
#2060 = CARTESIAN_POINT ( 'NONE',  ( 0.000000000000000000, 13.00000000000000000, -2.500000000000000444 ) ) ;
#2061 = VERTEX_POINT ( 'NONE', #432 ) ;
#2062 = ADVANCED_FACE ( 'NONE', ( #1124 ), #1005, .T. ) ;
#2063 = EDGE_CURVE ( 'NONE', #1950, #1374, #2171, .T. ) ;
#2064 = FACE_OUTER_BOUND ( 'NONE', #1244, .T. ) ;
#2065 = CARTESIAN_POINT ( 'NONE',  ( -10.00000000000000178, 41.09999999999999432, -5.099999999999999645 ) ) ;
#2066 = EDGE_CURVE ( 'NONE', #678, #2040, #843, .T. ) ;
#2067 = CARTESIAN_POINT ( 'NONE',  ( 29.99999999999998579, 2.000000000000000000, -25.00000000000001066 ) ) ;
#2068 = ORIENTED_EDGE ( 'NONE', *, *, #2212, .T. ) ;
#2069 = CARTESIAN_POINT ( 'NONE',  ( -30.00000000000000711, 80.00000000000000000, 12.42640687119286014 ) ) ;
#2070 = ORIENTED_EDGE ( 'NONE', *, *, #1465, .F. ) ;
#2071 = CARTESIAN_POINT ( 'NONE',  ( -30.00000000000000711, 80.00000000000000000, -12.42640687119284770 ) ) ;
#2072 = EDGE_CURVE ( 'NONE', #1359, #937, #1305, .T. ) ;
#2073 = FACE_OUTER_BOUND ( 'NONE', #328, .T. ) ;
#2074 = ORIENTED_EDGE ( 'NONE', *, *, #951, .F. ) ;
#2075 = LINE ( 'NONE', #1728, #287 ) ;
#2076 = CARTESIAN_POINT ( 'NONE',  ( 29.99999999999998579, 2.000000000000000000, -25.00000000000001066 ) ) ;
#2077 = ADVANCED_BREP_SHAPE_REPRESENTATION ( '', ( #1657, #1404 ), #1130 ) ;
#2078 = ORIENTED_EDGE ( 'NONE', *, *, #141, .T. ) ;
#2079 = LINE ( 'NONE', #1700, #1835 ) ;
#2080 = ADVANCED_FACE ( 'NONE', ( #1133 ), #612, .T. ) ;
#2081 = EDGE_LOOP ( 'NONE', ( #1259, #689, #205, #371 ) ) ;
#2082 = DIRECTION ( 'NONE',  ( -1.000000000000000000, 0.000000000000000000, 0.000000000000000000 ) ) ;
#2083 = EDGE_CURVE ( 'NONE', #1220, #1701, #1646, .T. ) ;
#2084 = CARTESIAN_POINT ( 'NONE',  ( -30.00000000000000711, 5.099999999999999645, -29.99999999999999289 ) ) ;
#2085 = ORIENTED_EDGE ( 'NONE', *, *, #1312, .T. ) ;
#2086 = DIRECTION ( 'NONE',  ( 0.000000000000000000, -0.000000000000000000, -1.000000000000000000 ) ) ;
#2087 = LINE ( 'NONE', #545, #257 ) ;
#2088 = ORIENTED_EDGE ( 'NONE', *, *, #939, .F. ) ;
#2089 = PRODUCT_DEFINITION_FORMATION_WITH_SPECIFIED_SOURCE ( 'ANY', '', #1953, .NOT_KNOWN. ) ;
#2090 = PLANE ( 'NONE',  #1546 ) ;
#2091 = VERTEX_POINT ( 'NONE', #968 ) ;
#2092 =( NAMED_UNIT ( * ) PLANE_ANGLE_UNIT ( ) SI_UNIT ( $, .RADIAN. ) );
#2093 = LINE ( 'NONE', #1237, #686 ) ;
#2094 = ORIENTED_EDGE ( 'NONE', *, *, #2168, .T. ) ;
#2095 = CARTESIAN_POINT ( 'NONE',  ( -5.000000000000002665, -10.00000000000000000, 0.000000000000000000 ) ) ;
#2096 = DIRECTION ( 'NONE',  ( 0.5527756451598038190, 0.000000000000000000, -0.8333301183313625016 ) ) ;
#2097 = ORIENTED_EDGE ( 'NONE', *, *, #1179, .T. ) ;
#2098 = DIRECTION ( 'NONE',  ( 1.000000000000000000, 0.000000000000000000, -1.395997647556734910E-16 ) ) ;
#2099 = CIRCLE ( 'NONE', #1991, 227.0833333333332007 ) ;
#2100 = VECTOR ( 'NONE', #704, 1000.000000000000000 ) ;
#2101 = CIRCLE ( 'NONE', #1201, 3.749999999999998224 ) ;
#2102 = COLOUR_RGB ( '',0.7921568627450980005, 0.8196078431372548767, 0.9333333333333333481 ) ;
#2103 = EDGE_CURVE ( 'NONE', #155, #1362, #1683, .T. ) ;
#2104 = DIRECTION ( 'NONE',  ( -9.654149949482787349E-17, -1.000000000000000000, 0.000000000000000000 ) ) ;
#2105 = ORIENTED_EDGE ( 'NONE', *, *, #1108, .T. ) ;
#2106 = DIRECTION ( 'NONE',  ( 0.000000000000000000, 0.000000000000000000, 1.000000000000000000 ) ) ;
#2107 = DIRECTION ( 'NONE',  ( 0.000000000000000000, 0.000000000000000000, 1.000000000000000000 ) ) ;
#2108 = VERTEX_POINT ( 'NONE', #1636 ) ;
#2109 = COLOUR_RGB ( '',0.7921568627450980005, 0.8196078431372548767, 0.9333333333333333481 ) ;
#2110 = DIRECTION ( 'NONE',  ( 1.000000000000000000, -0.000000000000000000, 0.000000000000000000 ) ) ;
#2111 = DIRECTION ( 'NONE',  ( -9.654149949482787349E-17, -1.000000000000000000, 0.000000000000000000 ) ) ;
#2112 = PRODUCT_DEFINITION_SHAPE ( 'NONE', 'NONE',  #1017 ) ;
#2113 = VERTEX_POINT ( 'NONE', #461 ) ;
#2114 = DIRECTION ( 'NONE',  ( 0.000000000000000000, 0.000000000000000000, -1.000000000000000000 ) ) ;
#2115 = ORIENTED_EDGE ( 'NONE', *, *, #2063, .T. ) ;
#2116 = EDGE_CURVE ( 'NONE', #945, #443, #1294, .T. ) ;
#2117 = LINE ( 'NONE', #1424, #758 ) ;
#2118 = VERTEX_POINT ( 'NONE', #1343 ) ;
#2119 = CARTESIAN_POINT ( 'NONE',  ( 46.79486764018801637, 0.4529517190406777694, -12.24776199846652780 ) ) ;
#2120 = DIRECTION ( 'NONE',  ( 0.000000000000000000, 0.000000000000000000, 1.000000000000000000 ) ) ;
#2121 = ORIENTED_EDGE ( 'NONE', *, *, #525, .F. ) ;
#2122 = DIRECTION ( 'NONE',  ( 0.000000000000000000, 0.000000000000000000, 1.000000000000000000 ) ) ;
#2123 = LINE ( 'NONE', #77, #348 ) ;
#2124 = ORIENTED_EDGE ( 'NONE', *, *, #1591, .T. ) ;
#2125 = LINE ( 'NONE', #1267, #1325 ) ;
#2126 = ADVANCED_FACE ( 'NONE', ( #1815 ), #302, .T. ) ;
#2127 = ADVANCED_FACE ( 'NONE', ( #1153 ), #104, .T. ) ;
#2128 = VECTOR ( 'NONE', #538, 1000.000000000000000 ) ;
#2129 = CIRCLE ( 'NONE', #296, 28.81385196830317952 ) ;
#2130 = CARTESIAN_POINT ( 'NONE',  ( 5.345906510549301958E-15, 68.00000000000000000, 3.469446951953614189E-15 ) ) ;
#2131 = ORIENTED_EDGE ( 'NONE', *, *, #869, .F. ) ;
#2132 = DIRECTION ( 'NONE',  ( -1.232595164407830946E-32, -1.000000000000000000, -1.665334536937734811E-16 ) ) ;
#2133 = VECTOR ( 'NONE', #2180, 1000.000000000000000 ) ;
#2134 = FACE_OUTER_BOUND ( 'NONE', #1804, .T. ) ;
#2135 = EDGE_LOOP ( 'NONE', ( #100, #2048, #1491, #2201, #1893, #1157, #411, #1698 ) ) ;
#2136 = CARTESIAN_POINT ( 'NONE',  ( 0.000000000000000000, 100.0000000000000000, 0.000000000000000000 ) ) ;
#2137 = EDGE_CURVE ( 'NONE', #1732, #423, #1672, .T. ) ;
#2138 = EDGE_LOOP ( 'NONE', ( #161, #799, #725, #1915 ) ) ;
#2139 = CARTESIAN_POINT ( 'NONE',  ( 5.000000000000000888, 2.000000000000000000, 3.333333333333332149 ) ) ;
#2140 =( NAMED_UNIT ( * ) PLANE_ANGLE_UNIT ( ) SI_UNIT ( $, .RADIAN. ) );
#2141 = CARTESIAN_POINT ( 'NONE',  ( -30.00000000000000711, 38.89999999999999147, -12.42640687119284770 ) ) ;
#2142 = VECTOR ( 'NONE', #727, 1000.000000000000000 ) ;
#2143 = DIRECTION ( 'NONE',  ( -1.000000000000000000, 0.000000000000000000, 0.000000000000000000 ) ) ;
#2144 = PRODUCT_DEFINITION_CONTEXT ( 'detailed design', #647, 'design' ) ;
#2145 = EDGE_LOOP ( 'NONE', ( #1903, #35 ) ) ;
#2146 = PLANE ( 'NONE',  #1931 ) ;
#2147 = ADVANCED_FACE ( 'NONE', ( #791 ), #2022, .T. ) ;
#2148 = ORIENTED_EDGE ( 'NONE', *, *, #20, .F. ) ;
#2149 = DIRECTION ( 'NONE',  ( 1.445602896647339348E-17, -1.000000000000000000, -0.000000000000000000 ) ) ;
#2150 =( NAMED_UNIT ( * ) SI_UNIT ( $, .STERADIAN. ) SOLID_ANGLE_UNIT ( ) );
#2151 = ADVANCED_FACE ( 'NONE', ( #2195 ), #450, .F. ) ;
#2152 = CARTESIAN_POINT ( 'NONE',  ( 0.000000000000000000, 0.000000000000000000, 0.000000000000000000 ) ) ;
#2153 = ORIENTED_EDGE ( 'NONE', *, *, #890, .T. ) ;
#2154 = CARTESIAN_POINT ( 'NONE',  ( -24.90000000000000568, 5.099999999999999645, -29.99999999999999289 ) ) ;
#2155 = LINE ( 'NONE', #1987, #705 ) ;
#2156 = DIRECTION ( 'NONE',  ( -1.445602896647339656E-17, 1.000000000000000000, 0.000000000000000000 ) ) ;
#2157 = VERTEX_POINT ( 'NONE', #485 ) ;
#2158 = FACE_OUTER_BOUND ( 'NONE', #1093, .T. ) ;
#2159 = DIRECTION ( 'NONE',  ( 1.804112415015879132E-16, 0.000000000000000000, 1.000000000000000000 ) ) ;
#2160 = ORIENTED_EDGE ( 'NONE', *, *, #986, .F. ) ;
#2161 = CARTESIAN_POINT ( 'NONE',  ( -18.00000000000000711, 20.00000000000000355, 5.000000000000000000 ) ) ;
#2162 = MANIFOLD_SOLID_BREP ( 'Revolve1', #229 ) ;
#2163 = FILL_AREA_STYLE ('',( #1317 ) ) ;
#2164 = DIRECTION ( 'NONE',  ( -1.000000000000000000, -0.000000000000000000, -0.000000000000000000 ) ) ;
#2165 = VERTEX_POINT ( 'NONE', #858 ) ;
#2166 = FILL_AREA_STYLE_COLOUR ( '', #2102 ) ;
#2167 = EDGE_CURVE ( 'NONE', #910, #728, #655, .T. ) ;
#2168 = EDGE_CURVE ( 'NONE', #192, #106, #1052, .T. ) ;
#2169 = LINE ( 'NONE', #666, #293 ) ;
#2170 = EDGE_LOOP ( 'NONE', ( #2057, #1559, #219, #893 ) ) ;
#2171 = LINE ( 'NONE', #782, #93 ) ;
#2172 = VECTOR ( 'NONE', #1503, 1000.000000000000114 ) ;
#2173 = VECTOR ( 'NONE', #1079, 1000.000000000000000 ) ;
#2174 = VECTOR ( 'NONE', #85, 1000.000000000000000 ) ;
#2175 = LINE ( 'NONE', #811, #1690 ) ;
#2176 = ORIENTED_EDGE ( 'NONE', *, *, #1641, .T. ) ;
#2177 = DIRECTION ( 'NONE',  ( -1.000000000000000000, 0.000000000000000000, 0.000000000000000000 ) ) ;
#2178 = CARTESIAN_POINT ( 'NONE',  ( 30.00000000000000000, 2.000000000000000000, 24.99999999999998934 ) ) ;
#2179 = EDGE_LOOP ( 'NONE', ( #76, #134, #523, #292, #2148 ) ) ;
#2180 = DIRECTION ( 'NONE',  ( -0.000000000000000000, -1.000000000000000000, -0.000000000000000000 ) ) ;
#2181 = CONTEXT_DEPENDENT_SHAPE_REPRESENTATION ( #1843, #1767 ) ;
#2182 = CARTESIAN_POINT ( 'NONE',  ( 5.345906510549301958E-15, 68.00000000000000000, 3.469446951953614189E-15 ) ) ;
#2183 = ORIENTED_EDGE ( 'NONE', *, *, #352, .F. ) ;
#2184 = CARTESIAN_POINT ( 'NONE',  ( -12.42640687119286547, 80.00000000000000000, -29.99999999999999289 ) ) ;
#2185 = FACE_OUTER_BOUND ( 'NONE', #872, .T. ) ;
#2186 = ORIENTED_EDGE ( 'NONE', *, *, #622, .T. ) ;
#2187 = AXIS2_PLACEMENT_3D ( 'NONE', #510, #1029, #636 ) ;
#2188 = DIRECTION ( 'NONE',  ( -1.000000000000000000, 0.000000000000000000, 0.000000000000000000 ) ) ;
#2189 = APPLICATION_PROTOCOL_DEFINITION ( 'draft international standard', 'automotive_design', 1998, #1611 ) ;
#2190 = VECTOR ( 'NONE', #2020, 1000.000000000000000 ) ;
#2191 = AXIS2_PLACEMENT_3D ( 'NONE', #1319, #245, #1864 ) ;
#2192 =( BOUNDED_CURVE ( )  B_SPLINE_CURVE ( 3, ( #1019, #478, #824, #803 ),
 .UNSPECIFIED., .F., .T. ) 
 B_SPLINE_CURVE_WITH_KNOTS ( ( 4, 4 ),
 ( 3.141592653589793116, 4.712388980384689674 ),
 .UNSPECIFIED. ) 
 CURVE ( )  GEOMETRIC_REPRESENTATION_ITEM ( )  RATIONAL_B_SPLINE_CURVE ( ( 1.000000000000000000, 0.8047378541243649375, 0.8047378541243649375, 1.000000000000000000 ) ) 
 REPRESENTATION_ITEM ( '' )  );
#2193 = CARTESIAN_POINT ( 'NONE',  ( -30.00000000000000711, 63.75000000000000000, 12.42640687119286014 ) ) ;
#2194 = ORIENTED_EDGE ( 'NONE', *, *, #697, .T. ) ;
#2195 = FACE_OUTER_BOUND ( 'NONE', #745, .T. ) ;
#2196 = ORIENTED_EDGE ( 'NONE', *, *, #2137, .T. ) ;
#2197 = DIRECTION ( 'NONE',  ( 0.000000000000000000, 1.000000000000000000, 0.000000000000000000 ) ) ;
#2198 = DIRECTION ( 'NONE',  ( -0.000000000000000000, -1.000000000000000000, -0.000000000000000000 ) ) ;
#2199 = PRODUCT_DEFINITION_FORMATION_WITH_SPECIFIED_SOURCE ( 'ANY', '', #1107, .NOT_KNOWN. ) ;
#2200 = UNCERTAINTY_MEASURE_WITH_UNIT (LENGTH_MEASURE( 1.000000000000000082E-05 ), #676, 'distance_accuracy_value', 'NONE');
#2201 = ORIENTED_EDGE ( 'NONE', *, *, #2116, .T. ) ;
#2202 = VECTOR ( 'NONE', #1929, 1000.000000000000000 ) ;
#2203 = LINE ( 'NONE', #1590, #1190 ) ;
#2204 = CARTESIAN_POINT ( 'NONE',  ( -30.00000000000000711, 56.25000000000001421, 12.42640687119286014 ) ) ;
#2205 = VECTOR ( 'NONE', #343, 1000.000000000000000 ) ;
#2206 = ORIENTED_EDGE ( 'NONE', *, *, #61, .F. ) ;
#2207 = CARTESIAN_POINT ( 'NONE',  ( -26.42870152576724863, 41.09999999999998721, 15.99770534542561329 ) ) ;
#2208 = EDGE_LOOP ( 'NONE', ( #738, #641, #1037, #948, #1684, #1737 ) ) ;
#2209 = CARTESIAN_POINT ( 'NONE',  ( -24.90000000000000568, 0.000000000000000000, 17.52640687119286156 ) ) ;
#2210 = LINE ( 'NONE', #670, #1823 ) ;
#2211 = VECTOR ( 'NONE', #1068, 1000.000000000000114 ) ;
#2212 = EDGE_CURVE ( 'NONE', #2213, #742, #1528, .T. ) ;
#2213 = VERTEX_POINT ( 'NONE', #21 ) ;
#2214 = PLANE ( 'NONE',  #1925 ) ;
#2215 = NEXT_ASSEMBLY_USAGE_OCCURRENCE ( 'NAUO1', ' ', ' ', #2012, #2037, $ ) ;
#2216 = NEXT_ASSEMBLY_USAGE_OCCURRENCE ( 'NAUO2', ' ', ' ', #2012, #1017, $ ) ;
#2217 = NEXT_ASSEMBLY_USAGE_OCCURRENCE ( 'NAUO3', ' ', ' ', #2012, #1017, $ ) ;
#2218 = NEXT_ASSEMBLY_USAGE_OCCURRENCE ( 'NAUO4', ' ', ' ', #2012, #2037, $ ) ;
#2219 = NEXT_ASSEMBLY_USAGE_OCCURRENCE ( 'NAUO5', ' ', ' ', #2012, #1397, $ ) ;
#2220 = NEXT_ASSEMBLY_USAGE_OCCURRENCE ( 'NAUO6', ' ', ' ', #2012, #1799, $ ) ;
#2221 = NEXT_ASSEMBLY_USAGE_OCCURRENCE ( 'NAUO7', ' ', ' ', #2012, #1775, $ ) ;
ENDSEC;
END-ISO-10303-21;
