ISO-10303-21;
HEADER;
FILE_DESCRIPTION (( 'STEP AP214' ),
    '1' );
FILE_NAME ('sat_model.STEP',
    '2025-10-26T01:56:33',
    ( '' ),
    ( '' ),
    'SwSTEP 2.0',
    'SolidWorks 2024',
    '' );
FILE_SCHEMA (( 'AUTOMOTIVE_DESIGN' ));
ENDSEC;

DATA;
#1 = CARTESIAN_POINT ( 'NONE',  ( -30.00000000000000711, 56.25000000000001421, 12.42640687119286014 ) ) ;
#2 = LINE ( 'NONE', #494, #1096 ) ;
#3 = EDGE_CURVE ( 'NONE', #2092, #1952, #1866, .T. ) ;
#4 = CARTESIAN_POINT ( 'NONE',  ( -30.00000000000000711, 5.099999999999999645, -29.99999999999999289 ) ) ;
#5 = LINE ( 'NONE', #231, #849 ) ;
#6 = ORIENTED_EDGE ( 'NONE', *, *, #309, .T. ) ;
#7 = EDGE_LOOP ( 'NONE', ( #2152, #656, #1516, #1819 ) ) ;
#8 = PLANE ( 'NONE',  #714 ) ;
#9 =( GEOMETRIC_REPRESENTATION_CONTEXT ( 3 ) GLOBAL_UNCERTAINTY_ASSIGNED_CONTEXT ( ( #861 ) ) GLOBAL_UNIT_ASSIGNED_CONTEXT ( ( #78, #947, #1794 ) ) REPRESENTATION_CONTEXT ( 'NONE', 'WORKASPACE' ) );
#10 = LINE ( 'NONE', #32, #101 ) ;
#11 = DIRECTION ( 'NONE',  ( 0.8320502943378432770, 0.000000000000000000, -0.5547001962252295915 ) ) ;
#12 = TOROIDAL_SURFACE ( 'NONE', #2165, 28.81385196830317952, 0.5000000000000000000 ) ;
#13 = EDGE_CURVE ( 'NONE', #1357, #1603, #296, .T. ) ;
#14 = DIRECTION ( 'NONE',  ( -0.000000000000000000, -0.000000000000000000, -1.000000000000000000 ) ) ;
#15 = LINE ( 'NONE', #207, #848 ) ;
#16 = EDGE_CURVE ( 'NONE', #1591, #972, #1339, .T. ) ;
#17 = ORIENTED_EDGE ( 'NONE', *, *, #942, .F. ) ;
#18 = FACE_OUTER_BOUND ( 'NONE', #860, .T. ) ;
#19 = VERTEX_POINT ( 'NONE', #2023 ) ;
#20 = VERTEX_POINT ( 'NONE', #1002 ) ;
#21 = CARTESIAN_POINT ( 'NONE',  ( 2.600000000000000977, 10.00000000000000355, 3.184081677783119177E-16 ) ) ;
#22 =( GEOMETRIC_REPRESENTATION_CONTEXT ( 3 ) GLOBAL_UNCERTAINTY_ASSIGNED_CONTEXT ( ( #1541 ) ) GLOBAL_UNIT_ASSIGNED_CONTEXT ( ( #1909, #535, #909 ) ) REPRESENTATION_CONTEXT ( 'NONE', 'WORKASPACE' ) );
#23 = DIRECTION ( 'NONE',  ( 0.000000000000000000, -1.734723475976806848E-16, -1.000000000000000000 ) ) ;
#24 = DIRECTION ( 'NONE',  ( 0.000000000000000000, -0.000000000000000000, 1.000000000000000000 ) ) ;
#25 = FACE_OUTER_BOUND ( 'NONE', #1147, .T. ) ;
#26 = ADVANCED_FACE ( 'NONE', ( #1679 ), #1368, .T. ) ;
#27 = AXIS2_PLACEMENT_3D ( 'NONE', #815, #1158, #313 ) ;
#28 = EDGE_LOOP ( 'NONE', ( #1898, #527, #1942, #82 ) ) ;
#29 = ORIENTED_EDGE ( 'NONE', *, *, #96, .F. ) ;
#30 = PRODUCT_CONTEXT ( 'NONE', #1321, 'mechanical' ) ;
#31 = VERTEX_POINT ( 'NONE', #1880 ) ;
#32 = CARTESIAN_POINT ( 'NONE',  ( -30.00000000000000711, 80.00000000000000000, -12.42640687119284770 ) ) ;
#33 = VECTOR ( 'NONE', #1863, 1000.000000000000000 ) ;
#34 = DIRECTION ( 'NONE',  ( 0.000000000000000000, -0.000000000000000000, -1.000000000000000000 ) ) ;
#35 = LINE ( 'NONE', #356, #1222 ) ;
#36 = DIRECTION ( 'NONE',  ( 0.000000000000000000, 0.000000000000000000, 1.000000000000000000 ) ) ;
#37 = ORIENTED_EDGE ( 'NONE', *, *, #607, .T. ) ;
#38 = EDGE_LOOP ( 'NONE', ( #475, #919, #1646, #1869 ) ) ;
#39 = DIRECTION ( 'NONE',  ( 1.000000000000000000, 0.000000000000000000, 0.000000000000000000 ) ) ;
#40 = ORIENTED_EDGE ( 'NONE', *, *, #992, .F. ) ;
#41 = DIRECTION ( 'NONE',  ( -1.000000000000000000, 0.000000000000000000, 0.000000000000000000 ) ) ;
#42 = ADVANCED_FACE ( 'NONE', ( #1701 ), #1315, .F. ) ;
#43 = DIRECTION ( 'NONE',  ( 0.000000000000000000, 1.000000000000000000, 0.000000000000000000 ) ) ;
#44 = AXIS2_PLACEMENT_3D ( 'NONE', #164, #1028, #24 ) ;
#45 = CARTESIAN_POINT ( 'NONE',  ( -35.00000000000000000, 20.00000000000000355, 5.000000000000000000 ) ) ;
#46 = STYLED_ITEM ( 'NONE', ( #116 ), #1917 ) ;
#47 = VERTEX_POINT ( 'NONE', #1854 ) ;
#48 = AXIS2_PLACEMENT_3D ( 'NONE', #1795, #452, #621 ) ;
#49 = EDGE_LOOP ( 'NONE', ( #1282, #713, #1186, #1137, #1724, #401 ) ) ;
#50 = SHAPE_DEFINITION_REPRESENTATION ( #1070, #894 ) ;
#51 = VERTEX_POINT ( 'NONE', #984 ) ;
#52 = DIRECTION ( 'NONE',  ( 9.654149949482789814E-17, 1.000000000000000000, -0.000000000000000000 ) ) ;
#53 = ADVANCED_FACE ( 'NONE', ( #131 ), #1503, .T. ) ;
#54 = LINE ( 'NONE', #1771, #1722 ) ;
#55 = SHAPE_REPRESENTATION ( 'Ollie', ( #1407 ), #57 ) ;
#56 = DIRECTION ( 'NONE',  ( 1.445602896647339348E-17, -1.000000000000000000, -0.000000000000000000 ) ) ;
#57 =( GEOMETRIC_REPRESENTATION_CONTEXT ( 3 ) GLOBAL_UNCERTAINTY_ASSIGNED_CONTEXT ( ( #1328 ) ) GLOBAL_UNIT_ASSIGNED_CONTEXT ( ( #1886, #502, #659 ) ) REPRESENTATION_CONTEXT ( 'NONE', 'WORKASPACE' ) );
#58 = EDGE_CURVE ( 'NONE', #972, #2088, #821, .T. ) ;
#59 = DIRECTION ( 'NONE',  ( -1.000000000000000000, 0.000000000000000000, 0.000000000000000000 ) ) ;
#60 = VERTEX_POINT ( 'NONE', #847 ) ;
#61 = MECHANICAL_DESIGN_GEOMETRIC_PRESENTATION_REPRESENTATION (  '', ( #1307 ), #97 ) ;
#62 = VERTEX_POINT ( 'NONE', #1029 ) ;
#63 = PRODUCT_CONTEXT ( 'NONE', #1781, 'mechanical' ) ;
#64 = ORIENTED_EDGE ( 'NONE', *, *, #1742, .T. ) ;
#65 = CARTESIAN_POINT ( 'NONE',  ( -10.00000000000000178, 38.90000000000000568, 5.099999999999999645 ) ) ;
#66 = ORIENTED_EDGE ( 'NONE', *, *, #1813, .F. ) ;
#67 = DIRECTION ( 'NONE',  ( 1.781968836849767451E-16, 0.000000000000000000, 1.000000000000000000 ) ) ;
#68 = AXIS2_PLACEMENT_3D ( 'NONE', #294, #1313, #966 ) ;
#69 = FACE_OUTER_BOUND ( 'NONE', #1950, .T. ) ;
#70 = CARTESIAN_POINT ( 'NONE',  ( 5.000000000000000888, 0.000000000000000000, 3.333333333333332149 ) ) ;
#71 = ORIENTED_EDGE ( 'NONE', *, *, #1288, .F. ) ;
#72 = VERTEX_POINT ( 'NONE', #1539 ) ;
#73 = APPLICATION_PROTOCOL_DEFINITION ( 'draft international standard', 'automotive_design', 1998, #507 ) ;
#74 = ORIENTED_EDGE ( 'NONE', *, *, #2197, .F. ) ;
#75 = DIRECTION ( 'NONE',  ( 0.000000000000000000, 0.000000000000000000, 1.000000000000000000 ) ) ;
#76 = ORIENTED_EDGE ( 'NONE', *, *, #1867, .F. ) ;
#77 = DIRECTION ( 'NONE',  ( 1.000000000000000000, -9.654149949482787349E-17, 0.000000000000000000 ) ) ;
#78 =( LENGTH_UNIT ( ) NAMED_UNIT ( * ) SI_UNIT ( .MILLI., .METRE. ) );
#79 = AXIS2_PLACEMENT_3D ( 'NONE', #1892, #2085, #2074 ) ;
#80 = LINE ( 'NONE', #1280, #133 ) ;
#81 = EDGE_CURVE ( 'NONE', #674, #884, #1809, .T. ) ;
#82 = ORIENTED_EDGE ( 'NONE', *, *, #1036, .T. ) ;
#83 = EDGE_CURVE ( 'NONE', #60, #824, #1248, .T. ) ;
#84 = AXIS2_PLACEMENT_3D ( 'NONE', #1862, #1534, #11 ) ;
#85 = VERTEX_POINT ( 'NONE', #858 ) ;
#86 = ORIENTED_EDGE ( 'NONE', *, *, #1915, .T. ) ;
#87 = CARTESIAN_POINT ( 'NONE',  ( -12.42640687119286547, 5.099999999999993427, -29.99999999999999289 ) ) ;
#88 = ORIENTED_EDGE ( 'NONE', *, *, #1126, .F. ) ;
#89 = DIRECTION ( 'NONE',  ( 9.654149949482789814E-17, 1.000000000000000000, -0.000000000000000000 ) ) ;
#90 = CARTESIAN_POINT ( 'NONE',  ( 0.000000000000000000, 0.000000000000000000, 0.000000000000000000 ) ) ;
#91 = DIRECTION ( 'NONE',  ( 9.654149949482789814E-17, 1.000000000000000000, -0.000000000000000000 ) ) ;
#92 = CARTESIAN_POINT ( 'NONE',  ( -30.00000000000000711, 10.00000000000000178, 4.999999999999998224 ) ) ;
#93 = ORIENTED_EDGE ( 'NONE', *, *, #709, .T. ) ;
#94 = CONTEXT_DEPENDENT_SHAPE_REPRESENTATION ( #307, #2144 ) ;
#95 = DIRECTION ( 'NONE',  ( -0.000000000000000000, -1.000000000000000000, -0.000000000000000000 ) ) ;
#96 = EDGE_CURVE ( 'NONE', #279, #1754, #1711, .T. ) ;
#97 =( GEOMETRIC_REPRESENTATION_CONTEXT ( 3 ) GLOBAL_UNCERTAINTY_ASSIGNED_CONTEXT ( ( #1247 ) ) GLOBAL_UNIT_ASSIGNED_CONTEXT ( ( #1996, #1183, #1871 ) ) REPRESENTATION_CONTEXT ( 'NONE', 'WORKASPACE' ) );
#98 =( NAMED_UNIT ( * ) SI_UNIT ( $, .STERADIAN. ) SOLID_ANGLE_UNIT ( ) );
#99 = PRODUCT ( 'Sat Body', 'Sat Body', '', ( #1941 ) ) ;
#100 = DIRECTION ( 'NONE',  ( -0.000000000000000000, -1.000000000000000000, -0.000000000000000000 ) ) ;
#101 = VECTOR ( 'NONE', #1875, 1000.000000000000000 ) ;
#102 = CARTESIAN_POINT ( 'NONE',  ( -35.00000000000000000, 20.00000000000000355, -5.000000000000000000 ) ) ;
#103 = LINE ( 'NONE', #777, #310 ) ;
#104 = VECTOR ( 'NONE', #724, 1000.000000000000000 ) ;
#105 = ORIENTED_EDGE ( 'NONE', *, *, #83, .F. ) ;
#106 = DIRECTION ( 'NONE',  ( -0.000000000000000000, -1.000000000000000000, -0.000000000000000000 ) ) ;
#107 = FILL_AREA_STYLE_COLOUR ( '', #1581 ) ;
#108 = DIRECTION ( 'NONE',  ( -1.000000000000000000, 0.000000000000000000, -0.000000000000000000 ) ) ;
#109 = ADVANCED_FACE ( 'NONE', ( #1549 ), #2201, .T. ) ;
#110 = CYLINDRICAL_SURFACE ( 'NONE', #328, 4.999999999999995559 ) ;
#111 = CARTESIAN_POINT ( 'NONE',  ( -30.00000000000000711, 9.999999999999996447, -5.000000000000003553 ) ) ;
#112 = AXIS2_PLACEMENT_3D ( 'NONE', #350, #314, #1031 ) ;
#113 = VERTEX_POINT ( 'NONE', #633 ) ;
#114 = CARTESIAN_POINT ( 'NONE',  ( 0.000000000000000000, 100.0000000000000000, -5.000000000000000000 ) ) ;
#115 = AXIS2_PLACEMENT_3D ( 'NONE', #939, #219, #2120 ) ;
#116 = PRESENTATION_STYLE_ASSIGNMENT (( #281 ) ) ;
#117 = VECTOR ( 'NONE', #2177, 1000.000000000000000 ) ;
#118 = DIRECTION ( 'NONE',  ( -1.000000000000000000, 0.000000000000000000, 0.000000000000000000 ) ) ;
#119 = ADVANCED_FACE ( 'NONE', ( #154 ), #833, .F. ) ;
#120 = LINE ( 'NONE', #451, #1244 ) ;
#121 = PLANE ( 'NONE',  #48 ) ;
#122 = DIRECTION ( 'NONE',  ( 1.224646799147353207E-16, -0.000000000000000000, 1.000000000000000000 ) ) ;
#123 = ORIENTED_EDGE ( 'NONE', *, *, #16, .T. ) ;
#124 = ORIENTED_EDGE ( 'NONE', *, *, #529, .T. ) ;
#125 = ORIENTED_EDGE ( 'NONE', *, *, #1426, .T. ) ;
#126 = DIRECTION ( 'NONE',  ( -1.000000000000000000, 0.000000000000000000, 0.000000000000000000 ) ) ;
#127 = FACE_OUTER_BOUND ( 'NONE', #1145, .T. ) ;
#128 = PLANE ( 'NONE',  #2071 ) ;
#129 = AXIS2_PLACEMENT_3D ( 'NONE', #1075, #2129, #1757 ) ;
#130 = DIRECTION ( 'NONE',  ( 1.000000000000000000, -1.387778780781445676E-16, 0.000000000000000000 ) ) ;
#131 = FACE_OUTER_BOUND ( 'NONE', #812, .T. ) ;
#132 = ADVANCED_FACE ( 'NONE', ( #691 ), #1762, .T. ) ;
#133 = VECTOR ( 'NONE', #1962, 1000.000000000000114 ) ;
#134 = ORIENTED_EDGE ( 'NONE', *, *, #1968, .T. ) ;
#135 = ORIENTED_EDGE ( 'NONE', *, *, #1024, .F. ) ;
#136 = CARTESIAN_POINT ( 'NONE',  ( 0.000000000000000000, 39.11500184297825200, -0.9933652782897484101 ) ) ;
#137 = CARTESIAN_POINT ( 'NONE',  ( -30.00000000000000711, 66.25000000000000000, 12.42640687119286014 ) ) ;
#138 = LINE ( 'NONE', #619, #2167 ) ;
#139 = DIRECTION ( 'NONE',  ( -2.602085213965210642E-16, 0.000000000000000000, -1.000000000000000000 ) ) ;
#140 = LINE ( 'NONE', #1174, #1389 ) ;
#141 = DIRECTION ( 'NONE',  ( 1.000000000000000000, 0.000000000000000000, 0.000000000000000000 ) ) ;
#142 = ADVANCED_FACE ( 'NONE', ( #25 ), #735, .T. ) ;
#143 = VECTOR ( 'NONE', #178, 1000.000000000000000 ) ;
#144 = ORIENTED_EDGE ( 'NONE', *, *, #664, .F. ) ;
#145 = ORIENTED_EDGE ( 'NONE', *, *, #770, .T. ) ;
#146 = EDGE_CURVE ( 'NONE', #1975, #1835, #196, .T. ) ;
#147 = CARTESIAN_POINT ( 'NONE',  ( -9.654149949482786609E-16, -10.00000000000000000, 0.000000000000000000 ) ) ;
#148 = DIRECTION ( 'NONE',  ( 1.000000000000000000, 0.000000000000000000, -0.000000000000000000 ) ) ;
#149 = LINE ( 'NONE', #2214, #1425 ) ;
#150 =( GEOMETRIC_REPRESENTATION_CONTEXT ( 3 ) GLOBAL_UNCERTAINTY_ASSIGNED_CONTEXT ( ( #1496 ) ) GLOBAL_UNIT_ASSIGNED_CONTEXT ( ( #301, #1286, #1111 ) ) REPRESENTATION_CONTEXT ( 'NONE', 'WORKASPACE' ) );
#151 = PLANE ( 'NONE',  #938 ) ;
#152 = DIRECTION ( 'NONE',  ( 1.804112415015879132E-16, 0.000000000000000000, 1.000000000000000000 ) ) ;
#153 = LINE ( 'NONE', #1217, #681 ) ;
#154 = FACE_OUTER_BOUND ( 'NONE', #1896, .T. ) ;
#155 = EDGE_LOOP ( 'NONE', ( #447, #1246, #572, #760 ) ) ;
#156 = ORIENTED_EDGE ( 'NONE', *, *, #1136, .T. ) ;
#157 = AXIS2_PLACEMENT_3D ( 'NONE', #1744, #1755, #582 ) ;
#158 = LINE ( 'NONE', #836, #1881 ) ;
#159 = LINE ( 'NONE', #1020, #1039 ) ;
#160 = CLOSED_SHELL ( 'NONE', ( #1504, #1903, #256, #610, #1855, #408, #42, #1694, #1614, #372, #2033, #1198 ) ) ;
#161 = DIRECTION ( 'NONE',  ( 0.000000000000000000, -1.000000000000000000, -0.000000000000000000 ) ) ;
#162 = EDGE_CURVE ( 'NONE', #72, #972, #1750, .T. ) ;
#163 = DIRECTION ( 'NONE',  ( 1.395997647556734910E-16, -0.000000000000000000, 1.000000000000000000 ) ) ;
#164 = CARTESIAN_POINT ( 'NONE',  ( 5.345906510549301958E-15, 68.00000000000000000, 3.469446951953614189E-15 ) ) ;
#165 = DIRECTION ( 'NONE',  ( 0.8320502943378433880, 0.000000000000000000, -0.5547001962252294804 ) ) ;
#166 = EDGE_LOOP ( 'NONE', ( #570, #1553 ) ) ;
#167 = AXIS2_PLACEMENT_3D ( 'NONE', #1150, #327, #1511 ) ;
#168 = PRODUCT_DEFINITION_CONTEXT ( 'detailed design', #2136, 'design' ) ;
#169 = ORIENTED_EDGE ( 'NONE', *, *, #242, .F. ) ;
#170 = DIRECTION ( 'NONE',  ( -1.000000000000000000, 0.000000000000000000, -1.224646799147353207E-16 ) ) ;
#171 = ORIENTED_EDGE ( 'NONE', *, *, #1439, .T. ) ;
#172 = CARTESIAN_POINT ( 'NONE',  ( -30.00000000000000711, 20.00000000000000355, -12.42640687119284770 ) ) ;
#173 = EDGE_CURVE ( 'NONE', #800, #1810, #1579, .T. ) ;
#174 = ADVANCED_FACE ( 'NONE', ( #1390 ), #1635, .T. ) ;
#175 = FACE_OUTER_BOUND ( 'NONE', #1067, .T. ) ;
#176 = DIRECTION ( 'NONE',  ( -5.551115123125790591E-16, 0.000000000000000000, -1.000000000000000000 ) ) ;
#177 = ORIENTED_EDGE ( 'NONE', *, *, #2141, .F. ) ;
#178 = DIRECTION ( 'NONE',  ( 1.301042606982607539E-16, 0.000000000000000000, 1.000000000000000000 ) ) ;
#179 = VERTEX_POINT ( 'NONE', #45 ) ;
#180 = VECTOR ( 'NONE', #561, 1000.000000000000000 ) ;
#181 = EDGE_LOOP ( 'NONE', ( #340, #944, #1518, #585, #2111, #487, #1394, #1868, #2067, #589 ) ) ;
#182 = DIRECTION ( 'NONE',  ( 9.654149949482787349E-17, 1.000000000000000000, -0.000000000000000000 ) ) ;
#183 = LINE ( 'NONE', #662, #1325 ) ;
#184 = PRODUCT_DEFINITION ( 'UNKNOWN', '', #473, #1475 ) ;
#185 = VECTOR ( 'NONE', #1012, 1000.000000000000000 ) ;
#186 = CARTESIAN_POINT ( 'NONE',  ( 9.654149949482788582E-16, 10.00000000000000355, 0.000000000000000000 ) ) ;
#187 = LINE ( 'NONE', #1740, #243 ) ;
#188 = ORIENTED_EDGE ( 'NONE', *, *, #529, .F. ) ;
#189 = ORIENTED_EDGE ( 'NONE', *, *, #16, .F. ) ;
#190 = ORIENTED_EDGE ( 'NONE', *, *, #1960, .F. ) ;
#191 = DIRECTION ( 'NONE',  ( -1.000000000000000000, 0.000000000000000000, 0.000000000000000000 ) ) ;
#192 = AXIS2_PLACEMENT_3D ( 'NONE', #1345, #1695, #39 ) ;
#193 = DIRECTION ( 'NONE',  ( 9.654149949482787349E-17, 1.000000000000000000, -0.000000000000000000 ) ) ;
#194 =( REPRESENTATION_RELATIONSHIP ('NONE','NONE', #894, #563 ) REPRESENTATION_RELATIONSHIP_WITH_TRANSFORMATION ( #1637 )SHAPE_REPRESENTATION_RELATIONSHIP( ) );
#195 = DIRECTION ( 'NONE',  ( 0.000000000000000000, -0.000000000000000000, 1.000000000000000000 ) ) ;
#196 = LINE ( 'NONE', #700, #485 ) ;
#197 = CIRCLE ( 'NONE', #1919, 2.500000000000000444 ) ;
#198 = VERTEX_POINT ( 'NONE', #2075 ) ;
#199 = EDGE_CURVE ( 'NONE', #1741, #1921, #15, .T. ) ;
#200 = VECTOR ( 'NONE', #818, 1000.000000000000000 ) ;
#201 = SHAPE_DEFINITION_REPRESENTATION ( #575, #55 ) ;
#202 = EDGE_LOOP ( 'NONE', ( #1006, #686, #591, #973 ) ) ;
#203 = CARTESIAN_POINT ( 'NONE',  ( 3.061616997868383634E-16, 13.00000000000000000, 2.500000000000000444 ) ) ;
#204 = VECTOR ( 'NONE', #176, 1000.000000000000000 ) ;
#205 = VECTOR ( 'NONE', #1982, 1000.000000000000000 ) ;
#206 =( BOUNDED_CURVE ( )  B_SPLINE_CURVE ( 3, ( #817, #1998, #965, #1322 ),
 .UNSPECIFIED., .F., .T. ) 
 B_SPLINE_CURVE_WITH_KNOTS ( ( 4, 4 ),
 ( 1.570796326794896558, 3.141592653589793116 ),
 .UNSPECIFIED. ) 
 CURVE ( )  GEOMETRIC_REPRESENTATION_ITEM ( )  RATIONAL_B_SPLINE_CURVE ( ( 1.000000000000000000, 0.8047378541243649375, 0.8047378541243649375, 1.000000000000000000 ) ) 
 REPRESENTATION_ITEM ( '' )  );
#207 = CARTESIAN_POINT ( 'NONE',  ( 9.564119927985241858E-15, 60.00000000000000000, 30.00000000000000711 ) ) ;
#208 = VERTEX_POINT ( 'NONE', #374 ) ;
#209 = EDGE_CURVE ( 'NONE', #557, #1921, #1243, .T. ) ;
#210 = EDGE_CURVE ( 'NONE', #1636, #736, #532, .T. ) ;
#211 = ORIENTED_EDGE ( 'NONE', *, *, #2054, .T. ) ;
#212 = APPLICATION_PROTOCOL_DEFINITION ( 'draft international standard', 'automotive_design', 1998, #1321 ) ;
#213 = ORIENTED_EDGE ( 'NONE', *, *, #1396, .F. ) ;
#214 = EDGE_CURVE ( 'NONE', #2080, #198, #1638, .T. ) ;
#215 = FACE_OUTER_BOUND ( 'NONE', #876, .T. ) ;
#216 = AXIS2_PLACEMENT_3D ( 'NONE', #1621, #1255, #773 ) ;
#217 = PLANE ( 'NONE',  #1205 ) ;
#218 = CARTESIAN_POINT ( 'NONE',  ( -30.00000000000000711, 73.75000000000001421, 12.42640687119286014 ) ) ;
#219 = DIRECTION ( 'NONE',  ( 9.654149949482787349E-17, 1.000000000000000000, -0.000000000000000000 ) ) ;
#220 = DIRECTION ( 'NONE',  ( 0.000000000000000000, 0.000000000000000000, -1.000000000000000000 ) ) ;
#221 = PRESENTATION_LAYER_ASSIGNMENT (  '', '', ( #46 ) ) ;
#222 = ORIENTED_EDGE ( 'NONE', *, *, #1546, .T. ) ;
#223 = AXIS2_PLACEMENT_3D ( 'NONE', #336, #1826, #1130 ) ;
#224 = ORIENTED_EDGE ( 'NONE', *, *, #1472, .T. ) ;
#225 = ORIENTED_EDGE ( 'NONE', *, *, #869, .T. ) ;
#226 = FACE_OUTER_BOUND ( 'NONE', #1235, .T. ) ;
#227 = FACE_OUTER_BOUND ( 'NONE', #181, .T. ) ;
#228 = CARTESIAN_POINT ( 'NONE',  ( -4.999999999999989342, 0.000000000000000000, 32.00000000000000711 ) ) ;
#229 = EDGE_CURVE ( 'NONE', #2102, #488, #712, .T. ) ;
#230 = ADVANCED_BREP_SHAPE_REPRESENTATION ( '', ( #1221, #1407 ), #2016 ) ;
#231 = CARTESIAN_POINT ( 'NONE',  ( 129.9999999999999716, 2.000000000000000000, -25.00000000000000000 ) ) ;
#232 = ORIENTED_EDGE ( 'NONE', *, *, #1915, .F. ) ;
#233 = AXIS2_PLACEMENT_3D ( 'NONE', #987, #449, #126 ) ;
#234 = ORIENTED_EDGE ( 'NONE', *, *, #1546, .F. ) ;
#235 = APPLICATION_PROTOCOL_DEFINITION ( 'draft international standard', 'automotive_design', 1998, #623 ) ;
#236 = EDGE_LOOP ( 'NONE', ( #935, #390, #1417, #1932, #1234, #404, #474, #1486, #298, #1040 ) ) ;
#237 = CARTESIAN_POINT ( 'NONE',  ( 29.99999999999998579, 2.000000000000000000, -25.00000000000001066 ) ) ;
#238 = VERTEX_POINT ( 'NONE', #1590 ) ;
#239 = PLANE ( 'NONE',  #540 ) ;
#240 = VECTOR ( 'NONE', #1595, 1000.000000000000114 ) ;
#241 = FACE_OUTER_BOUND ( 'NONE', #416, .T. ) ;
#242 = EDGE_CURVE ( 'NONE', #2026, #1743, #1401, .T. ) ;
#243 = VECTOR ( 'NONE', #551, 1000.000000000000000 ) ;
#244 = EDGE_CURVE ( 'NONE', #1064, #557, #187, .T. ) ;
#245 = PLANE ( 'NONE',  #2109 ) ;
#246 = ORIENTED_EDGE ( 'NONE', *, *, #1259, .F. ) ;
#247 = ORIENTED_EDGE ( 'NONE', *, *, #2036, .T. ) ;
#248 = VERTEX_POINT ( 'NONE', #2110 ) ;
#249 = CARTESIAN_POINT ( 'NONE',  ( 0.000000000000000000, 38.89999999999999147, 0.000000000000000000 ) ) ;
#250 = ORIENTED_EDGE ( 'NONE', *, *, #1068, .F. ) ;
#251 = CARTESIAN_POINT ( 'NONE',  ( -30.00000000000000711, 70.00000000000000000, 8.676406871192861914 ) ) ;
#252 = FILL_AREA_STYLE_COLOUR ( '', #1055 ) ;
#253 = DIRECTION ( 'NONE',  ( 1.000000000000000000, 0.000000000000000000, 0.000000000000000000 ) ) ;
#254 = PRODUCT_DEFINITION_SHAPE ( 'NONE', 'NONE',  #2215 ) ;
#255 = VECTOR ( 'NONE', #1923, 1000.000000000000000 ) ;
#256 = ADVANCED_FACE ( 'NONE', ( #1256 ), #1927, .F. ) ;
#257 = AXIS2_PLACEMENT_3D ( 'NONE', #440, #2145, #118 ) ;
#258 = ORIENTED_EDGE ( 'NONE', *, *, #1627, .T. ) ;
#259 = ITEM_DEFINED_TRANSFORMATION ( 'NONE', 'NONE', #727,  #1407 ) ;
#260 = FACE_OUTER_BOUND ( 'NONE', #2024, .T. ) ;
#261 = FACE_BOUND ( 'NONE', #1117, .T. ) ;
#262 = CARTESIAN_POINT ( 'NONE',  ( -3.885734712638577296E-15, 9.500000000000001776, 0.000000000000000000 ) ) ;
#263 = LINE ( 'NONE', #1760, #2161 ) ;
#264 = LINE ( 'NONE', #1133, #2050 ) ;
#265 = DIRECTION ( 'NONE',  ( -1.000000000000000000, 0.000000000000000000, 0.000000000000000000 ) ) ;
#266 = ORIENTED_EDGE ( 'NONE', *, *, #796, .T. ) ;
#267 = EDGE_CURVE ( 'NONE', #1432, #2088, #5, .T. ) ;
#268 = CARTESIAN_POINT ( 'NONE',  ( 0.000000000000000000, 13.00000000000000888, 224.5833333333331439 ) ) ;
#269 = PRESENTATION_LAYER_ASSIGNMENT (  '', '', ( #1342 ) ) ;
#270 = CARTESIAN_POINT ( 'NONE',  ( -18.00000000000000711, 70.00000000000000000, 12.42640687119286014 ) ) ;
#271 = PRODUCT_DEFINITION_SHAPE ( 'NONE', 'NONE',  #1210 ) ;
#272 = SHAPE_REPRESENTATION_RELATIONSHIP ( 'NONE' , 'NONE' ,  #563, #1219 ) ;
#273 = AXIS2_PLACEMENT_3D ( 'NONE', #1023, #1746, #854 ) ;
#274 = LINE ( 'NONE', #797, #615 ) ;
#275 = DIRECTION ( 'NONE',  ( -1.301042606982607786E-16, 0.000000000000000000, -1.000000000000000000 ) ) ;
#276 = VECTOR ( 'NONE', #991, 1000.000000000000000 ) ;
#277 = AXIS2_PLACEMENT_3D ( 'NONE', #577, #253, #1774 ) ;
#278 = ADVANCED_FACE ( 'NONE', ( #1380 ), #1208, .F. ) ;
#279 = VERTEX_POINT ( 'NONE', #111 ) ;
#280 = DIRECTION ( 'NONE',  ( 0.000000000000000000, -1.000000000000000000, -3.469446951953613696E-16 ) ) ;
#281 = SURFACE_STYLE_USAGE ( .BOTH. , #1641 ) ;
#282 = DIRECTION ( 'NONE',  ( 0.000000000000000000, -1.000000000000000000, 0.000000000000000000 ) ) ;
#283 = DIRECTION ( 'NONE',  ( -1.000000000000000000, 0.000000000000000000, 0.000000000000000000 ) ) ;
#284 = EDGE_CURVE ( 'NONE', #1763, #1192, #601, .T. ) ;
#285 = CYLINDRICAL_SURFACE ( 'NONE', #1298, 2.600000000000000089 ) ;
#286 = CARTESIAN_POINT ( 'NONE',  ( -18.00000000000000711, 70.00000000000000000, 8.676406871192861914 ) ) ;
#287 = AXIS2_PLACEMENT_3D ( 'NONE', #373, #1690, #1525 ) ;
#288 = VERTEX_POINT ( 'NONE', #1948 ) ;
#289 = ORIENTED_EDGE ( 'NONE', *, *, #1970, .T. ) ;
#290 = ORIENTED_EDGE ( 'NONE', *, *, #761, .T. ) ;
#291 = AXIS2_PLACEMENT_3D ( 'NONE', #480, #1204, #1891 ) ;
#292 = PRESENTATION_STYLE_ASSIGNMENT (( #1139 ) ) ;
#293 = CARTESIAN_POINT ( 'NONE',  ( 0.000000000000000000, 80.00000000000000000, -29.99999999999999645 ) ) ;
#294 = CARTESIAN_POINT ( 'NONE',  ( 5.000000000000000000, 100.0000000000000000, 0.000000000000000000 ) ) ;
#295 = DIRECTION ( 'NONE',  ( -0.000000000000000000, -1.000000000000000000, -0.000000000000000000 ) ) ;
#296 = LINE ( 'NONE', #1166, #1349 ) ;
#297 = EDGE_LOOP ( 'NONE', ( #1928, #406, #636, #1563, #1156, #499 ) ) ;
#298 = ORIENTED_EDGE ( 'NONE', *, *, #433, .T. ) ;
#299 = CARTESIAN_POINT ( 'NONE',  ( -30.00000000000000711, 70.00000000000000000, 12.42640687119286014 ) ) ;
#300 =( LENGTH_UNIT ( ) NAMED_UNIT ( * ) SI_UNIT ( .MILLI., .METRE. ) );
#301 =( LENGTH_UNIT ( ) NAMED_UNIT ( * ) SI_UNIT ( .MILLI., .METRE. ) );
#302 = DIRECTION ( 'NONE',  ( 0.000000000000000000, 0.000000000000000000, -1.000000000000000000 ) ) ;
#303 = VECTOR ( 'NONE', #584, 1000.000000000000000 ) ;
#304 = EDGE_CURVE ( 'NONE', #1834, #391, #444, .T. ) ;
#305 = CARTESIAN_POINT ( 'NONE',  ( -12.42640687119286191, 0.000000000000000000, 30.00000000000000711 ) ) ;
#306 = EDGE_CURVE ( 'NONE', #1106, #625, #1625, .T. ) ;
#307 =( REPRESENTATION_RELATIONSHIP ('NONE','NONE', #894, #55 ) REPRESENTATION_RELATIONSHIP_WITH_TRANSFORMATION ( #975 )SHAPE_REPRESENTATION_RELATIONSHIP( ) );
#308 = DIRECTION ( 'NONE',  ( 0.000000000000000000, 1.000000000000000000, 3.469446951953613203E-16 ) ) ;
#309 = EDGE_CURVE ( 'NONE', #488, #381, #421, .T. ) ;
#310 = VECTOR ( 'NONE', #1124, 1000.000000000000114 ) ;
#311 = VERTEX_POINT ( 'NONE', #70 ) ;
#312 = ORIENTED_EDGE ( 'NONE', *, *, #3, .T. ) ;
#313 = DIRECTION ( 'NONE',  ( 1.000000000000000000, 0.000000000000000000, 0.000000000000000000 ) ) ;
#314 = DIRECTION ( 'NONE',  ( -0.000000000000000000, -1.000000000000000000, -0.000000000000000000 ) ) ;
#315 = DIRECTION ( 'NONE',  ( -0.7071067811865474617, 0.000000000000000000, 0.7071067811865475727 ) ) ;
#316 = DIRECTION ( 'NONE',  ( -1.000000000000000000, 0.000000000000000000, -0.000000000000000000 ) ) ;
#317 = CARTESIAN_POINT ( 'NONE',  ( 1.258312158810909859E-15, 2.000000000000000000, 5.000000000000000000 ) ) ;
#318 = DIRECTION ( 'NONE',  ( 1.445602896647339348E-17, -1.000000000000000000, -0.000000000000000000 ) ) ;
#319 = VECTOR ( 'NONE', #881, 1000.000000000000000 ) ;
#320 = ORIENTED_EDGE ( 'NONE', *, *, #2168, .F. ) ;
#321 = ORIENTED_EDGE ( 'NONE', *, *, #1984, .F. ) ;
#322 = EDGE_CURVE ( 'NONE', #47, #1845, #599, .T. ) ;
#323 = DIRECTION ( 'NONE',  ( 0.000000000000000000, 0.000000000000000000, 1.000000000000000000 ) ) ;
#324 = LINE ( 'NONE', #1872, #1478 ) ;
#325 = ORIENTED_EDGE ( 'NONE', *, *, #1968, .F. ) ;
#326 = AXIS2_PLACEMENT_3D ( 'NONE', #270, #595, #956 ) ;
#327 = DIRECTION ( 'NONE',  ( -0.000000000000000000, -1.000000000000000000, -0.000000000000000000 ) ) ;
#328 = AXIS2_PLACEMENT_3D ( 'NONE', #1123, #1805, #787 ) ;
#329 = DIRECTION ( 'NONE',  ( -1.000000000000000000, -0.000000000000000000, 0.000000000000000000 ) ) ;
#330 = SURFACE_SIDE_STYLE ('',( #989 ) ) ;
#331 = PLANE ( 'NONE',  #1005 ) ;
#332 = DIRECTION ( 'NONE',  ( -0.000000000000000000, -1.000000000000000000, -0.000000000000000000 ) ) ;
#333 = ORIENTED_EDGE ( 'NONE', *, *, #146, .F. ) ;
#334 = ORIENTED_EDGE ( 'NONE', *, *, #929, .F. ) ;
#335 = PRODUCT_DEFINITION_FORMATION_WITH_SPECIFIED_SOURCE ( 'ANY', '', #612, .NOT_KNOWN. ) ;
#336 = CARTESIAN_POINT ( 'NONE',  ( -18.00000000000000711, 20.00000000000000355, -5.000000000000000000 ) ) ;
#337 = CARTESIAN_POINT ( 'NONE',  ( -30.00000000000000711, 5.099999999999999645, -29.99999999999999289 ) ) ;
#338 = EDGE_CURVE ( 'NONE', #1212, #1062, #411, .T. ) ;
#339 =( NAMED_UNIT ( * ) SI_UNIT ( $, .STERADIAN. ) SOLID_ANGLE_UNIT ( ) );
#340 = ORIENTED_EDGE ( 'NONE', *, *, #1627, .F. ) ;
#341 = CARTESIAN_POINT ( 'NONE',  ( -35.00000000000000000, 60.00000000000000711, 12.42640687119286014 ) ) ;
#342 = LINE ( 'NONE', #1025, #687 ) ;
#343 = LINE ( 'NONE', #1398, #1991 ) ;
#344 = COLOUR_RGB ( '',0.7921568627450980005, 0.8196078431372548767, 0.9333333333333333481 ) ;
#345 = CARTESIAN_POINT ( 'NONE',  ( -9.654149949482786609E-16, -10.00000000000000000, 0.000000000000000000 ) ) ;
#346 = CARTESIAN_POINT ( 'NONE',  ( 0.000000000000000000, 39.00000000000000000, 0.000000000000000000 ) ) ;
#347 = ORIENTED_EDGE ( 'NONE', *, *, #1396, .T. ) ;
#348 = VECTOR ( 'NONE', #1335, 1000.000000000000000 ) ;
#349 = EDGE_CURVE ( 'NONE', #31, #1776, #1297, .T. ) ;
#350 = CARTESIAN_POINT ( 'NONE',  ( 0.000000000000000000, 0.000000000000000000, 0.000000000000000000 ) ) ;
#351 = VERTEX_POINT ( 'NONE', #1267 ) ;
#352 =( LENGTH_UNIT ( ) NAMED_UNIT ( * ) SI_UNIT ( .MILLI., .METRE. ) );
#353 = FACE_OUTER_BOUND ( 'NONE', #921, .T. ) ;
#354 = FACE_OUTER_BOUND ( 'NONE', #548, .T. ) ;
#355 = EDGE_CURVE ( 'NONE', #1835, #62, #103, .T. ) ;
#356 = CARTESIAN_POINT ( 'NONE',  ( -10.00000000000000178, 38.90000000000000568, -5.099999999999999645 ) ) ;
#357 = DIRECTION ( 'NONE',  ( 0.000000000000000000, 0.000000000000000000, -1.000000000000000000 ) ) ;
#358 = ORIENTED_EDGE ( 'NONE', *, *, #1232, .F. ) ;
#359 = DIRECTION ( 'NONE',  ( 0.8320502943378438321, 0.000000000000000000, 0.5547001962252288143 ) ) ;
#360 = VERTEX_POINT ( 'NONE', #92 ) ;
#361 = ORIENTED_EDGE ( 'NONE', *, *, #677, .T. ) ;
#362 = PLANE ( 'NONE',  #379 ) ;
#363 = FACE_OUTER_BOUND ( 'NONE', #1789, .T. ) ;
#364 = VECTOR ( 'NONE', #1649, 1000.000000000000000 ) ;
#365 = DIRECTION ( 'NONE',  ( -9.654149949482787349E-17, -1.000000000000000000, 0.000000000000000000 ) ) ;
#366 = EDGE_CURVE ( 'NONE', #728, #1671, #1305, .T. ) ;
#367 = DIRECTION ( 'NONE',  ( 0.000000000000000000, 0.000000000000000000, 1.000000000000000000 ) ) ;
#368 = ORIENTED_EDGE ( 'NONE', *, *, #214, .T. ) ;
#369 = EDGE_LOOP ( 'NONE', ( #1291, #515, #791, #1355, #2185 ) ) ;
#370 = FACE_OUTER_BOUND ( 'NONE', #2186, .T. ) ;
#371 = CYLINDRICAL_SURFACE ( 'NONE', #971, 3.749999999999998224 ) ;
#372 = ADVANCED_FACE ( 'NONE', ( #1786 ), #2122, .T. ) ;
#373 = CARTESIAN_POINT ( 'NONE',  ( 0.000000000000000000, 2.000000000000000000, 0.000000000000000000 ) ) ;
#374 = CARTESIAN_POINT ( 'NONE',  ( 5.000000000000000888, -10.00000000000000000, 6.123233995736768255E-16 ) ) ;
#375 = EDGE_CURVE ( 'NONE', #1604, #1965, #959, .T. ) ;
#376 = MECHANICAL_DESIGN_GEOMETRIC_PRESENTATION_REPRESENTATION (  '', ( #1342 ), #9 ) ;
#377 = ORIENTED_EDGE ( 'NONE', *, *, #1437, .F. ) ;
#378 = EDGE_CURVE ( 'NONE', #736, #1944, #2160, .T. ) ;
#379 = AXIS2_PLACEMENT_3D ( 'NONE', #1555, #1043, #1362 ) ;
#380 = EDGE_LOOP ( 'NONE', ( #758, #6, #1050, #986 ) ) ;
#381 = VERTEX_POINT ( 'NONE', #1990 ) ;
#382 = DIRECTION ( 'NONE',  ( 0.000000000000000000, 0.000000000000000000, 1.000000000000000000 ) ) ;
#383 = VECTOR ( 'NONE', #2037, 1000.000000000000000 ) ;
#384 = VECTOR ( 'NONE', #1152, 1000.000000000000000 ) ;
#385 = DIRECTION ( 'NONE',  ( -1.000000000000000000, 0.000000000000000000, 5.551115123125790591E-16 ) ) ;
#386 = FACE_OUTER_BOUND ( 'NONE', #742, .T. ) ;
#387 = CARTESIAN_POINT ( 'NONE',  ( 1.258312158810909859E-15, 2.000000000000000000, 5.000000000000000000 ) ) ;
#388 = ORIENTED_EDGE ( 'NONE', *, *, #1507, .T. ) ;
#389 = EDGE_CURVE ( 'NONE', #1741, #1062, #588, .T. ) ;
#390 = ORIENTED_EDGE ( 'NONE', *, *, #1799, .T. ) ;
#391 = VERTEX_POINT ( 'NONE', #1451 ) ;
#392 = DIRECTION ( 'NONE',  ( -1.000000000000000000, 0.000000000000000000, 0.000000000000000000 ) ) ;
#393 = DIRECTION ( 'NONE',  ( 0.000000000000000000, -1.000000000000000000, 0.000000000000000000 ) ) ;
#394 = VECTOR ( 'NONE', #14, 1000.000000000000000 ) ;
#395 = PRODUCT ( 'Ollie', 'Ollie', '', ( #30 ) ) ;
#396 = LINE ( 'NONE', #1449, #2022 ) ;
#397 = DIRECTION ( 'NONE',  ( -0.000000000000000000, -1.000000000000000000, -0.000000000000000000 ) ) ;
#398 = CARTESIAN_POINT ( 'NONE',  ( -30.00000000000000711, 73.75000000000001421, 12.42640687119286014 ) ) ;
#399 = DIRECTION ( 'NONE',  ( -0.8320502943378438321, 0.000000000000000000, -0.5547001962252290364 ) ) ;
#400 = TOROIDAL_SURFACE ( 'NONE', #757, -224.5833333333331439, 227.0833333333331723 ) ;
#401 = ORIENTED_EDGE ( 'NONE', *, *, #538, .T. ) ;
#402 = AXIS2_PLACEMENT_3D ( 'NONE', #1661, #2008, #108 ) ;
#403 = EDGE_CURVE ( 'NONE', #1341, #1834, #1283, .T. ) ;
#404 = ORIENTED_EDGE ( 'NONE', *, *, #1126, .T. ) ;
#405 = APPLICATION_PROTOCOL_DEFINITION ( 'draft international standard', 'automotive_design', 1998, #996 ) ;
#406 = ORIENTED_EDGE ( 'NONE', *, *, #2066, .T. ) ;
#407 = CARTESIAN_POINT ( 'NONE',  ( 9.654149949482786609E-16, 10.00000000000000000, 0.000000000000000000 ) ) ;
#408 = ADVANCED_FACE ( 'NONE', ( #2149 ), #245, .F. ) ;
#409 = ORIENTED_EDGE ( 'NONE', *, *, #983, .T. ) ;
#410 = CARTESIAN_POINT ( 'NONE',  ( -35.00000000000000000, 70.00000000000000000, 16.17640687119285658 ) ) ;
#411 = LINE ( 'NONE', #1436, #1061 ) ;
#412 = EDGE_LOOP ( 'NONE', ( #654, #2044 ) ) ;
#413 = CIRCLE ( 'NONE', #233, 0.5000000000000004441 ) ;
#414 = ORIENTED_EDGE ( 'NONE', *, *, #229, .T. ) ;
#415 = SHAPE_DEFINITION_REPRESENTATION ( #1772, #804 ) ;
#416 = EDGE_LOOP ( 'NONE', ( #1452, #1782, #512, #1527 ) ) ;
#417 = DIRECTION ( 'NONE',  ( -1.000000000000000000, 0.000000000000000000, 0.000000000000000000 ) ) ;
#418 = EDGE_CURVE ( 'NONE', #1192, #1944, #80, .T. ) ;
#419 = ORIENTED_EDGE ( 'NONE', *, *, #598, .T. ) ;
#420 = CARTESIAN_POINT ( 'NONE',  ( 1.069181302109860392E-14, 60.00000000000000000, 30.00000000000000711 ) ) ;
#421 = CIRCLE ( 'NONE', #632, 4.999999999999988454 ) ;
#422 = CARTESIAN_POINT ( 'NONE',  ( 2.599999999999999201, -10.00000000000000355, 3.184081677783117698E-16 ) ) ;
#423 = VERTEX_POINT ( 'NONE', #422 ) ;
#424 = ORIENTED_EDGE ( 'NONE', *, *, #1068, .T. ) ;
#425 = LINE ( 'NONE', #87, #2105 ) ;
#426 = SURFACE_SIDE_STYLE ('',( #1319 ) ) ;
#427 = DIRECTION ( 'NONE',  ( -1.000000000000000000, 0.000000000000000000, 0.000000000000000000 ) ) ;
#428 = DIRECTION ( 'NONE',  ( 0.8320502943378437211, 0.000000000000000000, 0.5547001962252290364 ) ) ;
#429 = CIRCLE ( 'NONE', #498, 50.00000000000000000 ) ;
#430 = DIRECTION ( 'NONE',  ( -0.000000000000000000, -1.000000000000000000, -0.000000000000000000 ) ) ;
#431 = CARTESIAN_POINT ( 'NONE',  ( 0.000000000000000000, 39.00000000000000000, 0.000000000000000000 ) ) ;
#432 = PRODUCT_DEFINITION_SHAPE ( 'NONE', 'NONE',  #2219 ) ;
#433 = EDGE_CURVE ( 'NONE', #1965, #1636, #1103, .T. ) ;
#434 = VECTOR ( 'NONE', #587, 1000.000000000000000 ) ;
#435 = ORIENTED_EDGE ( 'NONE', *, *, #1045, .F. ) ;
#436 = FACE_OUTER_BOUND ( 'NONE', #166, .T. ) ;
#437 = LINE ( 'NONE', #1092, #826 ) ;
#438 = MANIFOLD_SOLID_BREP ( 'Cut-Extrude4', #2096 ) ;
#439 = PLANE ( 'NONE',  #1113 ) ;
#440 = CARTESIAN_POINT ( 'NONE',  ( -9.654149949482792526E-16, -10.00000000000000355, 0.000000000000000000 ) ) ;
#441 = DIRECTION ( 'NONE',  ( 0.000000000000000000, 0.000000000000000000, -1.000000000000000000 ) ) ;
#442 = AXIS2_PLACEMENT_3D ( 'NONE', #1874, #1021, #1251 ) ;
#443 = CARTESIAN_POINT ( 'NONE',  ( -35.00000000000000000, 60.00000000000000711, 16.17640687119285658 ) ) ;
#444 = LINE ( 'NONE', #286, #1850 ) ;
#445 = EDGE_CURVE ( 'NONE', #1975, #2193, #1878, .T. ) ;
#446 = EDGE_CURVE ( 'NONE', #1882, #1301, #486, .T. ) ;
#447 = ORIENTED_EDGE ( 'NONE', *, *, #1104, .T. ) ;
#448 = CONTEXT_DEPENDENT_SHAPE_REPRESENTATION ( #1311, #2162 ) ;
#449 = DIRECTION ( 'NONE',  ( 0.000000000000000000, -0.000000000000000000, -1.000000000000000000 ) ) ;
#450 = DIRECTION ( 'NONE',  ( -9.654149949482787349E-17, -1.000000000000000000, 0.000000000000000000 ) ) ;
#451 = CARTESIAN_POINT ( 'NONE',  ( 30.00000000000000711, 0.000000000000000000, 19.99999999999998934 ) ) ;
#452 = DIRECTION ( 'NONE',  ( 0.5547001962252288143, 0.000000000000000000, -0.8320502943378439431 ) ) ;
#453 = CARTESIAN_POINT ( 'NONE',  ( -18.00000000000000711, 70.00000000000000000, 16.17640687119285658 ) ) ;
#454 = EDGE_LOOP ( 'NONE', ( #1309, #1594, #1940, #2014, #1030, #1430, #1476, #888 ) ) ;
#455 = EDGE_LOOP ( 'NONE', ( #377, #706, #1528, #1375 ) ) ;
#456 = CARTESIAN_POINT ( 'NONE',  ( 1.224646799147353256E-15, -10.00000000000000000, 0.000000000000000000 ) ) ;
#457 = PLANE ( 'NONE',  #1373 ) ;
#458 = LINE ( 'NONE', #998, #348 ) ;
#459 = CARTESIAN_POINT ( 'NONE',  ( -30.00000000000000711, 60.00000000000000711, 8.676406871192861914 ) ) ;
#460 = FILL_AREA_STYLE_COLOUR ( '', #1811 ) ;
#461 = VECTOR ( 'NONE', #1211, 1000.000000000000000 ) ;
#462 = CARTESIAN_POINT ( 'NONE',  ( -2.750352603085094798E-14, 13.00000000000000888, -224.5833333333331439 ) ) ;
#463 = VERTEX_POINT ( 'NONE', #1536 ) ;
#464 = EDGE_LOOP ( 'NONE', ( #1715, #1949, #414, #1561 ) ) ;
#465 = CONTEXT_DEPENDENT_SHAPE_REPRESENTATION ( #194, #1974 ) ;
#466 = PLANE ( 'NONE',  #1667 ) ;
#467 = MECHANICAL_DESIGN_GEOMETRIC_PRESENTATION_REPRESENTATION (  '', ( #1481 ), #1403 ) ;
#468 = EDGE_CURVE ( 'NONE', #1845, #1062, #2, .T. ) ;
#469 = LINE ( 'NONE', #1469, #364 ) ;
#470 = LINE ( 'NONE', #1861, #1889 ) ;
#471 = ADVANCED_FACE ( 'NONE', ( #2181 ), #1364, .T. ) ;
#472 = DIRECTION ( 'NONE',  ( 0.5547001962252294804, -0.000000000000000000, 0.8320502943378433880 ) ) ;
#473 = PRODUCT_DEFINITION_FORMATION_WITH_SPECIFIED_SOURCE ( 'ANY', '', #1441, .NOT_KNOWN. ) ;
#474 = ORIENTED_EDGE ( 'NONE', *, *, #13, .F. ) ;
#475 = ORIENTED_EDGE ( 'NONE', *, *, #679, .T. ) ;
#476 = DIRECTION ( 'NONE',  ( 0.000000000000000000, -1.000000000000000000, 1.734723475976806848E-16 ) ) ;
#477 = CARTESIAN_POINT ( 'NONE',  ( -10.00000000000000178, 41.09999999999999432, -5.099999999999999645 ) ) ;
#478 = DIRECTION ( 'NONE',  ( 1.000000000000000000, 0.000000000000000000, 0.000000000000000000 ) ) ;
#479 = VECTOR ( 'NONE', #781, 1000.000000000000000 ) ;
#480 = CARTESIAN_POINT ( 'NONE',  ( -5.458002562049691249E-16, 2.000000000000000000, -5.000000000000000000 ) ) ;
#481 = CARTESIAN_POINT ( 'NONE',  ( -30.00000000000000711, 38.89999999999999147, -12.42640687119284770 ) ) ;
#482 = AXIS2_PLACEMENT_3D ( 'NONE', #1725, #1065, #2081 ) ;
#483 = EDGE_CURVE ( 'NONE', #1763, #1606, #140, .T. ) ;
#484 = CARTESIAN_POINT ( 'NONE',  ( -5.458002562049691249E-16, 2.000000000000000000, -5.000000000000000000 ) ) ;
#485 = VECTOR ( 'NONE', #1233, 1000.000000000000000 ) ;
#486 = CIRCLE ( 'NONE', #1777, 1.000000000000029532 ) ;
#487 = ORIENTED_EDGE ( 'NONE', *, *, #1003, .F. ) ;
#488 = VERTEX_POINT ( 'NONE', #1524 ) ;
#489 = CARTESIAN_POINT ( 'NONE',  ( -18.00000000000000711, 10.00000000000000000, -5.000000000000003553 ) ) ;
#490 = CARTESIAN_POINT ( 'NONE',  ( -10.00000000000000178, 38.90000000000000568, 5.099999999999999645 ) ) ;
#491 = CARTESIAN_POINT ( 'NONE',  ( 0.000000000000000000, 0.000000000000000000, 0.000000000000000000 ) ) ;
#492 = DIRECTION ( 'NONE',  ( 1.000000000000000000, 0.000000000000000000, -6.591949208711866959E-16 ) ) ;
#493 = CARTESIAN_POINT ( 'NONE',  ( -10.00000000000000178, 38.90000000000000568, -5.099999999999999645 ) ) ;
#494 = CARTESIAN_POINT ( 'NONE',  ( 0.000000000000000000, 80.00000000000000000, -29.99999999999999645 ) ) ;
#495 = DIRECTION ( 'NONE',  ( 0.000000000000000000, 0.000000000000000000, 1.000000000000000000 ) ) ;
#496 = DIRECTION ( 'NONE',  ( -1.224646799147352961E-16, 0.000000000000000000, -1.000000000000000000 ) ) ;
#497 = EDGE_CURVE ( 'NONE', #884, #351, #1688, .T. ) ;
#498 = AXIS2_PLACEMENT_3D ( 'NONE', #2196, #1895, #170 ) ;
#499 = ORIENTED_EDGE ( 'NONE', *, *, #565, .F. ) ;
#500 = ORIENTED_EDGE ( 'NONE', *, *, #1285, .T. ) ;
#501 = LINE ( 'NONE', #337, #461 ) ;
#502 =( NAMED_UNIT ( * ) PLANE_ANGLE_UNIT ( ) SI_UNIT ( $, .RADIAN. ) );
#503 = FACE_OUTER_BOUND ( 'NONE', #1616, .T. ) ;
#504 = AXIS2_PLACEMENT_3D ( 'NONE', #262, #450, #605 ) ;
#505 = CARTESIAN_POINT ( 'NONE',  ( -2.600000000000000533, -10.00000000000000355, 0.000000000000000000 ) ) ;
#506 = CARTESIAN_POINT ( 'NONE',  ( -40.00000000000000000, 38.90000000000000568, -25.00000000000000000 ) ) ;
#507 = APPLICATION_CONTEXT ( 'automotive_design' ) ;
#508 = PLANE ( 'NONE',  #1648 ) ;
#509 = DIRECTION ( 'NONE',  ( 1.000000000000000000, -1.204089948046584186E-16, 0.000000000000000000 ) ) ;
#510 = EDGE_CURVE ( 'NONE', #2193, #1618, #808, .T. ) ;
#511 = EDGE_LOOP ( 'NONE', ( #1573, #246, #1856, #1361 ) ) ;
#512 = ORIENTED_EDGE ( 'NONE', *, *, #322, .T. ) ;
#514 = EDGE_CURVE ( 'NONE', #1835, #1618, #2211, .T. ) ;
#513 = CARTESIAN_POINT ( 'NONE',  ( 0.000000000000000000, 41.09999999999998721, 0.000000000000000000 ) ) ;
#515 = ORIENTED_EDGE ( 'NONE', *, *, #403, .F. ) ;
#516 = ORIENTED_EDGE ( 'NONE', *, *, #366, .T. ) ;
#517 = FACE_OUTER_BOUND ( 'NONE', #952, .T. ) ;
#518 = DIRECTION ( 'NONE',  ( 0.000000000000000000, 0.000000000000000000, 1.000000000000000000 ) ) ;
#519 = VECTOR ( 'NONE', #1107, 1000.000000000000000 ) ;
#520 = FACE_OUTER_BOUND ( 'NONE', #779, .T. ) ;
#521 = CARTESIAN_POINT ( 'NONE',  ( 0.000000000000000000, 49.74937185533099893, 0.000000000000000000 ) ) ;
#522 = VERTEX_POINT ( 'NONE', #481 ) ;
#523 = CIRCLE ( 'NONE', #737, 1.000000000000029532 ) ;
#524 =( GEOMETRIC_REPRESENTATION_CONTEXT ( 3 ) GLOBAL_UNCERTAINTY_ASSIGNED_CONTEXT ( ( #1356 ) ) GLOBAL_UNIT_ASSIGNED_CONTEXT ( ( #1512, #982, #1831 ) ) REPRESENTATION_CONTEXT ( 'NONE', 'WORKASPACE' ) );
#525 = FACE_OUTER_BOUND ( 'NONE', #1213, .T. ) ;
#526 = ORIENTED_EDGE ( 'NONE', *, *, #705, .T. ) ;
#527 = ORIENTED_EDGE ( 'NONE', *, *, #209, .F. ) ;
#528 = CARTESIAN_POINT ( 'NONE',  ( 0.000000000000000000, 39.00000000000000000, 0.000000000000000000 ) ) ;
#529 = EDGE_CURVE ( 'NONE', #644, #179, #653, .T. ) ;
#530 = CARTESIAN_POINT ( 'NONE',  ( -26.25000000000001066, 60.00000000000000711, 16.17640687119285658 ) ) ;
#531 = DIRECTION ( 'NONE',  ( 0.000000000000000000, 1.000000000000000000, 0.000000000000000000 ) ) ;
#532 = LINE ( 'NONE', #1424, #1925 ) ;
#533 = ORIENTED_EDGE ( 'NONE', *, *, #267, .T. ) ;
#534 = ORIENTED_EDGE ( 'NONE', *, *, #1366, .T. ) ;
#535 =( NAMED_UNIT ( * ) PLANE_ANGLE_UNIT ( ) SI_UNIT ( $, .RADIAN. ) );
#536 = ORIENTED_EDGE ( 'NONE', *, *, #1352, .F. ) ;
#537 = CARTESIAN_POINT ( 'NONE',  ( -35.00000000000000000, 60.00000000000000711, 12.42640687119286014 ) ) ;
#538 = EDGE_CURVE ( 'NONE', #19, #1592, #1841, .T. ) ;
#539 = CARTESIAN_POINT ( 'NONE',  ( 6.254710617342683496E-15, 80.00000000000000000, 5.100000000000003197 ) ) ;
#540 = AXIS2_PLACEMENT_3D ( 'NONE', #720, #926, #67 ) ;
#541 = EDGE_CURVE ( 'NONE', #671, #1444, #819, .T. ) ;
#542 = TOROIDAL_SURFACE ( 'NONE', #504, 28.81385196830317952, 0.5000000000000000000 ) ;
#543 = DIRECTION ( 'NONE',  ( 9.654149949482787349E-17, 1.000000000000000000, 0.000000000000000000 ) ) ;
#544 = DIRECTION ( 'NONE',  ( 1.000000000000000000, -1.387778780781445676E-16, 0.000000000000000000 ) ) ;
#545 = ORIENTED_EDGE ( 'NONE', *, *, #2158, .T. ) ;
#546 = ORIENTED_EDGE ( 'NONE', *, *, #2137, .F. ) ;
#547 = APPLICATION_PROTOCOL_DEFINITION ( 'draft international standard', 'automotive_design', 1998, #1669 ) ;
#548 = EDGE_LOOP ( 'NONE', ( #1004, #347, #124, #1316 ) ) ;
#549 = CARTESIAN_POINT ( 'NONE',  ( -30.00000000000000711, 80.00000000000000000, 12.42640687119286014 ) ) ;
#550 = FACE_OUTER_BOUND ( 'NONE', #2130, .T. ) ;
#551 = DIRECTION ( 'NONE',  ( -1.000000000000000000, 0.000000000000000000, 0.000000000000000000 ) ) ;
#552 = ADVANCED_FACE ( 'NONE', ( #1164 ), #1853, .F. ) ;
#553 = ORIENTED_EDGE ( 'NONE', *, *, #1867, .T. ) ;
#554 = VECTOR ( 'NONE', #41, 1000.000000000000000 ) ;
#555 = ORIENTED_EDGE ( 'NONE', *, *, #433, .F. ) ;
#556 = APPLICATION_PROTOCOL_DEFINITION ( 'draft international standard', 'automotive_design', 1998, #1177 ) ;
#557 = VERTEX_POINT ( 'NONE', #2047 ) ;
#558 = DIRECTION ( 'NONE',  ( 0.000000000000000000, 1.000000000000000000, 0.000000000000000000 ) ) ;
#559 = VECTOR ( 'NONE', #1463, 1000.000000000000000 ) ;
#560 = CARTESIAN_POINT ( 'NONE',  ( -26.42870152576724863, 80.00000000000000000, -15.99770534542560618 ) ) ;
#561 = DIRECTION ( 'NONE',  ( 1.000000000000000000, 0.000000000000000000, 0.000000000000000000 ) ) ;
#562 = DIRECTION ( 'NONE',  ( 0.8333301183313625016, 0.000000000000000000, 0.5527756451598038190 ) ) ;
#563 = SHAPE_REPRESENTATION ( 'Sat Body', ( #1407 ), #150 ) ;
#564 = DIRECTION ( 'NONE',  ( 0.5547001962252290364, 0.000000000000000000, -0.8320502943378438321 ) ) ;
#565 = EDGE_CURVE ( 'NONE', #1459, #1606, #1189, .T. ) ;
#566 = VERTEX_POINT ( 'NONE', #1411 ) ;
#567 = EDGE_CURVE ( 'NONE', #1199, #1604, #1046, .T. ) ;
#568 = ORIENTED_EDGE ( 'NONE', *, *, #338, .T. ) ;
#569 = CARTESIAN_POINT ( 'NONE',  ( 21.89486764018798581, 80.35295171904066081, 37.75223800153347042 ) ) ;
#570 = ORIENTED_EDGE ( 'NONE', *, *, #1024, .T. ) ;
#571 = DIRECTION ( 'NONE',  ( -0.000000000000000000, -1.000000000000000000, -0.000000000000000000 ) ) ;
#572 = ORIENTED_EDGE ( 'NONE', *, *, #1664, .F. ) ;
#573 = CARTESIAN_POINT ( 'NONE',  ( 0.9933652782897470779, 39.11500184297825200, 0.000000000000000000 ) ) ;
#574 = CIRCLE ( 'NONE', #1823, 2.600000000000000089 ) ;
#575 = PRODUCT_DEFINITION_SHAPE ( 'NONE', 'NONE',  #1517 ) ;
#576 = LINE ( 'NONE', #228, #1258 ) ;
#577 = CARTESIAN_POINT ( 'NONE',  ( -30.00000000000000711, 70.00000000000000000, 12.42640687119286014 ) ) ;
#578 = AXIS2_PLACEMENT_3D ( 'NONE', #2189, #2166, #2154 ) ;
#579 = ORIENTED_EDGE ( 'NONE', *, *, #1742, .F. ) ;
#580 = PRODUCT_RELATED_PRODUCT_CATEGORY ( 'part', '', ( #2123 ) ) ;
#581 = ORIENTED_EDGE ( 'NONE', *, *, #1007, .F. ) ;
#582 = DIRECTION ( 'NONE',  ( 1.000000000000000000, 0.000000000000000000, 0.000000000000000000 ) ) ;
#583 = ORIENTED_EDGE ( 'NONE', *, *, #284, .F. ) ;
#584 = DIRECTION ( 'NONE',  ( 0.000000000000000000, -1.000000000000000000, 0.000000000000000000 ) ) ;
#585 = ORIENTED_EDGE ( 'NONE', *, *, #389, .F. ) ;
#586 = DIRECTION ( 'NONE',  ( -0.000000000000000000, -0.000000000000000000, 1.000000000000000000 ) ) ;
#587 = DIRECTION ( 'NONE',  ( -1.000000000000000000, 0.000000000000000000, 1.395997647556734910E-16 ) ) ;
#588 = LINE ( 'NONE', #1089, #885 ) ;
#589 = ORIENTED_EDGE ( 'NONE', *, *, #651, .T. ) ;
#590 = VECTOR ( 'NONE', #52, 1000.000000000000000 ) ;
#591 = ORIENTED_EDGE ( 'NONE', *, *, #607, .F. ) ;
#592 = ORIENTED_EDGE ( 'NONE', *, *, #483, .T. ) ;
#593 = CARTESIAN_POINT ( 'NONE',  ( 130.0000000000000000, 0.000000000000000000, 24.99999999999992539 ) ) ;
#594 = VECTOR ( 'NONE', #478, 1000.000000000000000 ) ;
#595 = DIRECTION ( 'NONE',  ( -1.000000000000000000, 0.000000000000000000, 0.000000000000000000 ) ) ;
#596 = CARTESIAN_POINT ( 'NONE',  ( -30.00000000000000711, 56.25000000000001421, 12.42640687119286014 ) ) ;
#597 = PRESENTATION_STYLE_ASSIGNMENT (( #2156 ) ) ;
#598 = EDGE_CURVE ( 'NONE', #1657, #728, #343, .T. ) ;
#599 = CIRCLE ( 'NONE', #669, 5.099999999999999645 ) ;
#600 = DIRECTION ( 'NONE',  ( -1.000000000000000000, 0.000000000000000000, 0.000000000000000000 ) ) ;
#601 = LINE ( 'NONE', #1290, #205 ) ;
#602 = ORIENTED_EDGE ( 'NONE', *, *, #967, .F. ) ;
#603 = LINE ( 'NONE', #1431, #1157 ) ;
#604 = FILL_AREA_STYLE ('',( #2007 ) ) ;
#605 = DIRECTION ( 'NONE',  ( 1.000000000000000000, -9.654149949482787349E-17, 0.000000000000000000 ) ) ;
#606 = FACE_BOUND ( 'NONE', #1146, .T. ) ;
#607 = EDGE_CURVE ( 'NONE', #925, #1763, #1924, .T. ) ;
#608 = AXIS2_PLACEMENT_3D ( 'NONE', #666, #1176, #495 ) ;
#609 = DIRECTION ( 'NONE',  ( -1.000000000000000000, -0.000000000000000000, -0.000000000000000000 ) ) ;
#610 = ADVANCED_FACE ( 'NONE', ( #386 ), #217, .F. ) ;
#611 = DIRECTION ( 'NONE',  ( -2.602085213965210642E-16, 0.000000000000000000, -1.000000000000000000 ) ) ;
#612 = PRODUCT ( 'Solar Panel', 'Solar Panel', '', ( #1405 ) ) ;
#613 = EDGE_CURVE ( 'NONE', #1693, #1894, #1160, .T. ) ;
#614 = CIRCLE ( 'NONE', #1753, 3.749999999999998224 ) ;
#615 = VECTOR ( 'NONE', #1981, 1000.000000000000000 ) ;
#616 = ORIENTED_EDGE ( 'NONE', *, *, #2158, .F. ) ;
#617 = CONTEXT_DEPENDENT_SHAPE_REPRESENTATION ( #725, #1807 ) ;
#618 = PLANE ( 'NONE',  #1769 ) ;
#619 = CARTESIAN_POINT ( 'NONE',  ( -18.00000000000000711, 20.00000000000000355, 5.000000000000000000 ) ) ;
#620 = VERTEX_POINT ( 'NONE', #596 ) ;
#621 = DIRECTION ( 'NONE',  ( -0.8320502943378439431, 0.000000000000000000, -0.5547001962252288143 ) ) ;
#622 = DIRECTION ( 'NONE',  ( 0.7071067811865474617, -0.000000000000000000, 0.7071067811865474617 ) ) ;
#623 = APPLICATION_CONTEXT ( 'automotive_design' ) ;
#624 = ADVANCED_FACE ( 'NONE', ( #1851 ), #128, .T. ) ;
#625 = VERTEX_POINT ( 'NONE', #1346 ) ;
#626 = ORIENTED_EDGE ( 'NONE', *, *, #83, .T. ) ;
#627 = CARTESIAN_POINT ( 'NONE',  ( -26.42870152576724863, 41.09999999999998721, 15.99770534542561329 ) ) ;
#628 = LINE ( 'NONE', #1642, #905 ) ;
#629 = CARTESIAN_POINT ( 'NONE',  ( -12.42640687119286547, 38.89999999999999147, -29.99999999999999289 ) ) ;
#630 = AXIS2_PLACEMENT_3D ( 'NONE', #1521, #650, #1491 ) ;
#631 = FACE_OUTER_BOUND ( 'NONE', #994, .T. ) ;
#632 = AXIS2_PLACEMENT_3D ( 'NONE', #2134, #788, #1115 ) ;
#633 = CARTESIAN_POINT ( 'NONE',  ( -26.42870152576724863, 38.89999999999999858, 15.99770534542561329 ) ) ;
#634 = ADVANCED_FACE ( 'NONE', ( #1651 ), #2018, .F. ) ;
#635 = ORIENTED_EDGE ( 'NONE', *, *, #703, .T. ) ;
#636 = ORIENTED_EDGE ( 'NONE', *, *, #843, .T. ) ;
#637 = EDGE_CURVE ( 'NONE', #2013, #1657, #1816, .T. ) ;
#638 = DIRECTION ( 'NONE',  ( 1.000000000000000000, 0.000000000000000000, -0.000000000000000000 ) ) ;
#639 = CARTESIAN_POINT ( 'NONE',  ( 0.000000000000000000, 0.000000000000000000, -2.500000000000000000 ) ) ;
#640 = DIRECTION ( 'NONE',  ( 1.781968836849767451E-16, 0.000000000000000000, 1.000000000000000000 ) ) ;
#641 = CARTESIAN_POINT ( 'NONE',  ( 2.139069303155039769E-16, 39.11500184297825200, 0.9933652782897484101 ) ) ;
#642 = CARTESIAN_POINT ( 'NONE',  ( -5.458002562049691249E-16, 0.000000000000000000, -5.000000000000000000 ) ) ;
#643 = DIRECTION ( 'NONE',  ( 1.000000000000000000, 0.000000000000000000, -1.224646799147353207E-16 ) ) ;
#644 = VERTEX_POINT ( 'NONE', #1323 ) ;
#645 = ORIENTED_EDGE ( 'NONE', *, *, #882, .F. ) ;
#646 = CARTESIAN_POINT ( 'NONE',  ( -30.00000000000000711, 80.00000000000000000, 5.000000000000011546 ) ) ;
#647 =( BOUNDED_CURVE ( )  B_SPLINE_CURVE ( 3, ( #530, #1348, #2032, #1 ),
 .UNSPECIFIED., .F., .F. ) 
 B_SPLINE_CURVE_WITH_KNOTS ( ( 4, 4 ),
 ( 3.141592653589793116, 4.712388980384689674 ),
 .UNSPECIFIED. ) 
 CURVE ( )  GEOMETRIC_REPRESENTATION_ITEM ( )  RATIONAL_B_SPLINE_CURVE ( ( 1.000000000000000000, 0.8047378541243649375, 0.8047378541243649375, 1.000000000000000000 ) ) 
 REPRESENTATION_ITEM ( '' )  );
#648 = CIRCLE ( 'NONE', #1225, 29.10490097808401799 ) ;
#649 = DIRECTION ( 'NONE',  ( -0.000000000000000000, 0.000000000000000000, -1.000000000000000000 ) ) ;
#650 = DIRECTION ( 'NONE',  ( -0.000000000000000000, -1.000000000000000000, -0.000000000000000000 ) ) ;
#651 = EDGE_CURVE ( 'NONE', #47, #2080, #1840, .T. ) ;
#652 =( REPRESENTATION_RELATIONSHIP ('NONE','NONE', #894, #1957 ) REPRESENTATION_RELATIONSHIP_WITH_TRANSFORMATION ( #780 )SHAPE_REPRESENTATION_RELATIONSHIP( ) );
#653 = LINE ( 'NONE', #1324, #384 ) ;
#654 = ORIENTED_EDGE ( 'NONE', *, *, #1510, .F. ) ;
#655 = ORIENTED_EDGE ( 'NONE', *, *, #541, .T. ) ;
#656 = ORIENTED_EDGE ( 'NONE', *, *, #761, .F. ) ;
#657 = SURFACE_STYLE_USAGE ( .BOTH. , #1487 ) ;
#658 = CARTESIAN_POINT ( 'NONE',  ( -26.25000000000001066, 70.00000000000000000, 16.17640687119285658 ) ) ;
#659 =( NAMED_UNIT ( * ) SI_UNIT ( $, .STERADIAN. ) SOLID_ANGLE_UNIT ( ) );
#660 = LINE ( 'NONE', #2031, #1161 ) ;
#661 = AXIS2_PLACEMENT_3D ( 'NONE', #249, #558, #1976 ) ;
#662 = CARTESIAN_POINT ( 'NONE',  ( -30.00000000000000711, 9.999999999999994671, -12.42640687119283527 ) ) ;
#663 = FILL_AREA_STYLE ('',( #460 ) ) ;
#664 = EDGE_CURVE ( 'NONE', #930, #2013, #458, .T. ) ;
#665 = VECTOR ( 'NONE', #1026, 1000.000000000000114 ) ;
#666 = CARTESIAN_POINT ( 'NONE',  ( -35.00000000000000000, 60.00000000000000711, 12.42640687119286014 ) ) ;
#667 = CARTESIAN_POINT ( 'NONE',  ( -10.00000000000000178, 41.09999999999999432, 5.099999999999999645 ) ) ;
#668 = AXIS2_PLACEMENT_3D ( 'NONE', #346, #2192, #141 ) ;
#669 = AXIS2_PLACEMENT_3D ( 'NONE', #1601, #1971, #1796 ) ;
#670 = ORIENTED_EDGE ( 'NONE', *, *, #722, .T. ) ;
#671 = VERTEX_POINT ( 'NONE', #2191 ) ;
#672 = PLANE ( 'NONE',  #951 ) ;
#673 = LINE ( 'NONE', #1159, #143 ) ;
#674 = VERTEX_POINT ( 'NONE', #641 ) ;
#675 = DIRECTION ( 'NONE',  ( -1.000000000000000000, 9.654149949482787349E-17, 0.000000000000000000 ) ) ;
#676 = FACE_OUTER_BOUND ( 'NONE', #1329, .T. ) ;
#677 = EDGE_CURVE ( 'NONE', #62, #1591, #149, .T. ) ;
#678 = CARTESIAN_POINT ( 'NONE',  ( -4.999999999999990230, 0.000000000000000000, 30.00000000000000711 ) ) ;
#679 = EDGE_CURVE ( 'NONE', #51, #1671, #1141, .T. ) ;
#680 = CARTESIAN_POINT ( 'NONE',  ( 130.0000000000000000, 2.000000000000000000, 24.99999999999992539 ) ) ;
#681 = VECTOR ( 'NONE', #1719, 1000.000000000000114 ) ;
#682 = ORIENTED_EDGE ( 'NONE', *, *, #445, .T. ) ;
#683 = PRODUCT_DEFINITION_CONTEXT ( 'detailed design', #1434, 'design' ) ;
#684 = ORIENTED_EDGE ( 'NONE', *, *, #1299, .F. ) ;
#685 = DIRECTION ( 'NONE',  ( 0.000000000000000000, 1.000000000000000000, 0.000000000000000000 ) ) ;
#686 = ORIENTED_EDGE ( 'NONE', *, *, #483, .F. ) ;
#687 = VECTOR ( 'NONE', #855, 1000.000000000000114 ) ;
#688 = CARTESIAN_POINT ( 'NONE',  ( -30.00000000000000711, 60.00000000000000711, 12.42640687119286014 ) ) ;
#689 = CARTESIAN_POINT ( 'NONE',  ( -30.00000000000000711, 41.09999999999998721, -12.42640687119284770 ) ) ;
#690 = FACE_OUTER_BOUND ( 'NONE', #7, .T. ) ;
#691 = FACE_OUTER_BOUND ( 'NONE', #1167, .T. ) ;
#692 = ORIENTED_EDGE ( 'NONE', *, *, #703, .F. ) ;
#693 = CARTESIAN_POINT ( 'NONE',  ( -26.25000000000000355, 67.80330085889912084, 16.17640687119285658 ) ) ;
#694 = ORIENTED_EDGE ( 'NONE', *, *, #284, .T. ) ;
#695 = ORIENTED_EDGE ( 'NONE', *, *, #2197, .T. ) ;
#696 = FACE_OUTER_BOUND ( 'NONE', #1800, .T. ) ;
#697 = CARTESIAN_POINT ( 'NONE',  ( -35.00000000000000000, 70.00000000000000000, 12.42640687119286014 ) ) ;
#698 = AXIS2_PLACEMENT_3D ( 'NONE', #1498, #1986, #2175 ) ;
#699 = LINE ( 'NONE', #1353, #394 ) ;
#700 = CARTESIAN_POINT ( 'NONE',  ( -5.458002562049691249E-16, 2.000000000000000000, -5.000000000000000000 ) ) ;
#701 = ORIENTED_EDGE ( 'NONE', *, *, #306, .F. ) ;
#702 = PRODUCT_DEFINITION_CONTEXT ( 'detailed design', #2011, 'design' ) ;
#703 = EDGE_CURVE ( 'NONE', #1882, #1883, #523, .T. ) ;
#704 = AXIS2_PLACEMENT_3D ( 'NONE', #756, #1474, #275 ) ;
#705 = EDGE_CURVE ( 'NONE', #288, #1570, #120, .T. ) ;
#706 = ORIENTED_EDGE ( 'NONE', *, *, #1007, .T. ) ;
#707 = CARTESIAN_POINT ( 'NONE',  ( 11.89486764018798226, 39.25295171904064517, 37.75223800153349885 ) ) ;
#708 = DIRECTION ( 'NONE',  ( 1.000000000000000000, 0.000000000000000000, 0.000000000000000000 ) ) ;
#709 = EDGE_CURVE ( 'NONE', #625, #1570, #806, .T. ) ;
#710 = CARTESIAN_POINT ( 'NONE',  ( -29.10490097808402510, 9.093440688329996746, -3.564322382231127281E-15 ) ) ;
#711 = FACE_OUTER_BOUND ( 'NONE', #28, .T. ) ;
#712 = LINE ( 'NONE', #1936, #1249 ) ;
#713 = ORIENTED_EDGE ( 'NONE', *, *, #199, .F. ) ;
#714 = AXIS2_PLACEMENT_3D ( 'NONE', #1684, #816, #838 ) ;
#715 = EDGE_CURVE ( 'NONE', #62, #72, #470, .T. ) ;
#716 = FACE_OUTER_BOUND ( 'NONE', #1505, .T. ) ;
#717 = PRODUCT_CONTEXT ( 'NONE', #623, 'mechanical' ) ;
#718 = EDGE_LOOP ( 'NONE', ( #695, #1658 ) ) ;
#719 = CARTESIAN_POINT ( 'NONE',  ( 5.000000000000000888, 2.000000000000000000, 3.333333333333332149 ) ) ;
#720 = CARTESIAN_POINT ( 'NONE',  ( 0.000000000000000000, 0.000000000000000000, -29.99999999999999645 ) ) ;
#721 = AXIS2_PLACEMENT_3D ( 'NONE', #1227, #1577, #2104 ) ;
#722 = EDGE_CURVE ( 'NONE', #1301, #1155, #1027, .T. ) ;
#723 = AXIS2_PLACEMENT_3D ( 'NONE', #1121, #1987, #1501 ) ;
#724 = DIRECTION ( 'NONE',  ( -0.000000000000000000, -1.000000000000000000, -0.000000000000000000 ) ) ;
#725 =( REPRESENTATION_RELATIONSHIP ('NONE','NONE', #894, #2118 ) REPRESENTATION_RELATIONSHIP_WITH_TRANSFORMATION ( #932 )SHAPE_REPRESENTATION_RELATIONSHIP( ) );
#726 = ORIENTED_EDGE ( 'NONE', *, *, #1828, .F. ) ;
#727 = AXIS2_PLACEMENT_3D ( 'NONE', #569, #1931, #887 ) ;
#728 = VERTEX_POINT ( 'NONE', #2199 ) ;
#729 = APPLICATION_PROTOCOL_DEFINITION ( 'draft international standard', 'automotive_design', 1998, #1450 ) ;
#730 = ORIENTED_EDGE ( 'NONE', *, *, #734, .F. ) ;
#731 = CARTESIAN_POINT ( 'NONE',  ( -26.42870152576724863, 41.09999999999998721, -15.99770534542561329 ) ) ;
#732 = LINE ( 'NONE', #1254, #255 ) ;
#733 = CARTESIAN_POINT ( 'NONE',  ( -0.9933652782897470779, 39.11500184297825200, 1.216521608441658432E-16 ) ) ;
#734 = EDGE_CURVE ( 'NONE', #1155, #1883, #1464, .T. ) ;
#735 = CYLINDRICAL_SURFACE ( 'NONE', #1014, 3.749999999999998224 ) ;
#736 = VERTEX_POINT ( 'NONE', #2178 ) ;
#737 = AXIS2_PLACEMENT_3D ( 'NONE', #2009, #1532, #283 ) ;
#738 = ORIENTED_EDGE ( 'NONE', *, *, #1483, .F. ) ;
#739 = DIRECTION ( 'NONE',  ( 1.000000000000000000, -1.232595164407831220E-32, 1.232595164407830672E-32 ) ) ;
#740 = ORIENTED_EDGE ( 'NONE', *, *, #1299, .T. ) ;
#741 = LINE ( 'NONE', #2140, #1842 ) ;
#742 = EDGE_LOOP ( 'NONE', ( #778, #189, #1550, #851 ) ) ;
#743 = CARTESIAN_POINT ( 'NONE',  ( 130.0000000000000000, 2.000000000000000000, 24.99999999999992539 ) ) ;
#744 = DIRECTION ( 'NONE',  ( -1.000000000000000000, 0.000000000000000000, 2.602085213965210642E-16 ) ) ;
#745 = EDGE_CURVE ( 'NONE', #1459, #522, #829, .T. ) ;
#746 = CARTESIAN_POINT ( 'NONE',  ( -26.25000000000000355, 72.19669914110089337, 16.17640687119285658 ) ) ;
#747 = DIRECTION ( 'NONE',  ( -0.000000000000000000, -1.000000000000000000, -0.000000000000000000 ) ) ;
#748 = ORIENTED_EDGE ( 'NONE', *, *, #210, .F. ) ;
#749 = ORIENTED_EDGE ( 'NONE', *, *, #901, .T. ) ;
#750 = VERTEX_POINT ( 'NONE', #2208 ) ;
#751 = DIRECTION ( 'NONE',  ( -0.7071067811865474617, 0.000000000000000000, 0.7071067811865475727 ) ) ;
#752 = ORIENTED_EDGE ( 'NONE', *, *, #242, .T. ) ;
#753 = CARTESIAN_POINT ( 'NONE',  ( 29.99999999999998579, 0.000000000000000000, -25.00000000000001066 ) ) ;
#754 = VECTOR ( 'NONE', #1287, 1000.000000000000000 ) ;
#755 = DIRECTION ( 'NONE',  ( -9.654149949482787349E-17, -1.000000000000000000, 0.000000000000000000 ) ) ;
#756 = CARTESIAN_POINT ( 'NONE',  ( 5.000000000000000000, 2.000000000000000000, -3.333333333333323711 ) ) ;
#757 = AXIS2_PLACEMENT_3D ( 'NONE', #2049, #397, #1101 ) ;
#758 = ORIENTED_EDGE ( 'NONE', *, *, #1381, .F. ) ;
#759 = ORIENTED_EDGE ( 'NONE', *, *, #2036, .F. ) ;
#760 = ORIENTED_EDGE ( 'NONE', *, *, #942, .T. ) ;
#761 = EDGE_CURVE ( 'NONE', #1894, #1766, #660, .T. ) ;
#762 = FACE_OUTER_BOUND ( 'NONE', #297, .T. ) ;
#763 = EDGE_LOOP ( 'NONE', ( #105, #1179, #738, #250 ) ) ;
#764 = CYLINDRICAL_SURFACE ( 'NONE', #216, 5.099999999999999645 ) ;
#765 = CARTESIAN_POINT ( 'NONE',  ( -30.00000000000000711, 80.00000000000000000, -12.42640687119284770 ) ) ;
#766 = EDGE_CURVE ( 'NONE', #750, #248, #1011, .T. ) ;
#767 = ORIENTED_EDGE ( 'NONE', *, *, #1306, .T. ) ;
#768 = LINE ( 'NONE', #65, #1200 ) ;
#769 = VECTOR ( 'NONE', #2058, 1000.000000000000000 ) ;
#770 = EDGE_CURVE ( 'NONE', #1754, #2078, #1377, .T. ) ;
#771 = DIRECTION ( 'NONE',  ( 9.654149949482787349E-17, 1.000000000000000000, -0.000000000000000000 ) ) ;
#772 = DIRECTION ( 'NONE',  ( 0.000000000000000000, 0.000000000000000000, 1.000000000000000000 ) ) ;
#773 = DIRECTION ( 'NONE',  ( 0.000000000000000000, 0.000000000000000000, 1.000000000000000000 ) ) ;
#774 = AXIS2_PLACEMENT_3D ( 'NONE', #1154, #1178, #509 ) ;
#775 = AXIS2_PLACEMENT_3D ( 'NONE', #1218, #1569, #36 ) ;
#776 = CARTESIAN_POINT ( 'NONE',  ( -12.42640687119286547, 41.09999999999998721, -29.99999999999999289 ) ) ;
#777 = CARTESIAN_POINT ( 'NONE',  ( 1.258312158810909859E-15, 2.000000000000000000, 5.000000000000000000 ) ) ;
#778 = ORIENTED_EDGE ( 'NONE', *, *, #162, .T. ) ;
#779 = EDGE_LOOP ( 'NONE', ( #864, #1906, #670, #2163, #321 ) ) ;
#780 = ITEM_DEFINED_TRANSFORMATION ( 'NONE', 'NONE', #157,  #1407 ) ;
#781 = DIRECTION ( 'NONE',  ( -0.000000000000000000, -1.000000000000000000, -0.000000000000000000 ) ) ;
#782 = CARTESIAN_POINT ( 'NONE',  ( -12.42640687119286547, 80.00000000000000000, -29.99999999999999289 ) ) ;
#783 = CARTESIAN_POINT ( 'NONE',  ( 0.000000000000000000, 0.000000000000000000, -29.99999999999999645 ) ) ;
#784 = VECTOR ( 'NONE', #359, 1000.000000000000114 ) ;
#785 = ADVANCED_FACE ( 'NONE', ( #503 ), #1910, .F. ) ;
#786 = ADVANCED_BREP_SHAPE_REPRESENTATION ( '', ( #1959, #1407 ), #1798 ) ;
#787 = DIRECTION ( 'NONE',  ( -1.000000000000000000, 0.000000000000000000, 0.000000000000000000 ) ) ;
#788 = DIRECTION ( 'NONE',  ( 9.654149949482787349E-17, 1.000000000000000000, -0.000000000000000000 ) ) ;
#789 = VECTOR ( 'NONE', #586, 1000.000000000000000 ) ;
#790 = AXIS2_PLACEMENT_3D ( 'NONE', #1785, #430, #1989 ) ;
#791 = ORIENTED_EDGE ( 'NONE', *, *, #1331, .F. ) ;
#792 = FACE_OUTER_BOUND ( 'NONE', #1918, .T. ) ;
#793 = SURFACE_STYLE_FILL_AREA ( #604 ) ;
#794 = PLANE ( 'NONE',  #402 ) ;
#795 = DIRECTION ( 'NONE',  ( -0.000000000000000000, -1.000000000000000000, -0.000000000000000000 ) ) ;
#796 = EDGE_CURVE ( 'NONE', #360, #644, #900, .T. ) ;
#797 = CARTESIAN_POINT ( 'NONE',  ( 5.000000000000000000, 0.000000000000000000, -3.333333333333323711 ) ) ;
#798 = ADVANCED_FACE ( 'NONE', ( #370 ), #1203, .T. ) ;
#799 = ORIENTED_EDGE ( 'NONE', *, *, #2066, .F. ) ;
#800 = VERTEX_POINT ( 'NONE', #2070 ) ;
#801 = ORIENTED_EDGE ( 'NONE', *, *, #770, .F. ) ;
#802 = CIRCLE ( 'NONE', #1564, 3.749999999999998224 ) ;
#803 = LINE ( 'NONE', #2027, #1088 ) ;
#804 = SHAPE_REPRESENTATION ( 'Dish P1', ( #1407 ), #1798 ) ;
#805 = CYLINDRICAL_SURFACE ( 'NONE', #723, 2.500000000000000444 ) ;
#806 = LINE ( 'NONE', #1502, #200 ) ;
#807 = CIRCLE ( 'NONE', #1347, 4.999999999999988454 ) ;
#808 = LINE ( 'NONE', #642, #1674 ) ;
#809 = AXIS2_PLACEMENT_3D ( 'NONE', #1893, #871, #1560 ) ;
#810 = ADVANCED_FACE ( 'NONE', ( #517 ), #2045, .F. ) ;
#811 = ORIENTED_EDGE ( 'NONE', *, *, #912, .F. ) ;
#812 = EDGE_LOOP ( 'NONE', ( #692, #2001, #933, #536 ) ) ;
#813 = ORIENTED_EDGE ( 'NONE', *, *, #983, .F. ) ;
#814 = ADVANCED_FACE ( 'NONE', ( #696 ), #1544, .T. ) ;
#815 = CARTESIAN_POINT ( 'NONE',  ( 0.000000000000000000, 49.74937185533099893, 0.000000000000000000 ) ) ;
#816 = DIRECTION ( 'NONE',  ( 0.000000000000000000, -1.734723475976806848E-16, 1.000000000000000000 ) ) ;
#817 = CARTESIAN_POINT ( 'NONE',  ( -30.00000000000000711, 63.75000000000000000, 12.42640687119286014 ) ) ;
#818 = DIRECTION ( 'NONE',  ( -0.000000000000000000, -1.000000000000000000, -0.000000000000000000 ) ) ;
#819 = LINE ( 'NONE', #1338, #923 ) ;
#820 = VECTOR ( 'NONE', #100, 1000.000000000000000 ) ;
#821 = LINE ( 'NONE', #2051, #204 ) ;
#822 = EDGE_LOOP ( 'NONE', ( #1494, #1272, #1135, #863 ) ) ;
#823 = AXIS2_PLACEMENT_3D ( 'NONE', #743, #385, #1609 ) ;
#824 = VERTEX_POINT ( 'NONE', #1214 ) ;
#825 = FILL_AREA_STYLE ('',( #1822 ) ) ;
#826 = VECTOR ( 'NONE', #1622, 1000.000000000000000 ) ;
#827 = DIRECTION ( 'NONE',  ( -1.000000000000000000, 0.000000000000000000, 0.000000000000000000 ) ) ;
#828 = EDGE_CURVE ( 'NONE', #1965, #1357, #10, .T. ) ;
#829 = LINE ( 'NONE', #629, #1737 ) ;
#830 = FACE_OUTER_BOUND ( 'NONE', #1702, .T. ) ;
#831 = VECTOR ( 'NONE', #1677, 1000.000000000000000 ) ;
#832 = DIRECTION ( 'NONE',  ( -1.000000000000000000, 0.000000000000000000, 0.000000000000000000 ) ) ;
#833 = PLANE ( 'NONE',  #957 ) ;
#834 = VERTEX_POINT ( 'NONE', #21 ) ;
#835 = ORIENTED_EDGE ( 'NONE', *, *, #1102, .F. ) ;
#836 = CARTESIAN_POINT ( 'NONE',  ( -4.999999999999989342, 0.000000000000000000, 32.00000000000000711 ) ) ;
#837 = EDGE_CURVE ( 'NONE', #2026, #1317, #1775, .T. ) ;
#838 = DIRECTION ( 'NONE',  ( 0.000000000000000000, -1.000000000000000000, -1.734723475976806848E-16 ) ) ;
#839 =( NAMED_UNIT ( * ) PLANE_ANGLE_UNIT ( ) SI_UNIT ( $, .RADIAN. ) );
#840 = CARTESIAN_POINT ( 'NONE',  ( 5.000000000000000000, 0.000000000000000000, 0.000000000000000000 ) ) ;
#841 = ADVANCED_FACE ( 'NONE', ( #353 ), #1716, .T. ) ;
#842 = FACE_OUTER_BOUND ( 'NONE', #1051, .T. ) ;
#843 = EDGE_CURVE ( 'NONE', #1693, #113, #1899, .T. ) ;
#844 = DIRECTION ( 'NONE',  ( 1.000000000000000000, 0.000000000000000000, -1.395997647556734910E-16 ) ) ;
#845 = VECTOR ( 'NONE', #1933, 1000.000000000000000 ) ;
#846 = DIRECTION ( 'NONE',  ( 0.000000000000000000, 0.000000000000000000, 1.000000000000000000 ) ) ;
#847 = CARTESIAN_POINT ( 'NONE',  ( -28.81385196830318307, 10.00000000000000711, 3.546500770319970465E-15 ) ) ;
#848 = VECTOR ( 'NONE', #1914, 1000.000000000000000 ) ;
#849 = VECTOR ( 'NONE', #918, 1000.000000000000000 ) ;
#850 = ORIENTED_EDGE ( 'NONE', *, *, #375, .F. ) ;
#851 = ORIENTED_EDGE ( 'NONE', *, *, #715, .T. ) ;
#852 = CARTESIAN_POINT ( 'NONE',  ( -35.00000000000000000, 10.00000000000000000, -5.000000000000003553 ) ) ;
#853 =( NAMED_UNIT ( * ) PLANE_ANGLE_UNIT ( ) SI_UNIT ( $, .RADIAN. ) );
#854 = DIRECTION ( 'NONE',  ( 0.7071067811865474617, 0.000000000000000000, -0.7071067811865475727 ) ) ;
#855 = DIRECTION ( 'NONE',  ( -0.8320502943378433880, -0.000000000000000000, 0.5547001962252294804 ) ) ;
#856 = DIRECTION ( 'NONE',  ( -1.000000000000000000, 0.000000000000000000, 1.395997647556734910E-16 ) ) ;
#857 = CARTESIAN_POINT ( 'NONE',  ( 29.99999999999999645, 0.000000000000000000, -20.00000000000001066 ) ) ;
#858 = CARTESIAN_POINT ( 'NONE',  ( -35.00000000000000000, 10.00000000000000000, -5.000000000000003553 ) ) ;
#859 = CIRCLE ( 'NONE', #2006, 5.000000000000001776 ) ;
#860 = EDGE_LOOP ( 'NONE', ( #177, #583, #592, #1916 ) ) ;
#861 = UNCERTAINTY_MEASURE_WITH_UNIT (LENGTH_MEASURE( 1.000000000000000082E-05 ), #78, 'distance_accuracy_value', 'NONE');
#862 = DIRECTION ( 'NONE',  ( -0.000000000000000000, -1.000000000000000000, -0.000000000000000000 ) ) ;
#863 = ORIENTED_EDGE ( 'NONE', *, *, #1600, .T. ) ;
#864 = ORIENTED_EDGE ( 'NONE', *, *, #81, .F. ) ;
#865 = VECTOR ( 'NONE', #1747, 1000.000000000000000 ) ;
#866 = FACE_OUTER_BOUND ( 'NONE', #202, .T. ) ;
#867 = PRODUCT_DEFINITION ( 'UNKNOWN', '', #1727, #1843 ) ;
#868 = DIRECTION ( 'NONE',  ( 0.000000000000000000, 1.000000000000000000, 0.000000000000000000 ) ) ;
#869 = EDGE_CURVE ( 'NONE', #381, #488, #807, .T. ) ;
#870 = PLANE ( 'NONE',  #287 ) ;
#871 = DIRECTION ( 'NONE',  ( 1.000000000000000000, 1.445602896647339656E-17, -0.000000000000000000 ) ) ;
#872 = ADVANCED_FACE ( 'NONE', ( #866 ), #362, .F. ) ;
#873 = EDGE_LOOP ( 'NONE', ( #1615, #1220, #1582, #435, #334 ) ) ;
#874 = AXIS2_PLACEMENT_3D ( 'NONE', #491, #1897, #1860 ) ;
#875 = ORIENTED_EDGE ( 'NONE', *, *, #837, .F. ) ;
#876 = EDGE_LOOP ( 'NONE', ( #1250, #325, #424, #1656 ) ) ;
#877 = CARTESIAN_POINT ( 'NONE',  ( 0.000000000000000000, 0.000000000000000000, 0.000000000000000000 ) ) ;
#878 = DIRECTION ( 'NONE',  ( 0.000000000000000000, -1.000000000000000000, 0.000000000000000000 ) ) ;
#879 = CARTESIAN_POINT ( 'NONE',  ( 12.42640687119284593, 80.00000000000000000, -29.99999999999999645 ) ) ;
#880 = VECTOR ( 'NONE', #934, 1000.000000000000000 ) ;
#881 = DIRECTION ( 'NONE',  ( -1.000000000000000000, -0.000000000000000000, -0.000000000000000000 ) ) ;
#882 = EDGE_CURVE ( 'NONE', #2057, #1743, #2182, .T. ) ;
#883 = VECTOR ( 'NONE', #856, 1000.000000000000000 ) ;
#884 = VERTEX_POINT ( 'NONE', #203 ) ;
#885 = VECTOR ( 'NONE', #1134, 1000.000000000000000 ) ;
#886 = EDGE_CURVE ( 'NONE', #238, #2057, #889, .T. ) ;
#887 = DIRECTION ( 'NONE',  ( 0.9695243461034054322, 2.942165325262653289E-18, 0.2449949842604225991 ) ) ;
#888 = ORIENTED_EDGE ( 'NONE', *, *, #538, .F. ) ;
#889 = LINE ( 'NONE', #1575, #554 ) ;
#890 = DIRECTION ( 'NONE',  ( 0.000000000000000000, -0.000000000000000000, -1.000000000000000000 ) ) ;
#891 = DIRECTION ( 'NONE',  ( 0.000000000000000000, 0.000000000000000000, -1.000000000000000000 ) ) ;
#892 = DIRECTION ( 'NONE',  ( 1.224646799147353207E-16, -1.182292383412267776E-32, 1.000000000000000000 ) ) ;
#893 = CARTESIAN_POINT ( 'NONE',  ( -18.00000000000000711, 70.00000000000000000, 12.42640687119286014 ) ) ;
#894 = SHAPE_REPRESENTATION ( 'sat_model', ( #192, #442, #1151, #1119, #1488, #157, #727, #1983 ), #22 ) ;
#895 = VERTEX_POINT ( 'NONE', #719 ) ;
#896 = AXIS2_PLACEMENT_3D ( 'NONE', #1077, #755, #1122 ) ;
#897 = VERTEX_POINT ( 'NONE', #1408 ) ;
#898 = DIRECTION ( 'NONE',  ( -1.232595164407830946E-32, -1.000000000000000000, -1.665334536937734811E-16 ) ) ;
#899 = ORIENTED_EDGE ( 'NONE', *, *, #173, .F. ) ;
#900 = LINE ( 'NONE', #1187, #2025 ) ;
#901 = EDGE_CURVE ( 'NONE', #1357, #1212, #2093, .T. ) ;
#902 = CARTESIAN_POINT ( 'NONE',  ( 6.123233995736945995E-17, 40.00000000000002842, 0.000000000000000000 ) ) ;
#903 = VECTOR ( 'NONE', #193, 1000.000000000000000 ) ;
#904 = CARTESIAN_POINT ( 'NONE',  ( 130.0000000000000000, 2.000000000000000000, 24.99999999999992539 ) ) ;
#905 = VECTOR ( 'NONE', #282, 1000.000000000000000 ) ;
#906 = CARTESIAN_POINT ( 'NONE',  ( -12.42640687119286547, 80.00000000000000000, -29.99999999999999289 ) ) ;
#907 = DIRECTION ( 'NONE',  ( -1.000000000000000000, 0.000000000000000000, 0.000000000000000000 ) ) ;
#908 = ORIENTED_EDGE ( 'NONE', *, *, #1426, .F. ) ;
#909 =( NAMED_UNIT ( * ) SI_UNIT ( $, .STERADIAN. ) SOLID_ANGLE_UNIT ( ) );
#910 = ORIENTED_EDGE ( 'NONE', *, *, #2094, .F. ) ;
#911 = CARTESIAN_POINT ( 'NONE',  ( 1.040834085586084257E-14, 4.336808689942017736E-16, 32.00000000000000711 ) ) ;
#912 = EDGE_CURVE ( 'NONE', #1754, #2039, #1780, .T. ) ;
#913 = ORIENTED_EDGE ( 'NONE', *, *, #375, .T. ) ;
#914 = DIRECTION ( 'NONE',  ( -0.7071067811865474617, 0.000000000000000000, 0.7071067811865475727 ) ) ;
#915 = FACE_OUTER_BOUND ( 'NONE', #1597, .T. ) ;
#916 = CARTESIAN_POINT ( 'NONE',  ( -28.81385196830318307, 9.500000000000005329, 3.528679158408814832E-15 ) ) ;
#917 = AXIS2_PLACEMENT_3D ( 'NONE', #1607, #1420, #75 ) ;
#918 = DIRECTION ( 'NONE',  ( -0.000000000000000000, -1.000000000000000000, -0.000000000000000000 ) ) ;
#919 = ORIENTED_EDGE ( 'NONE', *, *, #366, .F. ) ;
#920 = AXIS2_PLACEMENT_3D ( 'NONE', #688, #708, #1888 ) ;
#921 = EDGE_LOOP ( 'NONE', ( #1580, #1326 ) ) ;
#922 = EDGE_LOOP ( 'NONE', ( #1095, #125 ) ) ;
#923 = VECTOR ( 'NONE', #2020, 1000.000000000000000 ) ;
#924 = DIRECTION ( 'NONE',  ( -1.000000000000000000, 0.000000000000000000, 0.000000000000000000 ) ) ;
#925 = VERTEX_POINT ( 'NONE', #731 ) ;
#926 = DIRECTION ( 'NONE',  ( -1.000000000000000000, 0.000000000000000000, 1.781968836849767451E-16 ) ) ;
#927 = DIRECTION ( 'NONE',  ( -0.000000000000000000, -1.000000000000000000, -0.000000000000000000 ) ) ;
#928 = DIRECTION ( 'NONE',  ( -1.040834085586084503E-16, 0.000000000000000000, 1.000000000000000000 ) ) ;
#929 = EDGE_CURVE ( 'NONE', #1155, #2092, #1415, .T. ) ;
#930 = VERTEX_POINT ( 'NONE', #1457 ) ;
#931 = ORIENTED_EDGE ( 'NONE', *, *, #162, .F. ) ;
#932 = ITEM_DEFINED_TRANSFORMATION ( 'NONE', 'NONE', #1119,  #1407 ) ;
#933 = ORIENTED_EDGE ( 'NONE', *, *, #1413, .F. ) ;
#934 = DIRECTION ( 'NONE',  ( -1.407034879792668217E-17, 1.000000000000000000, 0.000000000000000000 ) ) ;
#935 = ORIENTED_EDGE ( 'NONE', *, *, #1285, .F. ) ;
#936 = CARTESIAN_POINT ( 'NONE',  ( 5.000000000000000000, 0.000000000000000000, -3.333333333333323711 ) ) ;
#937 = PLANE ( 'NONE',  #896 ) ;
#938 = AXIS2_PLACEMENT_3D ( 'NONE', #1566, #329, #1717 ) ;
#939 = CARTESIAN_POINT ( 'NONE',  ( -3.837463962891163304E-15, 10.00000000000000355, 0.000000000000000000 ) ) ;
#940 = CARTESIAN_POINT ( 'NONE',  ( 29.99999999999998579, 2.000000000000000000, -25.00000000000001066 ) ) ;
#941 = VECTOR ( 'NONE', #1759, 1000.000000000000000 ) ;
#942 = EDGE_CURVE ( 'NONE', #1994, #1372, #1767, .T. ) ;
#943 = EDGE_CURVE ( 'NONE', #1444, #463, #425, .T. ) ;
#944 = ORIENTED_EDGE ( 'NONE', *, *, #1071, .T. ) ;
#945 = ADVANCED_FACE ( 'NONE', ( #226 ), #1445, .T. ) ;
#946 = CARTESIAN_POINT ( 'NONE',  ( 0.000000000000000000, 0.000000000000000000, 0.000000000000000000 ) ) ;
#947 =( NAMED_UNIT ( * ) PLANE_ANGLE_UNIT ( ) SI_UNIT ( $, .RADIAN. ) );
#948 = CLOSED_SHELL ( 'NONE', ( #2107, #2021, #132, #945, #1929, #2064, #471, #1241, #1992, #1873 ) ) ;
#949 = LINE ( 'NONE', #1630, #1514 ) ;
#950 = CARTESIAN_POINT ( 'NONE',  ( 30.00000000000000711, 2.000000000000000000, 19.99999999999998934 ) ) ;
#951 = AXIS2_PLACEMENT_3D ( 'NONE', #1358, #744, #2146 ) ;
#952 = EDGE_LOOP ( 'NONE', ( #2112, #290, #409, #1770, #726, #1193, #2040, #1887, #1098, #767, #545, #1223, #500, #2124, #86, #1392 ) ) ;
#953 = LINE ( 'NONE', #911, #880 ) ;
#954 = VECTOR ( 'NONE', #924, 1000.000000000000000 ) ;
#955 = ADVANCED_FACE ( 'NONE', ( #762 ), #1284, .T. ) ;
#956 = DIRECTION ( 'NONE',  ( 0.000000000000000000, 0.000000000000000000, 1.000000000000000000 ) ) ;
#957 = AXIS2_PLACEMENT_3D ( 'NONE', #667, #1354, #1904 ) ;
#958 = LINE ( 'NONE', #776, #1865 ) ;
#959 = LINE ( 'NONE', #2170, #1207 ) ;
#960 = ORIENTED_EDGE ( 'NONE', *, *, #1003, .T. ) ;
#961 = CONTEXT_DEPENDENT_SHAPE_REPRESENTATION ( #1229, #1632 ) ;
#962 = FACE_OUTER_BOUND ( 'NONE', #1985, .T. ) ;
#963 = ADVANCED_FACE ( 'NONE', ( #436 ), #1801, .T. ) ;
#964 = PLANE ( 'NONE',  #578 ) ;
#965 = CARTESIAN_POINT ( 'NONE',  ( -26.25000000000001066, 62.19669914110089337, 16.17640687119285658 ) ) ;
#966 = DIRECTION ( 'NONE',  ( 0.000000000000000000, 0.000000000000000000, 1.000000000000000000 ) ) ;
#967 = EDGE_CURVE ( 'NONE', #279, #85, #741, .T. ) ;
#968 = AXIS2_PLACEMENT_3D ( 'NONE', #186, #543, #1913 ) ;
#969 = CARTESIAN_POINT ( 'NONE',  ( -9.654149949482792526E-16, -10.00000000000000355, 0.000000000000000000 ) ) ;
#970 = CARTESIAN_POINT ( 'NONE',  ( -5.458002562049691249E-16, 2.000000000000000000, -5.000000000000000000 ) ) ;
#971 = AXIS2_PLACEMENT_3D ( 'NONE', #1054, #2131, #1066 ) ;
#972 = VERTEX_POINT ( 'NONE', #593 ) ;
#973 = ORIENTED_EDGE ( 'NONE', *, *, #1824, .F. ) ;
#974 = ORIENTED_EDGE ( 'NONE', *, *, #1381, .T. ) ;
#975 = ITEM_DEFINED_TRANSFORMATION ( 'NONE', 'NONE', #1983,  #1407 ) ;
#976 = DIRECTION ( 'NONE',  ( -0.000000000000000000, 1.000000000000000000, -0.000000000000000000 ) ) ;
#977 = CYLINDRICAL_SURFACE ( 'NONE', #326, 3.749999999999998224 ) ;
#978 = LINE ( 'NONE', #783, #1485 ) ;
#979 = PRODUCT_DEFINITION ( 'UNKNOWN', '', #1876, #683 ) ;
#980 = CARTESIAN_POINT ( 'NONE',  ( 30.00000000000000000, 2.000000000000000000, 24.99999999999998934 ) ) ;
#981 = DIRECTION ( 'NONE',  ( 0.000000000000000000, 0.000000000000000000, -1.000000000000000000 ) ) ;
#982 =( NAMED_UNIT ( * ) PLANE_ANGLE_UNIT ( ) SI_UNIT ( $, .RADIAN. ) );
#983 = EDGE_CURVE ( 'NONE', #1766, #20, #1118, .T. ) ;
#984 = CARTESIAN_POINT ( 'NONE',  ( 5.000000000000000000, 0.000000000000000000, 0.000000000000000000 ) ) ;
#985 = ORIENTED_EDGE ( 'NONE', *, *, #1034, .T. ) ;
#986 = ORIENTED_EDGE ( 'NONE', *, *, #1483, .T. ) ;
#987 = CARTESIAN_POINT ( 'NONE',  ( 28.81385196830317597, 9.499999999999998224, 0.000000000000000000 ) ) ;
#988 = CARTESIAN_POINT ( 'NONE',  ( 4.437102403755920420E-15, 68.00000000000000000, -5.099999999999996092 ) ) ;
#989 = SURFACE_STYLE_FILL_AREA ( #663 ) ;
#990 = MECHANICAL_DESIGN_GEOMETRIC_PRESENTATION_REPRESENTATION (  '', ( #1963 ), #524 ) ;
#991 = DIRECTION ( 'NONE',  ( -0.000000000000000000, -1.000000000000000000, -0.000000000000000000 ) ) ;
#992 = EDGE_CURVE ( 'NONE', #1432, #1994, #1097, .T. ) ;
#993 = ORIENTED_EDGE ( 'NONE', *, *, #1600, .F. ) ;
#994 = EDGE_LOOP ( 'NONE', ( #581, #74, #1764, #388 ) ) ;
#995 = CARTESIAN_POINT ( 'NONE',  ( -10.00000000000000178, 41.09999999999999432, 5.099999999999999645 ) ) ;
#996 = APPLICATION_CONTEXT ( 'automotive_design' ) ;
#997 = DIRECTION ( 'NONE',  ( 9.654149949482787349E-17, 1.000000000000000000, 0.000000000000000000 ) ) ;
#998 = CARTESIAN_POINT ( 'NONE',  ( 0.000000000000000000, 100.0000000000000000, 0.000000000000000000 ) ) ;
#999 = CARTESIAN_POINT ( 'NONE',  ( 0.000000000000000000, 0.000000000000000000, 0.000000000000000000 ) ) ;
#1000 = DIRECTION ( 'NONE',  ( 1.781968836849767451E-16, 0.000000000000000000, 1.000000000000000000 ) ) ;
#1001 = AXIS2_PLACEMENT_3D ( 'NONE', #2017, #997, #827 ) ;
#1002 = CARTESIAN_POINT ( 'NONE',  ( -24.90000000000000568, 0.000000000000000000, 17.52640687119286156 ) ) ;
#1003 = EDGE_CURVE ( 'NONE', #248, #1064, #953, .T. ) ;
#1004 = ORIENTED_EDGE ( 'NONE', *, *, #1162, .T. ) ;
#1005 = AXIS2_PLACEMENT_3D ( 'NONE', #1710, #1015, #1700 ) ;
#1006 = ORIENTED_EDGE ( 'NONE', *, *, #565, .T. ) ;
#1007 = EDGE_CURVE ( 'NONE', #423, #834, #1617, .T. ) ;
#1008 = CIRCLE ( 'NONE', #790, 2.500000000000000444 ) ;
#1010 = ADVANCED_FACE ( 'NONE', ( #260 ), #1791, .T. ) ;
#1009 = DIRECTION ( 'NONE',  ( -0.8320502943378433880, -0.000000000000000000, 0.5547001962252295915 ) ) ;
#1011 = LINE ( 'NONE', #1696, #769 ) ;
#1012 = DIRECTION ( 'NONE',  ( -1.781968836849767451E-16, 0.000000000000000000, -1.000000000000000000 ) ) ;
#1013 = DIRECTION ( 'NONE',  ( 0.000000000000000000, 0.000000000000000000, -1.000000000000000000 ) ) ;
#1014 = AXIS2_PLACEMENT_3D ( 'NONE', #893, #907, #367 ) ;
#1015 = DIRECTION ( 'NONE',  ( 1.000000000000000000, -0.000000000000000000, 0.000000000000000000 ) ) ;
#1016 = DIRECTION ( 'NONE',  ( 0.000000000000000000, 0.000000000000000000, 1.000000000000000000 ) ) ;
#1017 = VERTEX_POINT ( 'NONE', #1085 ) ;
#1018 = UNCERTAINTY_MEASURE_WITH_UNIT (LENGTH_MEASURE( 1.000000000000000082E-05 ), #2068, 'distance_accuracy_value', 'NONE');
#1019 = ORIENTED_EDGE ( 'NONE', *, *, #2038, .T. ) ;
#1020 = CARTESIAN_POINT ( 'NONE',  ( 0.000000000000000000, 0.000000000000000000, -29.99999999999999645 ) ) ;
#1021 = DIRECTION ( 'NONE',  ( 0.000000000000000000, 0.000000000000000000, 1.000000000000000000 ) ) ;
#1022 = ORIENTED_EDGE ( 'NONE', *, *, #244, .T. ) ;
#1023 = CARTESIAN_POINT ( 'NONE',  ( -12.42640687119286547, 80.00000000000000000, -29.99999999999999289 ) ) ;
#1024 = EDGE_CURVE ( 'NONE', #1776, #391, #2142, .T. ) ;
#1025 = CARTESIAN_POINT ( 'NONE',  ( -5.458002562049691249E-16, 2.000000000000000000, -5.000000000000000000 ) ) ;
#1026 = DIRECTION ( 'NONE',  ( 0.8333301183313625016, 0.000000000000000000, 0.5527756451598038190 ) ) ;
#1027 = CIRCLE ( 'NONE', #167, 0.9933652782897484101 ) ;
#1028 = DIRECTION ( 'NONE',  ( 0.000000000000000000, 1.000000000000000000, 0.000000000000000000 ) ) ;
#1029 = CARTESIAN_POINT ( 'NONE',  ( 30.00000000000000000, 2.000000000000000000, 24.99999999999998934 ) ) ;
#1030 = ORIENTED_EDGE ( 'NONE', *, *, #2187, .T. ) ;
#1031 = DIRECTION ( 'NONE',  ( 0.000000000000000000, 0.000000000000000000, -1.000000000000000000 ) ) ;
#1032 = ORIENTED_EDGE ( 'NONE', *, *, #2084, .T. ) ;
#1033 = DIRECTION ( 'NONE',  ( 1.000000000000000000, 0.000000000000000000, 0.000000000000000000 ) ) ;
#1034 = EDGE_CURVE ( 'NONE', #1446, #113, #768, .T. ) ;
#1035 = CARTESIAN_POINT ( 'NONE',  ( 4.999999999999996447, 10.00000000000000000, 6.123233995736761352E-16 ) ) ;
#1036 = EDGE_CURVE ( 'NONE', #1064, #1741, #603, .T. ) ;
#1037 = LINE ( 'NONE', #1206, #319 ) ;
#1038 = CARTESIAN_POINT ( 'NONE',  ( 5.000000000000000000, 2.000000000000000000, -3.333333333333323711 ) ) ;
#1039 = VECTOR ( 'NONE', #2055, 1000.000000000000000 ) ;
#1040 = ORIENTED_EDGE ( 'NONE', *, *, #210, .T. ) ;
#1041 = UNCERTAINTY_MEASURE_WITH_UNIT (LENGTH_MEASURE( 1.000000000000000082E-05 ), #1171, 'distance_accuracy_value', 'NONE');
#1042 = AXIS2_PLACEMENT_3D ( 'NONE', #999, #868, #1044 ) ;
#1043 = DIRECTION ( 'NONE',  ( 0.5527756451598038190, 0.000000000000000000, -0.8333301183313625016 ) ) ;
#1044 = DIRECTION ( 'NONE',  ( 0.000000000000000000, -0.000000000000000000, 1.000000000000000000 ) ) ;
#1045 = EDGE_CURVE ( 'NONE', #2092, #884, #197, .T. ) ;
#1046 = LINE ( 'NONE', #879, #883 ) ;
#1047 = DIRECTION ( 'NONE',  ( -0.000000000000000000, 1.000000000000000000, 0.000000000000000000 ) ) ;
#1048 = CARTESIAN_POINT ( 'NONE',  ( 30.00000000000000000, 0.000000000000000000, 24.99999999999998934 ) ) ;
#1049 = ORIENTED_EDGE ( 'NONE', *, *, #2038, .F. ) ;
#1050 = ORIENTED_EDGE ( 'NONE', *, *, #1102, .T. ) ;
#1051 = EDGE_LOOP ( 'NONE', ( #1081, #1416, #333, #682 ) ) ;
#1052 = ORIENTED_EDGE ( 'NONE', *, *, #828, .T. ) ;
#1053 = DIRECTION ( 'NONE',  ( 0.7071067811865474617, -0.000000000000000000, 0.7071067811865474617 ) ) ;
#1054 = CARTESIAN_POINT ( 'NONE',  ( -18.00000000000000711, 60.00000000000000711, 12.42640687119286014 ) ) ;
#1055 = COLOUR_RGB ( '',0.7921568627450980005, 0.8196078431372548767, 0.9333333333333333481 ) ;
#1056 = DIRECTION ( 'NONE',  ( 0.000000000000000000, 0.000000000000000000, 1.000000000000000000 ) ) ;
#1057 = AXIS2_PLACEMENT_3D ( 'NONE', #1922, #1565, #382 ) ;
#1058 = EDGE_LOOP ( 'NONE', ( #875, #752, #645, #1506, #616 ) ) ;
#1059 = VECTOR ( 'NONE', #1730, 1000.000000000000000 ) ;
#1060 = EDGE_CURVE ( 'NONE', #930, #1168, #1836, .T. ) ;
#1061 = VECTOR ( 'NONE', #1818, 1000.000000000000000 ) ;
#1062 = VERTEX_POINT ( 'NONE', #1138 ) ;
#1063 = DIRECTION ( 'NONE',  ( -1.665334536937734811E-16, -6.158409296133535776E-17, -0.9999999999999998890 ) ) ;
#1064 = VERTEX_POINT ( 'NONE', #2188 ) ;
#1065 = DIRECTION ( 'NONE',  ( 0.7071067811865475727, 0.000000000000000000, -0.7071067811865475727 ) ) ;
#1066 = DIRECTION ( 'NONE',  ( 0.000000000000000000, 0.000000000000000000, 1.000000000000000000 ) ) ;
#1067 = EDGE_LOOP ( 'NONE', ( #1526, #361, #2052, #1721, #1542, #1406 ) ) ;
#1068 = EDGE_CURVE ( 'NONE', #824, #897, #413, .T. ) ;
#1069 = CIRCLE ( 'NONE', #1440, 0.9933652782897484101 ) ;
#1070 = PRODUCT_DEFINITION_SHAPE ( 'NONE', 'NONE',  #1678 ) ;
#1071 = EDGE_CURVE ( 'NONE', #198, #1845, #1683, .T. ) ;
#1072 = ORIENTED_EDGE ( 'NONE', *, *, #418, .F. ) ;
#1073 = DIRECTION ( 'NONE',  ( 4.930380657631323784E-32, -1.110223024625156540E-16, -1.000000000000000000 ) ) ;
#1074 = ORIENTED_EDGE ( 'NONE', *, *, #229, .F. ) ;
#1075 = CARTESIAN_POINT ( 'NONE',  ( -35.00000000000000000, 70.00000000000000000, 12.42640687119286014 ) ) ;
#1076 = FACE_OUTER_BOUND ( 'NONE', #236, .T. ) ;
#1077 = CARTESIAN_POINT ( 'NONE',  ( 9.654149949482790554E-16, 10.00000000000000355, 0.000000000000000000 ) ) ;
#1078 = VECTOR ( 'NONE', #2180, 1000.000000000000000 ) ;
#1079 = CARTESIAN_POINT ( 'NONE',  ( -26.25000000000001066, 70.00000000000000000, 16.17640687119285658 ) ) ;
#1080 = DIRECTION ( 'NONE',  ( -0.000000000000000000, -0.000000000000000000, -1.000000000000000000 ) ) ;
#1081 = ORIENTED_EDGE ( 'NONE', *, *, #510, .T. ) ;
#1082 = ORIENTED_EDGE ( 'NONE', *, *, #766, .T. ) ;
#1083 = DIRECTION ( 'NONE',  ( 1.000000000000000000, 0.000000000000000000, 0.000000000000000000 ) ) ;
#1084 = ORIENTED_EDGE ( 'NONE', *, *, #468, .F. ) ;
#1085 = CARTESIAN_POINT ( 'NONE',  ( -12.42640687119286547, 0.000000000000000000, -29.99999999999999289 ) ) ;
#1086 = ORIENTED_EDGE ( 'NONE', *, *, #1439, .F. ) ;
#1087 = LINE ( 'NONE', #1397, #1792 ) ;
#1088 = VECTOR ( 'NONE', #280, 1000.000000000000000 ) ;
#1089 = CARTESIAN_POINT ( 'NONE',  ( 1.069181302109860392E-14, 0.000000000000000000, 30.00000000000000711 ) ) ;
#1090 = PRODUCT_DEFINITION_SHAPE ( 'NONE', 'NONE',  #184 ) ;
#1091 = EDGE_LOOP ( 'NONE', ( #553, #17, #40, #533 ) ) ;
#1092 = CARTESIAN_POINT ( 'NONE',  ( -30.00000000000000711, 80.00000000000000000, -12.42640687119284770 ) ) ;
#1093 = ORIENTED_EDGE ( 'NONE', *, *, #1060, .F. ) ;
#1094 = DIRECTION ( 'NONE',  ( -0.9999999999999998890, -7.698011620165562325E-18, 1.665334536937734811E-16 ) ) ;
#1095 = ORIENTED_EDGE ( 'NONE', *, *, #1288, .T. ) ;
#1096 = VECTOR ( 'NONE', #1000, 1000.000000000000000 ) ;
#1097 = LINE ( 'NONE', #237, #519 ) ;
#1098 = ORIENTED_EDGE ( 'NONE', *, *, #1331, .T. ) ;
#1099 = CARTESIAN_POINT ( 'NONE',  ( -35.00000000000000000, 60.00000000000000711, 8.676406871192861914 ) ) ;
#1100 = EDGE_CURVE ( 'NONE', #1106, #288, #1508, .T. ) ;
#1101 = DIRECTION ( 'NONE',  ( 0.000000000000000000, 0.000000000000000000, -1.000000000000000000 ) ) ;
#1102 = EDGE_CURVE ( 'NONE', #381, #897, #2179, .T. ) ;
#1103 = LINE ( 'NONE', #765, #559 ) ;
#1104 = EDGE_CURVE ( 'NONE', #1372, #2193, #1127, .T. ) ;
#1105 = ORIENTED_EDGE ( 'NONE', *, *, #497, .F. ) ;
#1106 = VERTEX_POINT ( 'NONE', #1318 ) ;
#1107 = DIRECTION ( 'NONE',  ( -1.000000000000000000, -0.000000000000000000, -1.040834085586084503E-16 ) ) ;
#1108 = AXIS2_PLACEMENT_3D ( 'NONE', #513, #685, #1374 ) ;
#1109 = FACE_OUTER_BOUND ( 'NONE', #1370, .T. ) ;
#1110 = PRODUCT_DEFINITION_SHAPE ( 'NONE', 'NONE',  #867 ) ;
#1111 =( NAMED_UNIT ( * ) SI_UNIT ( $, .STERADIAN. ) SOLID_ANGLE_UNIT ( ) );
#1112 = LINE ( 'NONE', #1460, #1175 ) ;
#1113 = AXIS2_PLACEMENT_3D ( 'NONE', #456, #771, #1825 ) ;
#1114 = DIRECTION ( 'NONE',  ( 0.7071067811865474617, 0.000000000000000000, 0.7071067811865474617 ) ) ;
#1115 = DIRECTION ( 'NONE',  ( -1.000000000000000000, 9.654149949482787349E-17, 0.000000000000000000 ) ) ;
#1116 = ADVANCED_FACE ( 'NONE', ( #1858 ), #618, .F. ) ;
#1117 = EDGE_LOOP ( 'NONE', ( #1908, #1019, #224, #526 ) ) ;
#1118 = LINE ( 'NONE', #1628, #303 ) ;
#1119 = AXIS2_PLACEMENT_3D ( 'NONE', #707, #1063, #1094 ) ;
#1120 = CARTESIAN_POINT ( 'NONE',  ( 5.000000000000000000, 0.000000000000000000, -3.333333333333323711 ) ) ;
#1121 = CARTESIAN_POINT ( 'NONE',  ( 0.000000000000000000, 0.000000000000000000, 0.000000000000000000 ) ) ;
#1122 = DIRECTION ( 'NONE',  ( 1.000000000000000000, -9.654149949482787349E-17, 0.000000000000000000 ) ) ;
#1123 = CARTESIAN_POINT ( 'NONE',  ( 9.654149949482786609E-16, 10.00000000000000000, 0.000000000000000000 ) ) ;
#1124 = DIRECTION ( 'NONE',  ( 0.8320502943378437211, 0.000000000000000000, 0.5547001962252290364 ) ) ;
#1125 = EDGE_LOOP ( 'NONE', ( #2090, #1857, #289, #2202 ) ) ;
#1126 = EDGE_CURVE ( 'NONE', #1834, #1603, #802, .T. ) ;
#1127 = LINE ( 'NONE', #1672, #1493 ) ;
#1128 = VECTOR ( 'NONE', #1988, 1000.000000000000000 ) ;
#1129 = FACE_OUTER_BOUND ( 'NONE', #412, .T. ) ;
#1130 = DIRECTION ( 'NONE',  ( 0.000000000000000000, 0.000000000000000000, 1.000000000000000000 ) ) ;
#1131 = CARTESIAN_POINT ( 'NONE',  ( -30.00000000000000711, 80.00000000000000000, 12.42640687119286014 ) ) ;
#1132 = AXIS2_PLACEMENT_3D ( 'NONE', #1668, #1016, #2012 ) ;
#1133 = CARTESIAN_POINT ( 'NONE',  ( -30.00000000000000711, 0.000000000000000000, 12.42640687119286014 ) ) ;
#1134 = DIRECTION ( 'NONE',  ( -0.000000000000000000, 1.000000000000000000, -0.000000000000000000 ) ) ;
#1135 = ORIENTED_EDGE ( 'NONE', *, *, #637, .F. ) ;
#1136 = EDGE_CURVE ( 'NONE', #2078, #360, #1343, .T. ) ;
#1137 = ORIENTED_EDGE ( 'NONE', *, *, #338, .F. ) ;
#1138 = CARTESIAN_POINT ( 'NONE',  ( 1.069181302109860392E-14, 80.00000000000000000, 30.00000000000000711 ) ) ;
#1139 = SURFACE_STYLE_USAGE ( .BOTH. , #426 ) ;
#1140 = CARTESIAN_POINT ( 'NONE',  ( -24.90000000000000568, 0.000000000000000000, -29.99999999999999289 ) ) ;
#1141 = LINE ( 'NONE', #840, #1846 ) ;
#1142 = AXIS2_PLACEMENT_3D ( 'NONE', #1902, #365, #1567 ) ;
#1143 = PRODUCT_DEFINITION_CONTEXT ( 'detailed design', #2076, 'design' ) ;
#1144 = CIRCLE ( 'NONE', #1371, 3.749999999999996447 ) ;
#1145 = EDGE_LOOP ( 'NONE', ( #1105, #1340, #312, #908 ) ) ;
#1146 = EDGE_LOOP ( 'NONE', ( #1540, #1427 ) ) ;
#1147 = EDGE_LOOP ( 'NONE', ( #88, #2139, #135, #1438, #190 ) ) ;
#1148 = DIRECTION ( 'NONE',  ( 9.654149949482787349E-17, 1.000000000000000000, -0.000000000000000000 ) ) ;
#1149 = FACE_BOUND ( 'NONE', #718, .T. ) ;
#1150 = CARTESIAN_POINT ( 'NONE',  ( 0.000000000000000000, 39.11500184297825200, 0.000000000000000000 ) ) ;
#1151 = AXIS2_PLACEMENT_3D ( 'NONE', #1443, #1393, #1083 ) ;
#1152 = DIRECTION ( 'NONE',  ( -0.000000000000000000, 1.000000000000000000, 1.734723475976806848E-16 ) ) ;
#1153 = EDGE_CURVE ( 'NONE', #208, #2102, #2062, .T. ) ;
#1154 = CARTESIAN_POINT ( 'NONE',  ( -3.837463962891163304E-15, 10.00000000000000355, 0.000000000000000000 ) ) ;
#1155 = VERTEX_POINT ( 'NONE', #136 ) ;
#1156 = ORIENTED_EDGE ( 'NONE', *, *, #1576, .F. ) ;
#1157 = VECTOR ( 'NONE', #1273, 1000.000000000000000 ) ;
#1158 = DIRECTION ( 'NONE',  ( 0.000000000000000000, 0.000000000000000000, 1.000000000000000000 ) ) ;
#1159 = CARTESIAN_POINT ( 'NONE',  ( 5.000000000000000000, 2.000000000000000000, -3.333333333333323711 ) ) ;
#1160 = LINE ( 'NONE', #1131, #1128 ) ;
#1161 = VECTOR ( 'NONE', #1172, 1000.000000000000114 ) ;
#1162 = EDGE_CURVE ( 'NONE', #2039, #85, #803, .T. ) ;
#1163 = VECTOR ( 'NONE', #1080, 1000.000000000000000 ) ;
#1164 = FACE_OUTER_BOUND ( 'NONE', #1125, .T. ) ;
#1165 = ADVANCED_FACE ( 'NONE', ( #2195, #2205 ), #2015, .F. ) ;
#1166 = CARTESIAN_POINT ( 'NONE',  ( -30.00000000000000711, 80.00000000000000000, 12.42640687119286014 ) ) ;
#1167 = EDGE_LOOP ( 'NONE', ( #225, #974, #1402, #835 ) ) ;
#1168 = VERTEX_POINT ( 'NONE', #2005 ) ;
#1169 = DIRECTION ( 'NONE',  ( 0.000000000000000000, 0.000000000000000000, -1.000000000000000000 ) ) ;
#1170 = DIRECTION ( 'NONE',  ( -0.000000000000000000, -1.000000000000000000, -0.000000000000000000 ) ) ;
#1171 =( LENGTH_UNIT ( ) NAMED_UNIT ( * ) SI_UNIT ( .MILLI., .METRE. ) );
#1172 = DIRECTION ( 'NONE',  ( 0.7071067811865474617, 0.000000000000000000, 0.7071067811865474617 ) ) ;
#1173 = CARTESIAN_POINT ( 'NONE',  ( 5.000000000000000000, 100.0000000000000000, 0.000000000000000000 ) ) ;
#1174 = CARTESIAN_POINT ( 'NONE',  ( -10.00000000000000178, 41.09999999999999432, -5.099999999999999645 ) ) ;
#1175 = VECTOR ( 'NONE', #1588, 1000.000000000000000 ) ;
#1176 = DIRECTION ( 'NONE',  ( -1.000000000000000000, 0.000000000000000000, 0.000000000000000000 ) ) ;
#1177 = APPLICATION_CONTEXT ( 'automotive_design' ) ;
#1178 = DIRECTION ( 'NONE',  ( 9.654149949482787349E-17, 1.000000000000000000, -0.000000000000000000 ) ) ;
#1179 = ORIENTED_EDGE ( 'NONE', *, *, #1599, .T. ) ;
#1180 = AXIS2_PLACEMENT_3D ( 'NONE', #2059, #878, #34 ) ;
#1181 = ORIENTED_EDGE ( 'NONE', *, *, #796, .F. ) ;
#1182 = ADVANCED_FACE ( 'NONE', ( #962 ), #466, .T. ) ;
#1183 =( NAMED_UNIT ( * ) PLANE_ANGLE_UNIT ( ) SI_UNIT ( $, .RADIAN. ) );
#1184 = CARTESIAN_POINT ( 'NONE',  ( 5.000000000000000888, 2.000000000000000000, 3.333333333333332149 ) ) ;
#1185 = SHAPE_REPRESENTATION_RELATIONSHIP ( 'NONE' , 'NONE' ,  #55, #1832 ) ;
#1186 = ORIENTED_EDGE ( 'NONE', *, *, #389, .T. ) ;
#1187 = CARTESIAN_POINT ( 'NONE',  ( -18.00000000000000711, 10.00000000000000178, 4.999999999999998224 ) ) ;
#1188 = PLANE ( 'NONE',  #291 ) ;
#1189 = LINE ( 'NONE', #506, #1500 ) ;
#1190 = PRODUCT_DEFINITION_FORMATION_WITH_SPECIFIED_SOURCE ( 'ANY', '', #395, .NOT_KNOWN. ) ;
#1191 = CARTESIAN_POINT ( 'NONE',  ( 9.654149949482788582E-16, 10.00000000000000355, 0.000000000000000000 ) ) ;
#1192 = VERTEX_POINT ( 'NONE', #995 ) ;
#1193 = ORIENTED_EDGE ( 'NONE', *, *, #901, .F. ) ;
#1194 = ORIENTED_EDGE ( 'NONE', *, *, #1245, .F. ) ;
#1195 = MANIFOLD_SOLID_BREP ( 'Boss-Extrude1', #1334 ) ;
#1196 = EDGE_CURVE ( 'NONE', #750, #1592, #158, .T. ) ;
#1197 = CARTESIAN_POINT ( 'NONE',  ( 0.000000000000000000, 39.11500184297825200, 0.000000000000000000 ) ) ;
#1198 = ADVANCED_FACE ( 'NONE', ( #792 ), #672, .T. ) ;
#1199 = VERTEX_POINT ( 'NONE', #2132 ) ;
#1200 = VECTOR ( 'NONE', #2153, 1000.000000000000114 ) ;
#1201 = SHAPE_REPRESENTATION_RELATIONSHIP ( 'NONE' , 'NONE' ,  #804, #786 ) ;
#1202 = ORIENTED_EDGE ( 'NONE', *, *, #679, .F. ) ;
#1203 = CYLINDRICAL_SURFACE ( 'NONE', #1057, 3.749999999999998224 ) ;
#1204 = DIRECTION ( 'NONE',  ( 1.000000000000000000, 0.000000000000000000, -1.804112415015879132E-16 ) ) ;
#1205 = AXIS2_PLACEMENT_3D ( 'NONE', #980, #1686, #1662 ) ;
#1206 = CARTESIAN_POINT ( 'NONE',  ( 0.000000000000000000, 100.0000000000000000, -5.000000000000000000 ) ) ;
#1207 = VECTOR ( 'NONE', #1644, 1000.000000000000000 ) ;
#1208 = PLANE ( 'NONE',  #809 ) ;
#1209 = ORIENTED_EDGE ( 'NONE', *, *, #209, .T. ) ;
#1210 = PRODUCT_DEFINITION ( 'UNKNOWN', '', #335, #1143 ) ;
#1211 = DIRECTION ( 'NONE',  ( -0.000000000000000000, -0.000000000000000000, 1.000000000000000000 ) ) ;
#1212 = VERTEX_POINT ( 'NONE', #1471 ) ;
#1213 = EDGE_LOOP ( 'NONE', ( #1384, #1937, #188, #1181 ) ) ;
#1214 = CARTESIAN_POINT ( 'NONE',  ( 28.81385196830317597, 10.00000000000000000, 0.000000000000000000 ) ) ;
#1215 = CARTESIAN_POINT ( 'NONE',  ( -12.42640687119286191, 80.00000000000000000, 30.00000000000000711 ) ) ;
#1216 = EDGE_CURVE ( 'NONE', #1618, #72, #396, .T. ) ;
#1217 = CARTESIAN_POINT ( 'NONE',  ( 5.000000000000000888, 0.000000000000000000, 3.333333333333332149 ) ) ;
#1218 = CARTESIAN_POINT ( 'NONE',  ( 5.345906510549301958E-15, 68.00000000000000000, 3.469446951953614189E-15 ) ) ;
#1219 = ADVANCED_BREP_SHAPE_REPRESENTATION ( '', ( #438, #1407 ), #150 ) ;
#1220 = ORIENTED_EDGE ( 'NONE', *, *, #1352, .T. ) ;
#1221 = MANIFOLD_SOLID_BREP ( 'Revolve1', #1673 ) ;
#1222 = VECTOR ( 'NONE', #846, 1000.000000000000000 ) ;
#1223 = ORIENTED_EDGE ( 'NONE', *, *, #1728, .T. ) ;
#1224 = SHAPE_DEFINITION_REPRESENTATION ( #1090, #1957 ) ;
#1225 = AXIS2_PLACEMENT_3D ( 'NONE', #1231, #1278, #1624 ) ;
#1226 = DIRECTION ( 'NONE',  ( -1.000000000000000000, 0.000000000000000000, 0.000000000000000000 ) ) ;
#1227 = CARTESIAN_POINT ( 'NONE',  ( -30.00000000000000711, 80.00000000000000000, -12.42640687119284770 ) ) ;
#1228 = CARTESIAN_POINT ( 'NONE',  ( -40.00000000000000000, 41.09999999999999432, -25.00000000000000000 ) ) ;
#1229 =( REPRESENTATION_RELATIONSHIP ('NONE','NONE', #894, #804 ) REPRESENTATION_RELATIONSHIP_WITH_TRANSFORMATION ( #259 )SHAPE_REPRESENTATION_RELATIONSHIP( ) );
#1230 = DIRECTION ( 'NONE',  ( 0.000000000000000000, -0.000000000000000000, 1.000000000000000000 ) ) ;
#1231 = CARTESIAN_POINT ( 'NONE',  ( -3.924984558220784279E-15, 9.093440688329991417, 0.000000000000000000 ) ) ;
#1232 = EDGE_CURVE ( 'NONE', #1281, #51, #1958, .T. ) ;
#1233 = DIRECTION ( 'NONE',  ( 1.804112415015879132E-16, 0.000000000000000000, 1.000000000000000000 ) ) ;
#1234 = ORIENTED_EDGE ( 'NONE', *, *, #403, .T. ) ;
#1235 = EDGE_LOOP ( 'NONE', ( #1584, #1442, #1712, #1074 ) ) ;
#1236 = ITEM_DEFINED_TRANSFORMATION ( 'NONE', 'NONE', #442,  #1407 ) ;
#1237 = ORIENTED_EDGE ( 'NONE', *, *, #1453, .F. ) ;
#1238 = DIRECTION ( 'NONE',  ( -0.000000000000000000, 0.000000000000000000, 1.000000000000000000 ) ) ;
#1239 = DIRECTION ( 'NONE',  ( 1.000000000000000000, 0.000000000000000000, 0.000000000000000000 ) ) ;
#1240 = VECTOR ( 'NONE', #976, 1000.000000000000000 ) ;
#1241 = ADVANCED_FACE ( 'NONE', ( #69, #606 ), #937, .F. ) ;
#1242 = CARTESIAN_POINT ( 'NONE',  ( -27.80330085889911373, 73.75000000000001421, 14.62310601229375528 ) ) ;
#1243 = LINE ( 'NONE', #2061, #1163 ) ;
#1244 = VECTOR ( 'NONE', #139, 1000.000000000000000 ) ;
#1245 = EDGE_CURVE ( 'NONE', #1591, #1432, #1804, .T. ) ;
#1246 = ORIENTED_EDGE ( 'NONE', *, *, #445, .F. ) ;
#1247 = UNCERTAINTY_MEASURE_WITH_UNIT (LENGTH_MEASURE( 1.000000000000000082E-05 ), #1996, 'distance_accuracy_value', 'NONE');
#1248 = CIRCLE ( 'NONE', #774, 28.81385196830317952 ) ;
#1249 = VECTOR ( 'NONE', #2098, 1000.000000000000000 ) ;
#1250 = ORIENTED_EDGE ( 'NONE', *, *, #1599, .F. ) ;
#1251 = DIRECTION ( 'NONE',  ( 1.000000000000000000, 0.000000000000000000, 0.000000000000000000 ) ) ;
#1252 = ORIENTED_EDGE ( 'NONE', *, *, #2054, .F. ) ;
#1253 = CARTESIAN_POINT ( 'NONE',  ( 2.599999999999999201, -10.00000000000000355, 3.184081677783117698E-16 ) ) ;
#1254 = CARTESIAN_POINT ( 'NONE',  ( -12.42640687119286191, 80.00000000000000000, 30.00000000000000711 ) ) ;
#1255 = DIRECTION ( 'NONE',  ( -0.000000000000000000, 1.000000000000000000, -0.000000000000000000 ) ) ;
#1256 = FACE_OUTER_BOUND ( 'NONE', #1779, .T. ) ;
#1257 = ORIENTED_EDGE ( 'NONE', *, *, #514, .T. ) ;
#1258 = VECTOR ( 'NONE', #56, 1000.000000000000000 ) ;
#1259 = EDGE_CURVE ( 'NONE', #895, #311, #1295, .T. ) ;
#1260 = ORIENTED_EDGE ( 'NONE', *, *, #1562, .F. ) ;
#1261 = APPLICATION_PROTOCOL_DEFINITION ( 'draft international standard', 'automotive_design', 1998, #2076 ) ;
#1262 = ORIENTED_EDGE ( 'NONE', *, *, #1412, .F. ) ;
#1263 = DIRECTION ( 'NONE',  ( 0.000000000000000000, 0.000000000000000000, -1.000000000000000000 ) ) ;
#1264 = ORIENTED_EDGE ( 'NONE', *, *, #96, .T. ) ;
#1265 = CARTESIAN_POINT ( 'NONE',  ( -30.00000000000001066, 5.099999999999996980, 12.42640687119285126 ) ) ;
#1266 = SURFACE_SIDE_STYLE ('',( #1610 ) ) ;
#1267 = CARTESIAN_POINT ( 'NONE',  ( 3.061616997868383141E-16, 0.000000000000000000, 2.500000000000000000 ) ) ;
#1268 = VERTEX_POINT ( 'NONE', #1967 ) ;
#1269 =( BOUNDED_CURVE ( )  B_SPLINE_CURVE ( 3, ( #398, #1242, #746, #1079 ),
 .UNSPECIFIED., .F., .F. ) 
 B_SPLINE_CURVE_WITH_KNOTS ( ( 4, 4 ),
 ( 1.570796326794896558, 3.141592653589793116 ),
 .UNSPECIFIED. ) 
 CURVE ( )  GEOMETRIC_REPRESENTATION_ITEM ( )  RATIONAL_B_SPLINE_CURVE ( ( 1.000000000000000000, 0.8047378541243649375, 0.8047378541243649375, 1.000000000000000000 ) ) 
 REPRESENTATION_ITEM ( '' )  );
#1270 = EDGE_CURVE ( 'NONE', #1657, #51, #263, .T. ) ;
#1271 = ORIENTED_EDGE ( 'NONE', *, *, #1104, .F. ) ;
#1272 = ORIENTED_EDGE ( 'NONE', *, *, #1270, .F. ) ;
#1273 = DIRECTION ( 'NONE',  ( -0.000000000000000000, -0.000000000000000000, -1.000000000000000000 ) ) ;
#1274 = ADVANCED_FACE ( 'NONE', ( #241 ), #764, .F. ) ;
#1275 = ORIENTED_EDGE ( 'NONE', *, *, #1259, .T. ) ;
#1276 = PLANE ( 'NONE',  #721 ) ;
#1277 = FILL_AREA_STYLE ('',( #252 ) ) ;
#1278 = DIRECTION ( 'NONE',  ( -9.654149949482787349E-17, -1.000000000000000000, 0.000000000000000000 ) ) ;
#1279 = AXIS2_PLACEMENT_3D ( 'NONE', #407, #1966, #417 ) ;
#1280 = CARTESIAN_POINT ( 'NONE',  ( -10.00000000000000178, 41.09999999999999432, 5.099999999999999645 ) ) ;
#1281 = VERTEX_POINT ( 'NONE', #90 ) ;
#1282 = ORIENTED_EDGE ( 'NONE', *, *, #2084, .F. ) ;
#1283 = CIRCLE ( 'NONE', #277, 3.749999999999998224 ) ;
#1284 = PLANE ( 'NONE',  #661 ) ;
#1285 = EDGE_CURVE ( 'NONE', #620, #736, #1112, .T. ) ;
#1286 =( NAMED_UNIT ( * ) PLANE_ANGLE_UNIT ( ) SI_UNIT ( $, .RADIAN. ) );
#1287 = DIRECTION ( 'NONE',  ( -5.551115123125790591E-16, 0.000000000000000000, -1.000000000000000000 ) ) ;
#1288 = EDGE_CURVE ( 'NONE', #1952, #351, #1685, .T. ) ;
#1289 = CARTESIAN_POINT ( 'NONE',  ( 29.99999999999998579, 2.000000000000000000, -25.00000000000001066 ) ) ;
#1290 = CARTESIAN_POINT ( 'NONE',  ( -10.00000000000000178, 41.09999999999999432, -5.099999999999999645 ) ) ;
#1291 = ORIENTED_EDGE ( 'NONE', *, *, #304, .F. ) ;
#1292 = DIRECTION ( 'NONE',  ( 0.000000000000000000, 0.000000000000000000, 1.000000000000000000 ) ) ;
#1293 = CIRCLE ( 'NONE', #112, 2.500000000000000000 ) ;
#1294 = LINE ( 'NONE', #293, #117 ) ;
#1295 = LINE ( 'NONE', #1784, #820 ) ;
#1296 = DIRECTION ( 'NONE',  ( -0.7071067811865474617, 0.000000000000000000, 0.7071067811865475727 ) ) ;
#1297 = LINE ( 'NONE', #453, #2072 ) ;
#1298 = AXIS2_PLACEMENT_3D ( 'NONE', #969, #1654, #1643 ) ;
#1299 = EDGE_CURVE ( 'NONE', #557, #750, #576, .T. ) ;
#1300 = ADVANCED_BREP_SHAPE_REPRESENTATION ( '', ( #1917, #1407 ), #1557 ) ;
#1301 = VERTEX_POINT ( 'NONE', #733 ) ;
#1302 = DIRECTION ( 'NONE',  ( 0.000000000000000000, -1.000000000000000000, -1.734723475976806848E-16 ) ) ;
#1303 = FACE_OUTER_BOUND ( 'NONE', #822, .T. ) ;
#1304 = CARTESIAN_POINT ( 'NONE',  ( 0.000000000000000000, 0.000000000000000000, 0.000000000000000000 ) ) ;
#1305 = LINE ( 'NONE', #1806, #1467 ) ;
#1306 = EDGE_CURVE ( 'NONE', #1341, #1317, #1423, .T. ) ;
#1307 = STYLED_ITEM ( 'NONE', ( #1639 ), #1195 ) ;
#1308 = ORIENTED_EDGE ( 'NONE', *, *, #745, .F. ) ;
#1309 = ORIENTED_EDGE ( 'NONE', *, *, #1995, .F. ) ;
#1310 = ADVANCED_FACE ( 'NONE', ( #915 ), #1383, .F. ) ;
#1311 =( REPRESENTATION_RELATIONSHIP ('NONE','NONE', #894, #2118 ) REPRESENTATION_RELATIONSHIP_WITH_TRANSFORMATION ( #1920 )SHAPE_REPRESENTATION_RELATIONSHIP( ) );
#1312 = VECTOR ( 'NONE', #1238, 1000.000000000000000 ) ;
#1313 = DIRECTION ( 'NONE',  ( -1.000000000000000000, 0.000000000000000000, 0.000000000000000000 ) ) ;
#1314 = CARTESIAN_POINT ( 'NONE',  ( 0.000000000000000000, 49.74937185533099893, 0.000000000000000000 ) ) ;
#1315 = PLANE ( 'NONE',  #1465 ) ;
#1316 = ORIENTED_EDGE ( 'NONE', *, *, #1453, .T. ) ;
#1317 = VERTEX_POINT ( 'NONE', #1859 ) ;
#1318 = CARTESIAN_POINT ( 'NONE',  ( 30.00000000000000711, 2.000000000000000000, 19.99999999999998934 ) ) ;
#1319 = SURFACE_STYLE_FILL_AREA ( #1997 ) ;
#1320 = EDGE_CURVE ( 'NONE', #1268, #1199, #159, .T. ) ;
#1321 = APPLICATION_CONTEXT ( 'automotive_design' ) ;
#1322 = CARTESIAN_POINT ( 'NONE',  ( -26.25000000000001066, 60.00000000000000711, 16.17640687119285658 ) ) ;
#1323 = CARTESIAN_POINT ( 'NONE',  ( -35.00000000000000000, 10.00000000000000178, 4.999999999999998224 ) ) ;
#1324 = CARTESIAN_POINT ( 'NONE',  ( -35.00000000000000000, 20.00000000000000355, 5.000000000000000000 ) ) ;
#1325 = VECTOR ( 'NONE', #23, 1000.000000000000000 ) ;
#1326 = ORIENTED_EDGE ( 'NONE', *, *, #1562, .T. ) ;
#1327 = ORIENTED_EDGE ( 'NONE', *, *, #173, .T. ) ;
#1328 = UNCERTAINTY_MEASURE_WITH_UNIT (LENGTH_MEASURE( 1.000000000000000082E-05 ), #1886, 'distance_accuracy_value', 'NONE');
#1329 = EDGE_LOOP ( 'NONE', ( #579, #759, #1202, #358 ) ) ;
#1330 = DIRECTION ( 'NONE',  ( -0.8320502943378433880, -0.000000000000000000, 0.5547001962252294804 ) ) ;
#1331 = EDGE_CURVE ( 'NONE', #31, #1341, #2203, .T. ) ;
#1332 = CARTESIAN_POINT ( 'NONE',  ( 129.9999999999999716, 2.000000000000000000, -25.00000000000000000 ) ) ;
#1333 =( NAMED_UNIT ( * ) PLANE_ANGLE_UNIT ( ) SI_UNIT ( $, .RADIAN. ) );
#1334 = CLOSED_SHELL ( 'NONE', ( #1571, #2206, #634, #1116, #1634, #1731 ) ) ;
#1335 = DIRECTION ( 'NONE',  ( -0.000000000000000000, -0.000000000000000000, 1.000000000000000000 ) ) ;
#1336 = EDGE_CURVE ( 'NONE', #800, #895, #673, .T. ) ;
#1337 = ADVANCED_FACE ( 'NONE', ( #525 ), #8, .T. ) ;
#1338 = CARTESIAN_POINT ( 'NONE',  ( -24.90000000000000568, 80.00000000000000000, -17.52640687119284735 ) ) ;
#1339 = LINE ( 'NONE', #680, #276 ) ;
#1340 = ORIENTED_EDGE ( 'NONE', *, *, #1984, .T. ) ;
#1341 = VERTEX_POINT ( 'NONE', #137 ) ;
#1342 = STYLED_ITEM ( 'NONE', ( #597 ), #1221 ) ;
#1343 = LINE ( 'NONE', #646, #1734 ) ;
#1344 = CARTESIAN_POINT ( 'NONE',  ( 0.000000000000000000, 39.11500184297825200, 0.000000000000000000 ) ) ;
#1345 = CARTESIAN_POINT ( 'NONE',  ( 0.000000000000000000, 0.000000000000000000, 0.000000000000000000 ) ) ;
#1346 = CARTESIAN_POINT ( 'NONE',  ( 29.99999999999999645, 2.000000000000000000, -20.00000000000001066 ) ) ;
#1347 = AXIS2_PLACEMENT_3D ( 'NONE', #877, #182, #675 ) ;
#1348 = CARTESIAN_POINT ( 'NONE',  ( -26.25000000000001066, 57.80330085889910663, 16.17640687119285658 ) ) ;
#1349 = VECTOR ( 'NONE', #332, 1000.000000000000000 ) ;
#1350 = DIRECTION ( 'NONE',  ( -0.000000000000000000, -1.000000000000000000, -0.000000000000000000 ) ) ;
#1351 = VECTOR ( 'NONE', #295, 1000.000000000000000 ) ;
#1352 = EDGE_CURVE ( 'NONE', #1883, #674, #2121, .T. ) ;
#1353 = CARTESIAN_POINT ( 'NONE',  ( -35.00000000000000000, 20.00000000000000355, -5.000000000000000000 ) ) ;
#1354 = DIRECTION ( 'NONE',  ( 0.5527756451598038190, 0.000000000000000000, 0.8333301183313625016 ) ) ;
#1355 = ORIENTED_EDGE ( 'NONE', *, *, #349, .T. ) ;
#1356 = UNCERTAINTY_MEASURE_WITH_UNIT (LENGTH_MEASURE( 1.000000000000000082E-05 ), #1512, 'distance_accuracy_value', 'NONE');
#1357 = VERTEX_POINT ( 'NONE', #1552 ) ;
#1358 = CARTESIAN_POINT ( 'NONE',  ( 30.00000000000000711, 2.000000000000000000, 19.99999999999998934 ) ) ;
#1359 = LINE ( 'NONE', #852, #1973 ) ;
#1360 = SHAPE_REPRESENTATION_RELATIONSHIP ( 'NONE' , 'NONE' ,  #1957, #230 ) ;
#1361 = ORIENTED_EDGE ( 'NONE', *, *, #1100, .T. ) ;
#1362 = DIRECTION ( 'NONE',  ( -0.8333301183313625016, 0.000000000000000000, -0.5527756451598038190 ) ) ;
#1363 = FACE_OUTER_BOUND ( 'NONE', #454, .T. ) ;
#1364 = SPHERICAL_SURFACE ( 'NONE', #1739, 50.00000000000000000 ) ;
#1365 = CIRCLE ( 'NONE', #1001, 2.600000000000000089 ) ;
#1366 = EDGE_CURVE ( 'NONE', #463, #1894, #501, .T. ) ;
#1367 = PLANE ( 'NONE',  #1905 ) ;
#1368 = PLANE ( 'NONE',  #1132 ) ;
#1369 = EDGE_CURVE ( 'NONE', #20, #671, #324, .T. ) ;
#1370 = EDGE_LOOP ( 'NONE', ( #1404, #1391, #1271, #76, #1495, #931 ) ) ;
#1371 = AXIS2_PLACEMENT_3D ( 'NONE', #1619, #1239, #1447 ) ;
#1372 = VERTEX_POINT ( 'NONE', #1849 ) ;
#1373 = AXIS2_PLACEMENT_3D ( 'NONE', #1140, #1838, #1650 ) ;
#1374 = DIRECTION ( 'NONE',  ( 0.000000000000000000, 0.000000000000000000, 1.000000000000000000 ) ) ;
#1375 = ORIENTED_EDGE ( 'NONE', *, *, #1797, .F. ) ;
#1376 = ORIENTED_EDGE ( 'NONE', *, *, #1045, .T. ) ;
#1377 = LINE ( 'NONE', #172, #1312 ) ;
#1378 = LINE ( 'NONE', #1556, #185 ) ;
#1379 = CARTESIAN_POINT ( 'NONE',  ( -26.42870152576724863, 38.89999999999999858, -15.99770534542561329 ) ) ;
#1380 = FACE_OUTER_BOUND ( 'NONE', #1382, .T. ) ;
#1381 = EDGE_CURVE ( 'NONE', #488, #1608, #429, .T. ) ;
#1382 = EDGE_LOOP ( 'NONE', ( #1032, #1574, #684, #1209 ) ) ;
#1383 = PLANE ( 'NONE',  #1108 ) ;
#1384 = ORIENTED_EDGE ( 'NONE', *, *, #1136, .F. ) ;
#1385 = AXIS2_PLACEMENT_3D ( 'NONE', #147, #1148, #1812 ) ;
#1386 = DIRECTION ( 'NONE',  ( -1.000000000000000000, 0.000000000000000000, 0.000000000000000000 ) ) ;
#1387 = FACE_OUTER_BOUND ( 'NONE', #49, .T. ) ;
#1388 = FACE_OUTER_BOUND ( 'NONE', #1756, .T. ) ;
#1389 = VECTOR ( 'NONE', #2200, 1000.000000000000000 ) ;
#1390 = FACE_OUTER_BOUND ( 'NONE', #873, .T. ) ;
#1391 = ORIENTED_EDGE ( 'NONE', *, *, #510, .F. ) ;
#1392 = ORIENTED_EDGE ( 'NONE', *, *, #843, .F. ) ;
#1393 = DIRECTION ( 'NONE',  ( 0.000000000000000000, 0.000000000000000000, 1.000000000000000000 ) ) ;
#1394 = ORIENTED_EDGE ( 'NONE', *, *, #2187, .F. ) ;
#1395 = CARTESIAN_POINT ( 'NONE',  ( -30.00000000000000711, 38.89999999999999147, 12.42640687119286014 ) ) ;
#1396 = EDGE_CURVE ( 'NONE', #85, #644, #1359, .T. ) ;
#1397 = CARTESIAN_POINT ( 'NONE',  ( -2.600000000000000533, -10.00000000000000355, 0.000000000000000000 ) ) ;
#1398 = CARTESIAN_POINT ( 'NONE',  ( 5.000000000000000000, 100.0000000000000000, 0.000000000000000000 ) ) ;
#1399 = DIRECTION ( 'NONE',  ( 9.654149949482787349E-17, 1.000000000000000000, 0.000000000000000000 ) ) ;
#1400 = VECTOR ( 'NONE', #2106, 1000.000000000000000 ) ;
#1401 = LINE ( 'NONE', #2086, #1926 ) ;
#1402 = ORIENTED_EDGE ( 'NONE', *, *, #1972, .T. ) ;
#1403 =( GEOMETRIC_REPRESENTATION_CONTEXT ( 3 ) GLOBAL_UNCERTAINTY_ASSIGNED_CONTEXT ( ( #1752 ) ) GLOBAL_UNIT_ASSIGNED_CONTEXT ( ( #300, #1499, #2143 ) ) REPRESENTATION_CONTEXT ( 'NONE', 'WORKASPACE' ) );
#1404 = ORIENTED_EDGE ( 'NONE', *, *, #1216, .F. ) ;
#1405 = PRODUCT_CONTEXT ( 'NONE', #507, 'mechanical' ) ;
#1406 = ORIENTED_EDGE ( 'NONE', *, *, #146, .T. ) ;
#1407 = AXIS2_PLACEMENT_3D ( 'NONE', #1803, #772, #1470 ) ;
#1408 = CARTESIAN_POINT ( 'NONE',  ( 29.10490097808401799, 9.093440688329993193, 0.000000000000000000 ) ) ;
#1409 = ADVANCED_FACE ( 'NONE', ( #18 ), #1509, .F. ) ;
#1410 = CARTESIAN_POINT ( 'NONE',  ( -24.90000000000000568, 5.099999999999999645, -29.99999999999999289 ) ) ;
#1411 = CARTESIAN_POINT ( 'NONE',  ( -2.599999999999999201, 10.00000000000000355, 0.000000000000000000 ) ) ;
#1412 = EDGE_CURVE ( 'NONE', #895, #1106, #1543, .T. ) ;
#1413 = EDGE_CURVE ( 'NONE', #674, #1301, #1069, .T. ) ;
#1414 = DIRECTION ( 'NONE',  ( -0.000000000000000000, -1.000000000000000000, -0.000000000000000000 ) ) ;
#1415 = CIRCLE ( 'NONE', #1808, 227.0833333333332007 ) ;
#1416 = ORIENTED_EDGE ( 'NONE', *, *, #514, .F. ) ;
#1417 = ORIENTED_EDGE ( 'NONE', *, *, #837, .T. ) ;
#1418 = CARTESIAN_POINT ( 'NONE',  ( 46.79486764018801637, 0.4529517190406777694, -12.24776199846652780 ) ) ;
#1419 = ORIENTED_EDGE ( 'NONE', *, *, #1787, .T. ) ;
#1420 = DIRECTION ( 'NONE',  ( -1.000000000000000000, 0.000000000000000000, 0.000000000000000000 ) ) ;
#1421 = CARTESIAN_POINT ( 'NONE',  ( -30.00000000000000711, 20.00000000000000355, -5.000000000000000000 ) ) ;
#1422 = PRODUCT ( 'sat_model', 'sat_model', '', ( #63 ) ) ;
#1423 = LINE ( 'NONE', #1946, #1400 ) ;
#1424 = CARTESIAN_POINT ( 'NONE',  ( -30.00000000000000711, 41.09999999999998721, -12.42640687119284770 ) ) ;
#1425 = VECTOR ( 'NONE', #492, 1000.000000000000000 ) ;
#1426 = EDGE_CURVE ( 'NONE', #351, #1952, #1293, .T. ) ;
#1427 = ORIENTED_EDGE ( 'NONE', *, *, #1480, .F. ) ;
#1428 = ORIENTED_EDGE ( 'NONE', *, *, #1824, .T. ) ;
#1429 = APPLICATION_PROTOCOL_DEFINITION ( 'draft international standard', 'automotive_design', 1998, #2136 ) ;
#1430 = ORIENTED_EDGE ( 'NONE', *, *, #766, .F. ) ;
#1431 = CARTESIAN_POINT ( 'NONE',  ( 9.564119927985241858E-15, 60.00000000000000000, 32.00000000000000711 ) ) ;
#1432 = VERTEX_POINT ( 'NONE', #1332 ) ;
#1433 = LINE ( 'NONE', #753, #865 ) ;
#1434 = APPLICATION_CONTEXT ( 'automotive_design' ) ;
#1435 = PRODUCT_RELATED_PRODUCT_CATEGORY ( 'part', '', ( #99 ) ) ;
#1436 = CARTESIAN_POINT ( 'NONE',  ( -12.42640687119286191, 80.00000000000000000, 30.00000000000000711 ) ) ;
#1437 = EDGE_CURVE ( 'NONE', #423, #1692, #1365, .T. ) ;
#1438 = ORIENTED_EDGE ( 'NONE', *, *, #349, .F. ) ;
#1439 = EDGE_CURVE ( 'NONE', #625, #800, #1520, .T. ) ;
#1440 = AXIS2_PLACEMENT_3D ( 'NONE', #1344, #1170, #2029 ) ;
#1441 = PRODUCT ( 'Dish P2', 'Dish P2', '', ( #2113 ) ) ;
#1442 = ORIENTED_EDGE ( 'NONE', *, *, #1682, .T. ) ;
#1443 = CARTESIAN_POINT ( 'NONE',  ( 31.89486764018801424, 39.45295171904064802, 37.75223800153347753 ) ) ;
#1444 = VERTEX_POINT ( 'NONE', #2041 ) ;
#1445 = CYLINDRICAL_SURFACE ( 'NONE', #1279, 4.999999999999995559 ) ;
#1446 = VERTEX_POINT ( 'NONE', #490 ) ;
#1447 = DIRECTION ( 'NONE',  ( 0.000000000000000000, 0.000000000000000000, -1.000000000000000000 ) ) ;
#1448 = PRESENTATION_LAYER_ASSIGNMENT (  '', '', ( #1481 ) ) ;
#1449 = CARTESIAN_POINT ( 'NONE',  ( 1.258312158810909859E-15, 0.000000000000000000, 5.000000000000000000 ) ) ;
#1450 = APPLICATION_CONTEXT ( 'automotive_design' ) ;
#1451 = CARTESIAN_POINT ( 'NONE',  ( -35.00000000000000000, 70.00000000000000000, 8.676406871192861914 ) ) ;
#1452 = ORIENTED_EDGE ( 'NONE', *, *, #214, .F. ) ;
#1453 = EDGE_CURVE ( 'NONE', #179, #2039, #699, .T. ) ;
#1454 = PRODUCT_DEFINITION_FORMATION_WITH_SPECIFIED_SOURCE ( 'ANY', '', #1422, .NOT_KNOWN. ) ;
#1455 = ORIENTED_EDGE ( 'NONE', *, *, #1336, .F. ) ;
#1456 = ORIENTED_EDGE ( 'NONE', *, *, #1709, .F. ) ;
#1457 = CARTESIAN_POINT ( 'NONE',  ( 0.000000000000000000, 100.0000000000000000, -5.000000000000000000 ) ) ;
#1458 = ADVANCED_FACE ( 'NONE', ( #690 ), #508, .F. ) ;
#1459 = VERTEX_POINT ( 'NONE', #1379 ) ;
#1460 = CARTESIAN_POINT ( 'NONE',  ( -30.00000000000000711, 80.00000000000000000, 12.42640687119286014 ) ) ;
#1461 = LINE ( 'NONE', #2147, #1513 ) ;
#1462 = VECTOR ( 'NONE', #106, 1000.000000000000000 ) ;
#1463 = DIRECTION ( 'NONE',  ( -0.000000000000000000, -1.000000000000000000, -0.000000000000000000 ) ) ;
#1464 = CIRCLE ( 'NONE', #630, 0.9933652782897484101 ) ;
#1465 = AXIS2_PLACEMENT_3D ( 'NONE', #484, #472, #165 ) ;
#1466 = ORIENTED_EDGE ( 'NONE', *, *, #418, .T. ) ;
#1467 = VECTOR ( 'NONE', #747, 1000.000000000000000 ) ;
#1468 = DIRECTION ( 'NONE',  ( 0.000000000000000000, 0.000000000000000000, -1.000000000000000000 ) ) ;
#1469 = CARTESIAN_POINT ( 'NONE',  ( -26.42870152576725573, 80.00000000000000000, 15.99770534542561329 ) ) ;
#1470 = DIRECTION ( 'NONE',  ( 1.000000000000000000, 0.000000000000000000, 0.000000000000000000 ) ) ;
#1471 = CARTESIAN_POINT ( 'NONE',  ( -12.42640687119286191, 80.00000000000000000, 30.00000000000000711 ) ) ;
#1472 = EDGE_CURVE ( 'NONE', #311, #288, #153, .T. ) ;
#1473 = CARTESIAN_POINT ( 'NONE',  ( 0.000000000000000000, 100.0000000000000000, 0.000000000000000000 ) ) ;
#1474 = DIRECTION ( 'NONE',  ( 1.000000000000000000, 0.000000000000000000, -1.301042606982607786E-16 ) ) ;
#1475 = PRODUCT_DEFINITION_CONTEXT ( 'detailed design', #1177, 'design' ) ;
#1476 = ORIENTED_EDGE ( 'NONE', *, *, #1196, .T. ) ;
#1477 = CARTESIAN_POINT ( 'NONE',  ( 30.00000000000000711, 2.000000000000000000, 19.99999999999998934 ) ) ;
#1478 = VECTOR ( 'NONE', #981, 1000.000000000000000 ) ;
#1479 = FACE_OUTER_BOUND ( 'NONE', #369, .T. ) ;
#1480 = EDGE_CURVE ( 'NONE', #834, #566, #1935, .T. ) ;
#1481 = STYLED_ITEM ( 'NONE', ( #292 ), #1959 ) ;
#1482 = FACE_OUTER_BOUND ( 'NONE', #464, .T. ) ;
#1483 = EDGE_CURVE ( 'NONE', #897, #1608, #1718, .T. ) ;
#1484 = CARTESIAN_POINT ( 'NONE',  ( -30.00000000000000711, 41.09999999999998721, 12.42640687119286014 ) ) ;
#1485 = VECTOR ( 'NONE', #640, 1000.000000000000000 ) ;
#1486 = ORIENTED_EDGE ( 'NONE', *, *, #828, .F. ) ;
#1487 = SURFACE_SIDE_STYLE ('',( #1519 ) ) ;
#1488 = AXIS2_PLACEMENT_3D ( 'NONE', #2079, #1073, #2101 ) ;
#1489 =( LENGTH_UNIT ( ) NAMED_UNIT ( * ) SI_UNIT ( .MILLI., .METRE. ) );
#1490 = FACE_OUTER_BOUND ( 'NONE', #763, .T. ) ;
#1491 = DIRECTION ( 'NONE',  ( 0.000000000000000000, 0.000000000000000000, -1.000000000000000000 ) ) ;
#1492 = CARTESIAN_POINT ( 'NONE',  ( -30.00000000000000711, 38.89999999999999147, -12.42640687119284770 ) ) ;
#1493 = VECTOR ( 'NONE', #1330, 1000.000000000000114 ) ;
#1494 = ORIENTED_EDGE ( 'NONE', *, *, #1232, .T. ) ;
#1495 = ORIENTED_EDGE ( 'NONE', *, *, #58, .F. ) ;
#1496 = UNCERTAINTY_MEASURE_WITH_UNIT (LENGTH_MEASURE( 1.000000000000000082E-05 ), #301, 'distance_accuracy_value', 'NONE');
#1497 = ORIENTED_EDGE ( 'NONE', *, *, #267, .F. ) ;
#1498 = CARTESIAN_POINT ( 'NONE',  ( -30.00000000000000711, 80.00000000000000000, -12.42640687119284770 ) ) ;
#1499 =( NAMED_UNIT ( * ) PLANE_ANGLE_UNIT ( ) SI_UNIT ( $, .RADIAN. ) );
#1500 = VECTOR ( 'NONE', #562, 1000.000000000000114 ) ;
#1501 = DIRECTION ( 'NONE',  ( 0.000000000000000000, 0.000000000000000000, -1.000000000000000000 ) ) ;
#1502 = CARTESIAN_POINT ( 'NONE',  ( 29.99999999999999645, 2.000000000000000000, -20.00000000000001066 ) ) ;
#1503 = SPHERICAL_SURFACE ( 'NONE', #668, 1.000000000000029532 ) ;
#1504 = ADVANCED_FACE ( 'NONE', ( #175, #1879 ), #870, .T. ) ;
#1505 = EDGE_LOOP ( 'NONE', ( #801, #1788, #1237, #320 ) ) ;
#1506 = ORIENTED_EDGE ( 'NONE', *, *, #886, .F. ) ;
#1507 = EDGE_CURVE ( 'NONE', #566, #834, #574, .T. ) ;
#1508 = LINE ( 'NONE', #1477, #1462 ) ;
#1510 = EDGE_CURVE ( 'NONE', #2102, #208, #859, .T. ) ;
#1509 = PLANE ( 'NONE',  #1749 ) ;
#1511 = DIRECTION ( 'NONE',  ( 0.000000000000000000, 0.000000000000000000, -1.000000000000000000 ) ) ;
#1512 =( LENGTH_UNIT ( ) NAMED_UNIT ( * ) SI_UNIT ( .MILLI., .METRE. ) );
#1513 = VECTOR ( 'NONE', #1748, 1000.000000000000000 ) ;
#1514 = VECTOR ( 'NONE', #609, 1000.000000000000000 ) ;
#1515 = CARTESIAN_POINT ( 'NONE',  ( -30.00000000000000711, 80.00000000000000000, -4.999999999999979572 ) ) ;
#1516 = ORIENTED_EDGE ( 'NONE', *, *, #1366, .F. ) ;
#1517 = PRODUCT_DEFINITION ( 'UNKNOWN', '', #1190, #168 ) ;
#1518 = ORIENTED_EDGE ( 'NONE', *, *, #468, .T. ) ;
#1519 = SURFACE_STYLE_FILL_AREA ( #825 ) ;
#1520 = LINE ( 'NONE', #2207, #1547 ) ;
#1521 = CARTESIAN_POINT ( 'NONE',  ( 0.000000000000000000, 39.11500184297825200, 0.000000000000000000 ) ) ;
#1522 = ADVANCED_FACE ( 'NONE', ( #711 ), #2060, .F. ) ;
#1523 = CARTESIAN_POINT ( 'NONE',  ( 1.258312158810909859E-15, 0.000000000000000000, 5.000000000000000000 ) ) ;
#1524 = CARTESIAN_POINT ( 'NONE',  ( -4.999999999999988454, 4.827074974741382458E-16, 0.000000000000000000 ) ) ;
#1525 = DIRECTION ( 'NONE',  ( 0.000000000000000000, -0.000000000000000000, 1.000000000000000000 ) ) ;
#1526 = ORIENTED_EDGE ( 'NONE', *, *, #355, .T. ) ;
#1527 = ORIENTED_EDGE ( 'NONE', *, *, #1071, .F. ) ;
#1528 = ORIENTED_EDGE ( 'NONE', *, *, #1480, .T. ) ;
#1529 = DIRECTION ( 'NONE',  ( -0.000000000000000000, -0.000000000000000000, -1.000000000000000000 ) ) ;
#1530 = DIRECTION ( 'NONE',  ( 0.000000000000000000, 0.000000000000000000, -1.000000000000000000 ) ) ;
#1531 = SHAPE_REPRESENTATION_RELATIONSHIP ( 'NONE' , 'NONE' ,  #2118, #1300 ) ;
#1532 = DIRECTION ( 'NONE',  ( 0.000000000000000000, 0.000000000000000000, -1.000000000000000000 ) ) ;
#1533 = AXIS2_PLACEMENT_3D ( 'NONE', #341, #191, #1586 ) ;
#1534 = DIRECTION ( 'NONE',  ( 0.5547001962252297025, -0.000000000000000000, 0.8320502943378433880 ) ) ;
#1535 = AXIS2_PLACEMENT_3D ( 'NONE', #521, #357, #544 ) ;
#1536 = CARTESIAN_POINT ( 'NONE',  ( -30.00000000000000711, 5.099999999999996980, -12.42640687119284770 ) ) ;
#1537 = ADVANCED_FACE ( 'NONE', ( #1388 ), #1558, .T. ) ;
#1538 = VECTOR ( 'NONE', #611, 1000.000000000000000 ) ;
#1539 = CARTESIAN_POINT ( 'NONE',  ( 30.00000000000000000, 0.000000000000000000, 24.99999999999998934 ) ) ;
#1540 = ORIENTED_EDGE ( 'NONE', *, *, #1507, .F. ) ;
#1541 = UNCERTAINTY_MEASURE_WITH_UNIT (LENGTH_MEASURE( 1.000000000000000082E-05 ), #1909, 'distance_accuracy_value', 'NONE');
#1542 = ORIENTED_EDGE ( 'NONE', *, *, #1664, .T. ) ;
#1543 = LINE ( 'NONE', #1184, #784 ) ;
#1544 = SPHERICAL_SURFACE ( 'NONE', #1602, 1.000000000000029532 ) ;
#1545 = PLANE ( 'NONE',  #1939 ) ;
#1546 = EDGE_CURVE ( 'NONE', #728, #930, #1037, .T. ) ;
#1547 = VECTOR ( 'NONE', #1009, 1000.000000000000114 ) ;
#1548 = FACE_OUTER_BOUND ( 'NONE', #2077, .T. ) ;
#1549 = FACE_OUTER_BOUND ( 'NONE', #2004, .T. ) ;
#1550 = ORIENTED_EDGE ( 'NONE', *, *, #677, .F. ) ;
#1551 = COLOUR_RGB ( '',0.7921568627450980005, 0.8196078431372548767, 0.9333333333333333481 ) ;
#1552 = CARTESIAN_POINT ( 'NONE',  ( -30.00000000000000711, 80.00000000000000000, 12.42640687119286014 ) ) ;
#1553 = ORIENTED_EDGE ( 'NONE', *, *, #1653, .T. ) ;
#1554 = ORIENTED_EDGE ( 'NONE', *, *, #1799, .F. ) ;
#1555 = CARTESIAN_POINT ( 'NONE',  ( -40.00000000000000000, 41.09999999999999432, -25.00000000000000000 ) ) ;
#1556 = CARTESIAN_POINT ( 'NONE',  ( 0.000000000000000000, 68.00000000000000000, -29.99999999999999645 ) ) ;
#1557 =( GEOMETRIC_REPRESENTATION_CONTEXT ( 3 ) GLOBAL_UNCERTAINTY_ASSIGNED_CONTEXT ( ( #1018 ) ) GLOBAL_UNIT_ASSIGNED_CONTEXT ( ( #2068, #839, #2043 ) ) REPRESENTATION_CONTEXT ( 'NONE', 'WORKASPACE' ) );
#1558 = PLANE ( 'NONE',  #44 ) ;
#1559 =( REPRESENTATION_RELATIONSHIP ('NONE','NONE', #894, #563 ) REPRESENTATION_RELATIONSHIP_WITH_TRANSFORMATION ( #1236 )SHAPE_REPRESENTATION_RELATIONSHIP( ) );
#1560 = DIRECTION ( 'NONE',  ( -1.445602896647339656E-17, 1.000000000000000000, 0.000000000000000000 ) ) ;
#1561 = ORIENTED_EDGE ( 'NONE', *, *, #869, .F. ) ;
#1562 = EDGE_CURVE ( 'NONE', #1743, #2057, #1578, .T. ) ;
#1563 = ORIENTED_EDGE ( 'NONE', *, *, #1034, .F. ) ;
#1564 = AXIS2_PLACEMENT_3D ( 'NONE', #299, #1659, #1169 ) ;
#1565 = DIRECTION ( 'NONE',  ( -1.000000000000000000, 0.000000000000000000, 0.000000000000000000 ) ) ;
#1566 = CARTESIAN_POINT ( 'NONE',  ( -35.00000000000000000, 0.000000000000000000, 0.000000000000000000 ) ) ;
#1567 = DIRECTION ( 'NONE',  ( -1.000000000000000000, 1.192049048566118335E-16, 0.000000000000000000 ) ) ;
#1568 = VECTOR ( 'NONE', #622, 1000.000000000000114 ) ;
#1569 = DIRECTION ( 'NONE',  ( 0.000000000000000000, 1.000000000000000000, 0.000000000000000000 ) ) ;
#1570 = VERTEX_POINT ( 'NONE', #857 ) ;
#1571 = ADVANCED_FACE ( 'NONE', ( #1864 ), #331, .F. ) ;
#1572 = ADVANCED_FACE ( 'NONE', ( #1548 ), #1367, .T. ) ;
#1573 = ORIENTED_EDGE ( 'NONE', *, *, #1472, .F. ) ;
#1574 = ORIENTED_EDGE ( 'NONE', *, *, #1196, .F. ) ;
#1575 = CARTESIAN_POINT ( 'NONE',  ( -18.00000000000000711, 60.00000000000000711, 16.17640687119285658 ) ) ;
#1576 = EDGE_CURVE ( 'NONE', #1606, #1446, #35, .T. ) ;
#1577 = DIRECTION ( 'NONE',  ( 1.000000000000000000, 0.000000000000000000, 0.000000000000000000 ) ) ;
#1578 = CIRCLE ( 'NONE', #608, 3.749999999999998224 ) ;
#1579 = LINE ( 'NONE', #1038, #104 ) ;
#1580 = ORIENTED_EDGE ( 'NONE', *, *, #882, .T. ) ;
#1581 = COLOUR_RGB ( '',0.7921568627450980005, 0.8196078431372548767, 0.9333333333333333481 ) ;
#1582 = ORIENTED_EDGE ( 'NONE', *, *, #81, .T. ) ;
#1583 = APPLICATION_PROTOCOL_DEFINITION ( 'draft international standard', 'automotive_design', 1998, #2011 ) ;
#1584 = ORIENTED_EDGE ( 'NONE', *, *, #1510, .T. ) ;
#1585 = AXIS2_PLACEMENT_3D ( 'NONE', #1969, #91, #600 ) ;
#1586 = DIRECTION ( 'NONE',  ( 0.000000000000000000, 0.000000000000000000, 1.000000000000000000 ) ) ;
#1587 = CARTESIAN_POINT ( 'NONE',  ( -3.885734712638577296E-15, 9.500000000000001776, 0.000000000000000000 ) ) ;
#1588 = DIRECTION ( 'NONE',  ( -0.000000000000000000, -1.000000000000000000, -0.000000000000000000 ) ) ;
#1589 = ADVANCED_FACE ( 'NONE', ( #520 ), #400, .T. ) ;
#1590 = CARTESIAN_POINT ( 'NONE',  ( -26.25000000000001066, 60.00000000000000711, 16.17640687119285658 ) ) ;
#1591 = VERTEX_POINT ( 'NONE', #2190 ) ;
#1592 = VERTEX_POINT ( 'NONE', #678 ) ;
#1593 = EDGE_LOOP ( 'NONE', ( #1790, #1264, #145, #156 ) ) ;
#1594 = ORIENTED_EDGE ( 'NONE', *, *, #1369, .T. ) ;
#1595 = DIRECTION ( 'NONE',  ( 0.7071067811865474617, 0.000000000000000000, 0.7071067811865474617 ) ) ;
#1596 = AXIS2_PLACEMENT_3D ( 'NONE', #946, #95, #1468 ) ;
#1597 = EDGE_LOOP ( 'NONE', ( #37, #694, #1466, #1670, #748, #1252 ) ) ;
#1598 = CARTESIAN_POINT ( 'NONE',  ( -24.90000000000000568, 5.099999999999999645, 17.52640687119286156 ) ) ;
#1599 = EDGE_CURVE ( 'NONE', #60, #1608, #1652, .T. ) ;
#1600 = EDGE_CURVE ( 'NONE', #2013, #1281, #1461, .T. ) ;
#1601 = CARTESIAN_POINT ( 'NONE',  ( 5.345906510549301958E-15, 80.00000000000000000, 3.469446951953614189E-15 ) ) ;
#1602 = AXIS2_PLACEMENT_3D ( 'NONE', #528, #1706, #1033 ) ;
#1603 = VERTEX_POINT ( 'NONE', #218 ) ;
#1604 = VERTEX_POINT ( 'NONE', #906 ) ;
#1605 = CONTEXT_DEPENDENT_SHAPE_REPRESENTATION ( #1559, #254 ) ;
#1606 = VERTEX_POINT ( 'NONE', #493 ) ;
#1607 = CARTESIAN_POINT ( 'NONE',  ( -35.00000000000000000, 70.00000000000000000, 12.42640687119286014 ) ) ;
#1608 = VERTEX_POINT ( 'NONE', #710 ) ;
#1609 = DIRECTION ( 'NONE',  ( 5.551115123125790591E-16, 0.000000000000000000, 1.000000000000000000 ) ) ;
#1610 = SURFACE_STYLE_FILL_AREA ( #1277 ) ;
#1611 = PRODUCT_RELATED_PRODUCT_CATEGORY ( 'part', '', ( #1441 ) ) ;
#1612 = DIRECTION ( 'NONE',  ( 1.000000000000000000, 0.000000000000000000, 1.040834085586084503E-16 ) ) ;
#1613 = ORIENTED_EDGE ( 'NONE', *, *, #637, .T. ) ;
#1614 = ADVANCED_FACE ( 'NONE', ( #363 ), #1687, .T. ) ;
#1615 = ORIENTED_EDGE ( 'NONE', *, *, #734, .T. ) ;
#1616 = EDGE_LOOP ( 'NONE', ( #655, #1626, #910, #1308, #1428, #211, #555, #850, #1821, #1419 ) ) ;
#1617 = LINE ( 'NONE', #1253, #590 ) ;
#1618 = VERTEX_POINT ( 'NONE', #1523 ) ;
#1619 = CARTESIAN_POINT ( 'NONE',  ( -30.00000000000000711, 60.00000000000000711, 12.42640687119286014 ) ) ;
#1620 = MECHANICAL_DESIGN_GEOMETRIC_PRESENTATION_REPRESENTATION (  '', ( #46 ), #2125 ) ;
#1621 = CARTESIAN_POINT ( 'NONE',  ( 5.345906510549301958E-15, 68.00000000000000000, 3.469446951953614189E-15 ) ) ;
#1622 = DIRECTION ( 'NONE',  ( -0.000000000000000000, -1.000000000000000000, -0.000000000000000000 ) ) ;
#1623 = DIRECTION ( 'NONE',  ( 1.000000000000000000, 0.000000000000000000, -1.224646799147349509E-16 ) ) ;
#1624 = DIRECTION ( 'NONE',  ( -1.000000000000000000, 1.192049048566118335E-16, 0.000000000000000000 ) ) ;
#1625 = LINE ( 'NONE', #950, #1538 ) ;
#1626 = ORIENTED_EDGE ( 'NONE', *, *, #943, .T. ) ;
#1627 = EDGE_CURVE ( 'NONE', #198, #2080, #1378, .T. ) ;
#1628 = CARTESIAN_POINT ( 'NONE',  ( -24.90000000000000568, 80.00000000000000000, 17.52640687119286156 ) ) ;
#1629 =( NAMED_UNIT ( * ) PLANE_ANGLE_UNIT ( ) SI_UNIT ( $, .RADIAN. ) );
#1630 = CARTESIAN_POINT ( 'NONE',  ( 0.000000000000000000, 0.000000000000000000, -5.000000000000000000 ) ) ;
#1631 = DIRECTION ( 'NONE',  ( -1.000000000000000000, 0.000000000000000000, 0.000000000000000000 ) ) ;
#1632 = PRODUCT_DEFINITION_SHAPE ( 'NONE', 'NONE',  #2220 ) ;
#1633 = AXIS2_PLACEMENT_3D ( 'NONE', #537, #1226, #1735 ) ;
#1634 = ADVANCED_FACE ( 'NONE', ( #830 ), #2210, .F. ) ;
#1635 = TOROIDAL_SURFACE ( 'NONE', #2108, -224.5833333333331439, 227.0833333333331723 ) ;
#1636 = VERTEX_POINT ( 'NONE', #689 ) ;
#1637 = ITEM_DEFINED_TRANSFORMATION ( 'NONE', 'NONE', #1488,  #1407 ) ;
#1638 = CIRCLE ( 'NONE', #775, 5.099999999999999645 ) ;
#1639 = PRESENTATION_STYLE_ASSIGNMENT (( #657 ) ) ;
#1640 = ADVANCED_FACE ( 'NONE', ( #1363 ), #1852, .F. ) ;
#1641 = SURFACE_SIDE_STYLE ('',( #793 ) ) ;
#1642 = CARTESIAN_POINT ( 'NONE',  ( -10.00000000000000178, 41.09999999999999432, 5.099999999999999645 ) ) ;
#1643 = DIRECTION ( 'NONE',  ( -1.000000000000000000, 0.000000000000000000, 0.000000000000000000 ) ) ;
#1644 = DIRECTION ( 'NONE',  ( -0.7071067811865474617, 0.000000000000000000, 0.7071067811865475727 ) ) ;
#1645 = CARTESIAN_POINT ( 'NONE',  ( 129.9999999999999716, 0.000000000000000000, -25.00000000000000000 ) ) ;
#1646 = ORIENTED_EDGE ( 'NONE', *, *, #598, .F. ) ;
#1647 = CARTESIAN_POINT ( 'NONE',  ( 0.000000000000000000, 100.0000000000000000, -5.000000000000000000 ) ) ;
#1648 = AXIS2_PLACEMENT_3D ( 'NONE', #4, #1047, #1230 ) ;
#1649 = DIRECTION ( 'NONE',  ( 0.000000000000000000, -1.000000000000000000, 0.000000000000000000 ) ) ;
#1650 = DIRECTION ( 'NONE',  ( 0.000000000000000000, 0.000000000000000000, -1.000000000000000000 ) ) ;
#1651 = FACE_OUTER_BOUND ( 'NONE', #38, .T. ) ;
#1652 = CIRCLE ( 'NONE', #1689, 0.5000000000000004441 ) ;
#1653 = EDGE_CURVE ( 'NONE', #391, #1776, #614, .T. ) ;
#1654 = DIRECTION ( 'NONE',  ( 9.654149949482789814E-17, 1.000000000000000000, -0.000000000000000000 ) ) ;
#1655 = VECTOR ( 'NONE', #318, 1000.000000000000000 ) ;
#1656 = ORIENTED_EDGE ( 'NONE', *, *, #1972, .F. ) ;
#1657 = VERTEX_POINT ( 'NONE', #1173 ) ;
#1658 = ORIENTED_EDGE ( 'NONE', *, *, #1437, .T. ) ;
#1659 = DIRECTION ( 'NONE',  ( 1.000000000000000000, 0.000000000000000000, 0.000000000000000000 ) ) ;
#1660 = PRODUCT_RELATED_PRODUCT_CATEGORY ( 'part', '', ( #612 ) ) ;
#1661 = CARTESIAN_POINT ( 'NONE',  ( 0.000000000000000000, 100.0000000000000000, 0.000000000000000000 ) ) ;
#1662 = DIRECTION ( 'NONE',  ( -1.000000000000000000, 0.000000000000000000, 6.591949208711866959E-16 ) ) ;
#1663 = LINE ( 'NONE', #2157, #1655 ) ;
#1664 = EDGE_CURVE ( 'NONE', #1994, #1975, #342, .T. ) ;
#1665 = DIRECTION ( 'NONE',  ( 1.000000000000000000, 0.000000000000000000, -1.224646799147352961E-16 ) ) ;
#1666 = ADVANCED_FACE ( 'NONE', ( #1387 ), #1545, .F. ) ;
#1667 = AXIS2_PLACEMENT_3D ( 'NONE', #489, #476, #1848 ) ;
#1668 = CARTESIAN_POINT ( 'NONE',  ( 0.000000000000000000, 0.000000000000000000, 32.00000000000000711 ) ) ;
#1669 = APPLICATION_CONTEXT ( 'automotive_design' ) ;
#1670 = ORIENTED_EDGE ( 'NONE', *, *, #378, .F. ) ;
#1671 = VERTEX_POINT ( 'NONE', #1708 ) ;
#1672 = CARTESIAN_POINT ( 'NONE',  ( -5.458002562049691249E-16, 0.000000000000000000, -5.000000000000000000 ) ) ;
#1673 = CLOSED_SHELL ( 'NONE', ( #53, #174, #1010, #624, #2209, #1589, #814 ) ) ;
#1674 = VECTOR ( 'NONE', #152, 1000.000000000000000 ) ;
#1675 = DIRECTION ( 'NONE',  ( 0.000000000000000000, -1.000000000000000000, 0.000000000000000000 ) ) ;
#1676 = CARTESIAN_POINT ( 'NONE',  ( -30.00000000000000711, 20.00000000000000355, 5.000000000000000000 ) ) ;
#1677 = DIRECTION ( 'NONE',  ( 1.000000000000000000, 0.000000000000000000, 0.000000000000000000 ) ) ;
#1678 = PRODUCT_DEFINITION ( 'UNKNOWN', '', #1454, #702 ) ;
#1679 = FACE_OUTER_BOUND ( 'NONE', #2204, .T. ) ;
#1680 = ORIENTED_EDGE ( 'NONE', *, *, #322, .F. ) ;
#1681 = ORIENTED_EDGE ( 'NONE', *, *, #709, .F. ) ;
#1682 = EDGE_CURVE ( 'NONE', #208, #381, #2046, .T. ) ;
#1683 = LINE ( 'NONE', #2164, #1240 ) ;
#1684 = CARTESIAN_POINT ( 'NONE',  ( -18.00000000000000711, 20.00000000000000355, 5.000000000000000000 ) ) ;
#1685 = CIRCLE ( 'NONE', #2083, 2.500000000000000000 ) ;
#1686 = DIRECTION ( 'NONE',  ( -6.591949208711866959E-16, 0.000000000000000000, -1.000000000000000000 ) ) ;
#1687 = PLANE ( 'NONE',  #84 ) ;
#1688 = LINE ( 'NONE', #2010, #1351 ) ;
#1689 = AXIS2_PLACEMENT_3D ( 'NONE', #916, #892, #1623 ) ;
#1690 = DIRECTION ( 'NONE',  ( -0.000000000000000000, 1.000000000000000000, 0.000000000000000000 ) ) ;
#1691 = CARTESIAN_POINT ( 'NONE',  ( -18.00000000000000711, 20.00000000000000355, -5.000000000000000000 ) ) ;
#1692 = VERTEX_POINT ( 'NONE', #505 ) ;
#1693 = VERTEX_POINT ( 'NONE', #1697 ) ;
#1694 = ADVANCED_FACE ( 'NONE', ( #842 ), #1188, .F. ) ;
#1695 = DIRECTION ( 'NONE',  ( 0.000000000000000000, 0.000000000000000000, 1.000000000000000000 ) ) ;
#1696 = CARTESIAN_POINT ( 'NONE',  ( 1.040834085586084257E-14, 4.336808689942017736E-16, 32.00000000000000711 ) ) ;
#1697 = CARTESIAN_POINT ( 'NONE',  ( -30.00000000000000711, 38.89999999999999147, 12.42640687119286014 ) ) ;
#1698 = CARTESIAN_POINT ( 'NONE',  ( 0.000000000000000000, 13.00000000000000000, -2.500000000000000444 ) ) ;
#1699 = CARTESIAN_POINT ( 'NONE',  ( 12.42640687119284593, 80.00000000000000000, -29.99999999999999645 ) ) ;
#1700 = DIRECTION ( 'NONE',  ( 0.000000000000000000, 0.000000000000000000, -1.000000000000000000 ) ) ;
#1701 = FACE_OUTER_BOUND ( 'NONE', #155, .T. ) ;
#1702 = EDGE_LOOP ( 'NONE', ( #2100, #1613, #419, #222 ) ) ;
#1703 = EDGE_LOOP ( 'NONE', ( #1049, #899, #2099, #1275 ) ) ;
#1704 = ADVANCED_FACE ( 'NONE', ( #354 ), #151, .T. ) ;
#1705 = CARTESIAN_POINT ( 'NONE',  ( -27.80330085889911373, 66.25000000000000000, 14.62310601229375528 ) ) ;
#1706 = DIRECTION ( 'NONE',  ( 0.000000000000000000, 0.000000000000000000, 1.000000000000000000 ) ) ;
#1707 = VECTOR ( 'NONE', #1675, 1000.000000000000000 ) ;
#1708 = CARTESIAN_POINT ( 'NONE',  ( 5.000000000000000000, 0.000000000000000000, -5.000000000000000000 ) ) ;
#1709 = EDGE_CURVE ( 'NONE', #360, #279, #183, .T. ) ;
#1710 = CARTESIAN_POINT ( 'NONE',  ( 0.000000000000000000, 100.0000000000000000, 0.000000000000000000 ) ) ;
#1711 = LINE ( 'NONE', #1515, #2150 ) ;
#1712 = ORIENTED_EDGE ( 'NONE', *, *, #309, .F. ) ;
#1713 = ORIENTED_EDGE ( 'NONE', *, *, #58, .T. ) ;
#1714 =( NAMED_UNIT ( * ) SI_UNIT ( $, .STERADIAN. ) SOLID_ANGLE_UNIT ( ) );
#1715 = ORIENTED_EDGE ( 'NONE', *, *, #1682, .F. ) ;
#1716 = PLANE ( 'NONE',  #1533 ) ;
#1717 = DIRECTION ( 'NONE',  ( 0.000000000000000000, 0.000000000000000000, 1.000000000000000000 ) ) ;
#1718 = CIRCLE ( 'NONE', #1142, 29.10490097808401799 ) ;
#1719 = DIRECTION ( 'NONE',  ( 0.8320502943378438321, 0.000000000000000000, 0.5547001962252288143 ) ) ;
#1720 = CARTESIAN_POINT ( 'NONE',  ( 0.000000000000000000, 13.00000000000000888, 0.000000000000000000 ) ) ;
#1721 = ORIENTED_EDGE ( 'NONE', *, *, #992, .T. ) ;
#1722 = VECTOR ( 'NONE', #914, 1000.000000000000000 ) ;
#1723 = EDGE_LOOP ( 'NONE', ( #247, #1093, #234, #516 ) ) ;
#1724 = ORIENTED_EDGE ( 'NONE', *, *, #1828, .T. ) ;
#1725 = CARTESIAN_POINT ( 'NONE',  ( -30.00000000000000711, 80.00000000000000000, 12.42640687119286014 ) ) ;
#1726 = DIRECTION ( 'NONE',  ( 0.000000000000000000, 0.000000000000000000, -1.000000000000000000 ) ) ;
#1727 = PRODUCT_DEFINITION_FORMATION_WITH_SPECIFIED_SOURCE ( 'ANY', '', #99, .NOT_KNOWN. ) ;
#1728 = EDGE_CURVE ( 'NONE', #238, #620, #647, .T. ) ;
#1729 = CARTESIAN_POINT ( 'NONE',  ( 0.000000000000000000, 80.00000000000000000, 0.000000000000000000 ) ) ;
#1730 = DIRECTION ( 'NONE',  ( 1.000000000000000000, 0.000000000000000000, -6.591949208711866959E-16 ) ) ;
#1731 = ADVANCED_FACE ( 'NONE', ( #676 ), #2073, .T. ) ;
#1732 = ORIENTED_EDGE ( 'NONE', *, *, #567, .T. ) ;
#1733 = EDGE_LOOP ( 'NONE', ( #1455, #1086, #701, #1262 ) ) ;
#1734 = VECTOR ( 'NONE', #1302, 1000.000000000000000 ) ;
#1735 = DIRECTION ( 'NONE',  ( 0.000000000000000000, 0.000000000000000000, 1.000000000000000000 ) ) ;
#1736 = CARTESIAN_POINT ( 'NONE',  ( 0.000000000000000000, 0.000000000000000000, 0.000000000000000000 ) ) ;
#1737 = VECTOR ( 'NONE', #315, 1000.000000000000000 ) ;
#1738 = AXIS2_PLACEMENT_3D ( 'NONE', #462, #643, #496 ) ;
#1739 = AXIS2_PLACEMENT_3D ( 'NONE', #1314, #1013, #130 ) ;
#1740 = CARTESIAN_POINT ( 'NONE',  ( 9.564119927985241858E-15, 60.00000000000000000, 32.00000000000000711 ) ) ;
#1741 = VERTEX_POINT ( 'NONE', #420 ) ;
#1742 = EDGE_CURVE ( 'NONE', #1168, #1281, #1945, .T. ) ;
#1743 = VERTEX_POINT ( 'NONE', #1099 ) ;
#1744 = CARTESIAN_POINT ( 'NONE',  ( 21.89486764018800002, 70.35295171904067502, 37.75223800153349885 ) ) ;
#1745 = ORIENTED_EDGE ( 'NONE', *, *, #1162, .F. ) ;
#1746 = DIRECTION ( 'NONE',  ( 0.7071067811865475727, -0.000000000000000000, 0.7071067811865474617 ) ) ;
#1747 = DIRECTION ( 'NONE',  ( -1.000000000000000000, -0.000000000000000000, -1.040834085586084503E-16 ) ) ;
#1748 = DIRECTION ( 'NONE',  ( -0.000000000000000000, -1.000000000000000000, -0.000000000000000000 ) ) ;
#1749 = AXIS2_PLACEMENT_3D ( 'NONE', #477, #148, #649 ) ;
#1750 = LINE ( 'NONE', #1048, #1059 ) ;
#1751 = EDGE_LOOP ( 'NONE', ( #1930, #813, #66, #2172 ) ) ;
#1752 = UNCERTAINTY_MEASURE_WITH_UNIT (LENGTH_MEASURE( 1.000000000000000082E-05 ), #300, 'distance_accuracy_value', 'NONE');
#1753 = AXIS2_PLACEMENT_3D ( 'NONE', #697, #2019, #518 ) ;
#1754 = VERTEX_POINT ( 'NONE', #1421 ) ;
#1755 = DIRECTION ( 'NONE',  ( 0.000000000000000000, 0.000000000000000000, 1.000000000000000000 ) ) ;
#1756 = EDGE_LOOP ( 'NONE', ( #258, #368 ) ) ;
#1757 = DIRECTION ( 'NONE',  ( 0.000000000000000000, 0.000000000000000000, 1.000000000000000000 ) ) ;
#1758 = ADVANCED_FACE ( 'NONE', ( #1076 ), #1276, .F. ) ;
#1759 = DIRECTION ( 'NONE',  ( -0.000000000000000000, -0.000000000000000000, 1.000000000000000000 ) ) ;
#1760 = CARTESIAN_POINT ( 'NONE',  ( 5.000000000000000000, 100.0000000000000000, 0.000000000000000000 ) ) ;
#1761 = CARTESIAN_POINT ( 'NONE',  ( -30.00000000000000711, 80.00000000000000000, -12.42640687119284770 ) ) ;
#1762 = SPHERICAL_SURFACE ( 'NONE', #1535, 50.00000000000000000 ) ;
#1763 = VERTEX_POINT ( 'NONE', #1783 ) ;
#1764 = ORIENTED_EDGE ( 'NONE', *, *, #1797, .T. ) ;
#1765 = SHAPE_DEFINITION_REPRESENTATION ( #1110, #563 ) ;
#1766 = VERTEX_POINT ( 'NONE', #1598 ) ;
#1767 = LINE ( 'NONE', #1943, #845 ) ;
#1768 = PRODUCT_RELATED_PRODUCT_CATEGORY ( 'part', '', ( #395 ) ) ;
#1769 = AXIS2_PLACEMENT_3D ( 'NONE', #1647, #323, #638 ) ;
#1770 = ORIENTED_EDGE ( 'NONE', *, *, #1995, .T. ) ;
#1771 = CARTESIAN_POINT ( 'NONE',  ( -12.42640687119286547, 0.000000000000000000, -29.99999999999999289 ) ) ;
#1772 = PRODUCT_DEFINITION_SHAPE ( 'NONE', 'NONE',  #979 ) ;
#1773 = CARTESIAN_POINT ( 'NONE',  ( 0.000000000000000000, 0.000000000000000000, 0.000000000000000000 ) ) ;
#1774 = DIRECTION ( 'NONE',  ( 0.000000000000000000, 0.000000000000000000, -1.000000000000000000 ) ) ;
#1775 = CIRCLE ( 'NONE', #920, 3.749999999999996447 ) ;
#1776 = VERTEX_POINT ( 'NONE', #410 ) ;
#1777 = AXIS2_PLACEMENT_3D ( 'NONE', #431, #122, #1665 ) ;
#1778 = ORIENTED_EDGE ( 'NONE', *, *, #3, .F. ) ;
#1779 = EDGE_LOOP ( 'NONE', ( #1847, #2126, #2002, #1257 ) ) ;
#1780 = LINE ( 'NONE', #1953, #954 ) ;
#1781 = APPLICATION_CONTEXT ( 'automotive_design' ) ;
#1782 = ORIENTED_EDGE ( 'NONE', *, *, #651, .F. ) ;
#1783 = CARTESIAN_POINT ( 'NONE',  ( -10.00000000000000178, 41.09999999999999432, -5.099999999999999645 ) ) ;
#1784 = CARTESIAN_POINT ( 'NONE',  ( 5.000000000000000888, 2.000000000000000000, 3.333333333333332149 ) ) ;
#1785 = CARTESIAN_POINT ( 'NONE',  ( 0.000000000000000000, 13.00000000000000000, 0.000000000000000000 ) ) ;
#1786 = FACE_OUTER_BOUND ( 'NONE', #1703, .T. ) ;
#1787 = EDGE_CURVE ( 'NONE', #1017, #671, #54, .T. ) ;
#1788 = ORIENTED_EDGE ( 'NONE', *, *, #912, .T. ) ;
#1789 = EDGE_LOOP ( 'NONE', ( #2056, #1681, #171, #1327 ) ) ;
#1790 = ORIENTED_EDGE ( 'NONE', *, *, #1709, .T. ) ;
#1791 = CYLINDRICAL_SURFACE ( 'NONE', #1596, 2.500000000000000444 ) ;
#1792 = VECTOR ( 'NONE', #89, 1000.000000000000000 ) ;
#1793 = LINE ( 'NONE', #782, #1977 ) ;
#1794 =( NAMED_UNIT ( * ) SI_UNIT ( $, .STERADIAN. ) SOLID_ANGLE_UNIT ( ) );
#1795 = CARTESIAN_POINT ( 'NONE',  ( 5.000000000000000888, 2.000000000000000000, 3.333333333333332149 ) ) ;
#1796 = DIRECTION ( 'NONE',  ( 0.000000000000000000, 0.000000000000000000, 1.000000000000000000 ) ) ;
#1797 = EDGE_CURVE ( 'NONE', #1692, #566, #1087, .T. ) ;
#1798 =( GEOMETRIC_REPRESENTATION_CONTEXT ( 3 ) GLOBAL_UNCERTAINTY_ASSIGNED_CONTEXT ( ( #2003 ) ) GLOBAL_UNIT_ASSIGNED_CONTEXT ( ( #352, #853, #1714 ) ) REPRESENTATION_CONTEXT ( 'NONE', 'WORKASPACE' ) );
#1799 = EDGE_CURVE ( 'NONE', #620, #2026, #1144, .T. ) ;
#1800 = EDGE_LOOP ( 'NONE', ( #2116, #635, #730, #1955 ) ) ;
#1801 = PLANE ( 'NONE',  #917 ) ;
#1802 = PLANE ( 'NONE',  #223 ) ;
#1803 = CARTESIAN_POINT ( 'NONE',  ( 0.000000000000000000, 0.000000000000000000, 0.000000000000000000 ) ) ;
#1804 = LINE ( 'NONE', #904, #754 ) ;
#1805 = DIRECTION ( 'NONE',  ( 9.654149949482787349E-17, 1.000000000000000000, -0.000000000000000000 ) ) ;
#1806 = CARTESIAN_POINT ( 'NONE',  ( 5.000000000000000000, 100.0000000000000000, -5.000000000000000000 ) ) ;
#1807 = PRODUCT_DEFINITION_SHAPE ( 'NONE', 'NONE',  #2217 ) ;
#1808 = AXIS2_PLACEMENT_3D ( 'NONE', #268, #2103, #1292 ) ;
#1809 = CIRCLE ( 'NONE', #1738, 227.0833333333332007 ) ;
#1810 = VERTEX_POINT ( 'NONE', #936 ) ;
#1811 = COLOUR_RGB ( '',0.7921568627450980005, 0.8196078431372548767, 0.9333333333333333481 ) ;
#1812 = DIRECTION ( 'NONE',  ( -1.000000000000000000, 0.000000000000000000, 0.000000000000000000 ) ) ;
#1813 = EDGE_CURVE ( 'NONE', #1444, #1766, #2082, .T. ) ;
#1814 = CARTESIAN_POINT ( 'NONE',  ( -4.999999999999990230, 60.00000000000000000, 30.00000000000000711 ) ) ;
#1815 = CARTESIAN_POINT ( 'NONE',  ( -5.000000000000002665, -10.00000000000000000, 0.000000000000000000 ) ) ;
#1816 = LINE ( 'NONE', #1999, #594 ) ;
#1817 = CYLINDRICAL_SURFACE ( 'NONE', #1585, 2.600000000000000089 ) ;
#1818 = DIRECTION ( 'NONE',  ( 1.000000000000000000, 0.000000000000000000, 0.000000000000000000 ) ) ;
#1819 = ORIENTED_EDGE ( 'NONE', *, *, #943, .F. ) ;
#1820 = UNCERTAINTY_MEASURE_WITH_UNIT (LENGTH_MEASURE( 1.000000000000000082E-05 ), #1489, 'distance_accuracy_value', 'NONE');
#1821 = ORIENTED_EDGE ( 'NONE', *, *, #1901, .T. ) ;
#1822 = FILL_AREA_STYLE_COLOUR ( '', #344 ) ;
#1823 = AXIS2_PLACEMENT_3D ( 'NONE', #1191, #1399, #2035 ) ;
#1824 = EDGE_CURVE ( 'NONE', #1459, #925, #1956, .T. ) ;
#1825 = DIRECTION ( 'NONE',  ( -1.000000000000000000, 9.654149949482787349E-17, 0.000000000000000000 ) ) ;
#1826 = DIRECTION ( 'NONE',  ( 0.000000000000000000, 1.000000000000000000, -0.000000000000000000 ) ) ;
#1827 = DIRECTION ( 'NONE',  ( 0.000000000000000000, 0.000000000000000000, -1.000000000000000000 ) ) ;
#1828 = EDGE_CURVE ( 'NONE', #1212, #19, #732, .T. ) ;
#1829 = CARTESIAN_POINT ( 'NONE',  ( 4.437102403755920420E-15, 68.00000000000000000, -5.099999999999996092 ) ) ;
#1830 = FACE_OUTER_BOUND ( 'NONE', #455, .T. ) ;
#1831 =( NAMED_UNIT ( * ) SI_UNIT ( $, .STERADIAN. ) SOLID_ANGLE_UNIT ( ) );
#1832 = ADVANCED_BREP_SHAPE_REPRESENTATION ( '', ( #1195, #1407 ), #57 ) ;
#1833 = CARTESIAN_POINT ( 'NONE',  ( 0.000000000000000000, 0.000000000000000000, -2.500000000000000444 ) ) ;
#1834 = VERTEX_POINT ( 'NONE', #251 ) ;
#1835 = VERTEX_POINT ( 'NONE', #1934 ) ;
#1836 = LINE ( 'NONE', #114, #479 ) ;
#1837 = DIRECTION ( 'NONE',  ( -0.000000000000000000, -1.000000000000000000, -0.000000000000000000 ) ) ;
#1838 = DIRECTION ( 'NONE',  ( 1.000000000000000000, -0.000000000000000000, 0.000000000000000000 ) ) ;
#1839 = ADVANCED_FACE ( 'NONE', ( #227 ), #239, .F. ) ;
#1840 = LINE ( 'NONE', #988, #1707 ) ;
#1841 = LINE ( 'NONE', #305, #831 ) ;
#1842 = VECTOR ( 'NONE', #392, 1000.000000000000000 ) ;
#1843 = PRODUCT_DEFINITION_CONTEXT ( 'detailed design', #996, 'design' ) ;
#1844 = DIRECTION ( 'NONE',  ( -0.000000000000000000, 1.000000000000000000, 3.469446951953613203E-16 ) ) ;
#1845 = VERTEX_POINT ( 'NONE', #539 ) ;
#1846 = VECTOR ( 'NONE', #1827, 1000.000000000000000 ) ;
#1847 = ORIENTED_EDGE ( 'NONE', *, *, #1216, .T. ) ;
#1848 = DIRECTION ( 'NONE',  ( 0.000000000000000000, -1.734723475976806848E-16, -1.000000000000000000 ) ) ;
#1849 = CARTESIAN_POINT ( 'NONE',  ( 29.99999999999998579, 0.000000000000000000, -25.00000000000001066 ) ) ;
#1850 = VECTOR ( 'NONE', #265, 1000.000000000000000 ) ;
#1851 = FACE_OUTER_BOUND ( 'NONE', #922, .T. ) ;
#1852 = PLANE ( 'NONE',  #1042 ) ;
#1853 = PLANE ( 'NONE',  #2184 ) ;
#1854 = CARTESIAN_POINT ( 'NONE',  ( 4.437102403755920420E-15, 80.00000000000000000, -5.099999999999996092 ) ) ;
#1855 = ADVANCED_FACE ( 'NONE', ( #550 ), #1911, .F. ) ;
#1856 = ORIENTED_EDGE ( 'NONE', *, *, #1412, .T. ) ;
#1857 = ORIENTED_EDGE ( 'NONE', *, *, #1320, .F. ) ;
#1858 = FACE_OUTER_BOUND ( 'NONE', #1723, .T. ) ;
#1859 = CARTESIAN_POINT ( 'NONE',  ( -30.00000000000000711, 63.75000000000000000, 12.42640687119286014 ) ) ;
#1860 = DIRECTION ( 'NONE',  ( 1.000000000000000000, 0.000000000000000000, 0.000000000000000000 ) ) ;
#1861 = CARTESIAN_POINT ( 'NONE',  ( 30.00000000000000000, 2.000000000000000000, 24.99999999999998934 ) ) ;
#1862 = CARTESIAN_POINT ( 'NONE',  ( 5.000000000000000000, 2.000000000000000000, -3.333333333333323711 ) ) ;
#1863 = DIRECTION ( 'NONE',  ( -0.000000000000000000, -1.000000000000000000, -0.000000000000000000 ) ) ;
#1864 = FACE_OUTER_BOUND ( 'NONE', #2194, .T. ) ;
#1865 = VECTOR ( 'NONE', #1296, 1000.000000000000000 ) ;
#1866 = LINE ( 'NONE', #1833, #383 ) ;
#1867 = EDGE_CURVE ( 'NONE', #2088, #1372, #1433, .T. ) ;
#1868 = ORIENTED_EDGE ( 'NONE', *, *, #1320, .T. ) ;
#1869 = ORIENTED_EDGE ( 'NONE', *, *, #1270, .T. ) ;
#1870 = ADVANCED_FACE ( 'NONE', ( #2095 ), #371, .T. ) ;
#1871 =( NAMED_UNIT ( * ) SI_UNIT ( $, .STERADIAN. ) SOLID_ANGLE_UNIT ( ) );
#1873 = ADVANCED_FACE ( 'NONE', ( #215 ), #12, .T. ) ;
#1872 = CARTESIAN_POINT ( 'NONE',  ( -24.90000000000000568, 0.000000000000000000, 0.000000000000000000 ) ) ;
#1874 = CARTESIAN_POINT ( 'NONE',  ( 21.89486764018800002, 0.3529517190406644689, 37.75223800153348463 ) ) ;
#1875 = DIRECTION ( 'NONE',  ( 0.000000000000000000, 0.000000000000000000, 1.000000000000000000 ) ) ;
#1876 = PRODUCT_DEFINITION_FORMATION_WITH_SPECIFIED_SOURCE ( 'ANY', '', #2123, .NOT_KNOWN. ) ;
#1877 = CARTESIAN_POINT ( 'NONE',  ( 0.000000000000000000, 0.000000000000000000, 0.000000000000000000 ) ) ;
#1878 = LINE ( 'NONE', #970, #1890 ) ;
#1879 = FACE_BOUND ( 'NONE', #1733, .T. ) ;
#1880 = CARTESIAN_POINT ( 'NONE',  ( -26.25000000000001066, 70.00000000000000000, 16.17640687119285658 ) ) ;
#1881 = VECTOR ( 'NONE', #1529, 1000.000000000000000 ) ;
#1882 = VERTEX_POINT ( 'NONE', #902 ) ;
#1883 = VERTEX_POINT ( 'NONE', #573 ) ;
#1884 = DIRECTION ( 'NONE',  ( 0.000000000000000000, 1.734723475976806848E-16, 1.000000000000000000 ) ) ;
#1885 = ORIENTED_EDGE ( 'NONE', *, *, #705, .F. ) ;
#1886 =( LENGTH_UNIT ( ) NAMED_UNIT ( * ) SI_UNIT ( .MILLI., .METRE. ) );
#1887 = ORIENTED_EDGE ( 'NONE', *, *, #1960, .T. ) ;
#1888 = DIRECTION ( 'NONE',  ( 0.000000000000000000, 0.000000000000000000, -1.000000000000000000 ) ) ;
#1889 = VECTOR ( 'NONE', #795, 1000.000000000000000 ) ;
#1890 = VECTOR ( 'NONE', #1350, 1000.000000000000000 ) ;
#1891 = DIRECTION ( 'NONE',  ( -1.804112415015879132E-16, 0.000000000000000000, -1.000000000000000000 ) ) ;
#1892 = CARTESIAN_POINT ( 'NONE',  ( 9.564119927985241858E-15, 60.00000000000000000, 32.00000000000000711 ) ) ;
#1893 = CARTESIAN_POINT ( 'NONE',  ( -4.999999999999989342, 0.000000000000000000, 32.00000000000000711 ) ) ;
#1894 = VERTEX_POINT ( 'NONE', #1265 ) ;
#1895 = DIRECTION ( 'NONE',  ( 1.224646799147353207E-16, -1.182292383412267776E-32, -1.000000000000000000 ) ) ;
#1896 = EDGE_LOOP ( 'NONE', ( #1072, #2128, #985, #232 ) ) ;
#1897 = DIRECTION ( 'NONE',  ( 0.000000000000000000, 0.000000000000000000, 1.000000000000000000 ) ) ;
#1898 = ORIENTED_EDGE ( 'NONE', *, *, #199, .T. ) ;
#1899 = LINE ( 'NONE', #1395, #2148 ) ;
#1900 = ADVANCED_FACE ( 'NONE', ( #1479 ), #977, .T. ) ;
#1901 = EDGE_CURVE ( 'NONE', #1604, #1017, #1793, .T. ) ;
#1902 = CARTESIAN_POINT ( 'NONE',  ( -3.924984558220784279E-15, 9.093440688329991417, 0.000000000000000000 ) ) ;
#1903 = ADVANCED_FACE ( 'NONE', ( #1109, #261 ), #964, .F. ) ;
#1904 = DIRECTION ( 'NONE',  ( 0.8333301183313625016, 0.000000000000000000, -0.5527756451598038190 ) ) ;
#1905 = AXIS2_PLACEMENT_3D ( 'NONE', #1729, #531, #195 ) ;
#1906 = ORIENTED_EDGE ( 'NONE', *, *, #1413, .T. ) ;
#1907 = VECTOR ( 'NONE', #2176, 1000.000000000000114 ) ;
#1908 = ORIENTED_EDGE ( 'NONE', *, *, #1938, .T. ) ;
#1909 =( LENGTH_UNIT ( ) NAMED_UNIT ( * ) SI_UNIT ( .MILLI., .METRE. ) );
#1910 = PLANE ( 'NONE',  #273 ) ;
#1911 = PLANE ( 'NONE',  #823 ) ;
#1912 = PRODUCT_RELATED_PRODUCT_CATEGORY ( 'part', '', ( #1422 ) ) ;
#1913 = DIRECTION ( 'NONE',  ( -1.000000000000000000, 0.000000000000000000, 0.000000000000000000 ) ) ;
#1914 = DIRECTION ( 'NONE',  ( -1.000000000000000000, 0.000000000000000000, 0.000000000000000000 ) ) ;
#1915 = EDGE_CURVE ( 'NONE', #1944, #113, #469, .T. ) ;
#1916 = ORIENTED_EDGE ( 'NONE', *, *, #1576, .T. ) ;
#1917 = MANIFOLD_SOLID_BREP ( 'Boss-Extrude1', #160 ) ;
#1918 = EDGE_LOOP ( 'NONE', ( #1885, #2114, #2173, #93 ) ) ;
#1919 = AXIS2_PLACEMENT_3D ( 'NONE', #2115, #571, #1263 ) ;
#1920 = ITEM_DEFINED_TRANSFORMATION ( 'NONE', 'NONE', #1151,  #1407 ) ;
#1921 = VERTEX_POINT ( 'NONE', #1814 ) ;
#1922 = CARTESIAN_POINT ( 'NONE',  ( -18.00000000000000711, 60.00000000000000711, 12.42640687119286014 ) ) ;
#1923 = DIRECTION ( 'NONE',  ( -0.000000000000000000, -1.000000000000000000, -0.000000000000000000 ) ) ;
#1924 = LINE ( 'NONE', #1228, #665 ) ;
#1925 = VECTOR ( 'NONE', #1056, 1000.000000000000000 ) ;
#1926 = VECTOR ( 'NONE', #59, 1000.000000000000000 ) ;
#1927 = PLANE ( 'NONE',  #2030 ) ;
#1928 = ORIENTED_EDGE ( 'NONE', *, *, #745, .T. ) ;
#1929 = ADVANCED_FACE ( 'NONE', ( #1149, #1129 ), #439, .F. ) ;
#1930 = ORIENTED_EDGE ( 'NONE', *, *, #1369, .F. ) ;
#1931 = DIRECTION ( 'NONE',  ( -0.2449949842604225991, 2.365218314921303889E-17, 0.9695243461034054322 ) ) ;
#1932 = ORIENTED_EDGE ( 'NONE', *, *, #1306, .F. ) ;
#1933 = DIRECTION ( 'NONE',  ( -0.000000000000000000, -1.000000000000000000, -0.000000000000000000 ) ) ;
#1934 = CARTESIAN_POINT ( 'NONE',  ( 1.258312158810909859E-15, 2.000000000000000000, 5.000000000000000000 ) ) ;
#1935 = CIRCLE ( 'NONE', #968, 2.600000000000000089 ) ;
#1936 = CARTESIAN_POINT ( 'NONE',  ( -4.999999999999994671, 10.00000000000000000, 0.000000000000000000 ) ) ;
#1937 = ORIENTED_EDGE ( 'NONE', *, *, #2168, .T. ) ;
#1938 = EDGE_CURVE ( 'NONE', #1570, #1810, #1978, .T. ) ;
#1939 = AXIS2_PLACEMENT_3D ( 'NONE', #1215, #1726, #316 ) ;
#1940 = ORIENTED_EDGE ( 'NONE', *, *, #1787, .F. ) ;
#1941 = PRODUCT_CONTEXT ( 'NONE', #1669, 'mechanical' ) ;
#1942 = ORIENTED_EDGE ( 'NONE', *, *, #244, .F. ) ;
#1943 = CARTESIAN_POINT ( 'NONE',  ( 29.99999999999998579, 2.000000000000000000, -25.00000000000001066 ) ) ;
#1944 = VERTEX_POINT ( 'NONE', #627 ) ;
#1945 = LINE ( 'NONE', #1736, #789 ) ;
#1946 = CARTESIAN_POINT ( 'NONE',  ( -30.00000000000000711, 80.00000000000000000, 12.42640687119286014 ) ) ;
#1947 = LINE ( 'NONE', #2133, #434 ) ;
#1948 = CARTESIAN_POINT ( 'NONE',  ( 30.00000000000000711, 0.000000000000000000, 19.99999999999998934 ) ) ;
#1949 = ORIENTED_EDGE ( 'NONE', *, *, #1153, .T. ) ;
#1950 = EDGE_LOOP ( 'NONE', ( #134, #626 ) ) ;
#1951 = APPLICATION_PROTOCOL_DEFINITION ( 'draft international standard', 'automotive_design', 1998, #1434 ) ;
#1952 = VERTEX_POINT ( 'NONE', #639 ) ;
#1953 = CARTESIAN_POINT ( 'NONE',  ( -18.00000000000000711, 20.00000000000000355, -5.000000000000000000 ) ) ;
#1954 = PRESENTATION_LAYER_ASSIGNMENT (  '', '', ( #1307 ) ) ;
#1955 = ORIENTED_EDGE ( 'NONE', *, *, #722, .F. ) ;
#1956 = LINE ( 'NONE', #560, #2198 ) ;
#1957 = SHAPE_REPRESENTATION ( 'Dish P2', ( #1407 ), #2016 ) ;
#1958 = LINE ( 'NONE', #1773, #180 ) ;
#1959 = MANIFOLD_SOLID_BREP ( 'Fillet1', #948 ) ;
#1960 = EDGE_CURVE ( 'NONE', #1603, #31, #1269, .T. ) ;
#1961 = CARTESIAN_POINT ( 'NONE',  ( -5.458002562049691249E-16, 2.000000000000000000, -5.000000000000000000 ) ) ;
#1962 = DIRECTION ( 'NONE',  ( -0.8333301183313625016, 0.000000000000000000, 0.5527756451598038190 ) ) ;
#1963 = STYLED_ITEM ( 'NONE', ( #2034 ), #438 ) ;
#1964 = ORIENTED_EDGE ( 'NONE', *, *, #967, .T. ) ;
#1965 = VERTEX_POINT ( 'NONE', #1761 ) ;
#1966 = DIRECTION ( 'NONE',  ( 9.654149949482787349E-17, 1.000000000000000000, -0.000000000000000000 ) ) ;
#1967 = CARTESIAN_POINT ( 'NONE',  ( 0.000000000000000000, 0.000000000000000000, -29.99999999999999645 ) ) ;
#1968 = EDGE_CURVE ( 'NONE', #824, #60, #2048, .T. ) ;
#1969 = CARTESIAN_POINT ( 'NONE',  ( -9.654149949482792526E-16, -10.00000000000000355, 0.000000000000000000 ) ) ;
#1970 = EDGE_CURVE ( 'NONE', #1268, #1017, #1947, .T. ) ;
#1971 = DIRECTION ( 'NONE',  ( 0.000000000000000000, 1.000000000000000000, 0.000000000000000000 ) ) ;
#1972 = EDGE_CURVE ( 'NONE', #1608, #897, #648, .T. ) ;
#1973 = VECTOR ( 'NONE', #1884, 1000.000000000000000 ) ;
#1974 = PRODUCT_DEFINITION_SHAPE ( 'NONE', 'NONE',  #2218 ) ;
#1975 = VERTEX_POINT ( 'NONE', #1961 ) ;
#1976 = DIRECTION ( 'NONE',  ( 0.000000000000000000, 0.000000000000000000, 1.000000000000000000 ) ) ;
#1977 = VECTOR ( 'NONE', #1837, 1000.000000000000000 ) ;
#1978 = LINE ( 'NONE', #1120, #1907 ) ;
#1979 = FACE_OUTER_BOUND ( 'NONE', #1751, .T. ) ;
#1980 = CARTESIAN_POINT ( 'NONE',  ( 0.000000000000000000, 0.000000000000000000, 0.000000000000000000 ) ) ;
#1981 = DIRECTION ( 'NONE',  ( 1.301042606982607539E-16, 0.000000000000000000, 1.000000000000000000 ) ) ;
#1982 = DIRECTION ( 'NONE',  ( 0.000000000000000000, 0.000000000000000000, 1.000000000000000000 ) ) ;
#1983 = AXIS2_PLACEMENT_3D ( 'NONE', #1418, #898, #739 ) ;
#1984 = EDGE_CURVE ( 'NONE', #884, #2092, #1008, .T. ) ;
#1985 = EDGE_LOOP ( 'NONE', ( #1456, #266, #213, #602 ) ) ;
#1986 = DIRECTION ( 'NONE',  ( 1.000000000000000000, 0.000000000000000000, 0.000000000000000000 ) ) ;
#1987 = DIRECTION ( 'NONE',  ( -0.000000000000000000, -1.000000000000000000, -0.000000000000000000 ) ) ;
#1988 = DIRECTION ( 'NONE',  ( -0.000000000000000000, -1.000000000000000000, -0.000000000000000000 ) ) ;
#1989 = DIRECTION ( 'NONE',  ( 0.000000000000000000, 0.000000000000000000, -1.000000000000000000 ) ) ;
#1990 = CARTESIAN_POINT ( 'NONE',  ( 4.999999999999988454, -4.827074974741382458E-16, 6.123233995736757408E-16 ) ) ;
#1991 = VECTOR ( 'NONE', #891, 1000.000000000000000 ) ;
#1992 = ADVANCED_FACE ( 'NONE', ( #631 ), #1817, .F. ) ;
#1993 = ORIENTED_EDGE ( 'NONE', *, *, #497, .T. ) ;
#1994 = VERTEX_POINT ( 'NONE', #1289 ) ;
#1995 = EDGE_CURVE ( 'NONE', #20, #19, #264, .T. ) ;
#1996 =( LENGTH_UNIT ( ) NAMED_UNIT ( * ) SI_UNIT ( .MILLI., .METRE. ) );
#1997 = FILL_AREA_STYLE ('',( #107 ) ) ;
#1998 = CARTESIAN_POINT ( 'NONE',  ( -27.80330085889911373, 63.75000000000000000, 14.62310601229375173 ) ) ;
#1999 = CARTESIAN_POINT ( 'NONE',  ( 0.000000000000000000, 100.0000000000000000, 0.000000000000000000 ) ) ;
#2000 = SURFACE_STYLE_USAGE ( .BOTH. , #330 ) ;
#2001 = ORIENTED_EDGE ( 'NONE', *, *, #446, .T. ) ;
#2002 = ORIENTED_EDGE ( 'NONE', *, *, #355, .F. ) ;
#2003 = UNCERTAINTY_MEASURE_WITH_UNIT (LENGTH_MEASURE( 1.000000000000000082E-05 ), #352, 'distance_accuracy_value', 'NONE');
#2004 = EDGE_LOOP ( 'NONE', ( #29, #1964, #1745, #811 ) ) ;
#2005 = CARTESIAN_POINT ( 'NONE',  ( 0.000000000000000000, 0.000000000000000000, -5.000000000000000000 ) ) ;
#2006 = AXIS2_PLACEMENT_3D ( 'NONE', #345, #2212, #832 ) ;
#2007 = FILL_AREA_STYLE_COLOUR ( '', #1551 ) ;
#2008 = DIRECTION ( 'NONE',  ( 0.000000000000000000, 0.000000000000000000, -1.000000000000000000 ) ) ;
#2009 = CARTESIAN_POINT ( 'NONE',  ( 0.000000000000000000, 39.00000000000000000, 0.000000000000000000 ) ) ;
#2010 = CARTESIAN_POINT ( 'NONE',  ( 3.061616997868383634E-16, 0.000000000000000000, 2.500000000000000444 ) ) ;
#2011 = APPLICATION_CONTEXT ( 'automotive_design' ) ;
#2012 = DIRECTION ( 'NONE',  ( 1.000000000000000000, 0.000000000000000000, -0.000000000000000000 ) ) ;
#2013 = VERTEX_POINT ( 'NONE', #1473 ) ;
#2014 = ORIENTED_EDGE ( 'NONE', *, *, #1970, .F. ) ;
#2015 = PLANE ( 'NONE',  #698 ) ;
#2016 =( GEOMETRIC_REPRESENTATION_CONTEXT ( 3 ) GLOBAL_UNCERTAINTY_ASSIGNED_CONTEXT ( ( #1041 ) ) GLOBAL_UNIT_ASSIGNED_CONTEXT ( ( #1171, #1333, #339 ) ) REPRESENTATION_CONTEXT ( 'NONE', 'WORKASPACE' ) );
#2017 = CARTESIAN_POINT ( 'NONE',  ( -9.654149949482792526E-16, -10.00000000000000355, 0.000000000000000000 ) ) ;
#2018 = PLANE ( 'NONE',  #68 ) ;
#2019 = DIRECTION ( 'NONE',  ( -1.000000000000000000, 0.000000000000000000, 0.000000000000000000 ) ) ;
#2020 = DIRECTION ( 'NONE',  ( 0.000000000000000000, 1.000000000000000000, 0.000000000000000000 ) ) ;
#2021 = ADVANCED_FACE ( 'NONE', ( #1830 ), #285, .F. ) ;
#2022 = VECTOR ( 'NONE', #428, 1000.000000000000114 ) ;
#2023 = CARTESIAN_POINT ( 'NONE',  ( -12.42640687119286191, 0.000000000000000000, 30.00000000000000711 ) ) ;
#2024 = EDGE_LOOP ( 'NONE', ( #1376, #1993, #71, #1778 ) ) ;
#2025 = VECTOR ( 'NONE', #1386, 1000.000000000000000 ) ;
#2026 = VERTEX_POINT ( 'NONE', #459 ) ;
#2027 = CARTESIAN_POINT ( 'NONE',  ( -35.00000000000000000, 20.00000000000000355, -5.000000000000000000 ) ) ;
#2028 = AXIS2_PLACEMENT_3D ( 'NONE', #1691, #2213, #308 ) ;
#2029 = DIRECTION ( 'NONE',  ( 0.000000000000000000, 0.000000000000000000, -1.000000000000000000 ) ) ;
#2030 = AXIS2_PLACEMENT_3D ( 'NONE', #387, #564, #399 ) ;
#2031 = CARTESIAN_POINT ( 'NONE',  ( -30.00000000000000711, 5.099999999999993427, 12.42640687119286014 ) ) ;
#2032 = CARTESIAN_POINT ( 'NONE',  ( -27.80330085889911373, 56.25000000000000000, 14.62310601229375173 ) ) ;
#2033 = ADVANCED_FACE ( 'NONE', ( #2159 ), #121, .T. ) ;
#2034 = PRESENTATION_STYLE_ASSIGNMENT (( #2000 ) ) ;
#2035 = DIRECTION ( 'NONE',  ( -1.000000000000000000, 0.000000000000000000, 0.000000000000000000 ) ) ;
#2036 = EDGE_CURVE ( 'NONE', #1671, #1168, #949, .T. ) ;
#2037 = DIRECTION ( 'NONE',  ( -0.000000000000000000, -1.000000000000000000, -0.000000000000000000 ) ) ;
#2038 = EDGE_CURVE ( 'NONE', #1810, #311, #274, .T. ) ;
#2039 = VERTEX_POINT ( 'NONE', #102 ) ;
#2040 = ORIENTED_EDGE ( 'NONE', *, *, #13, .T. ) ;
#2041 = CARTESIAN_POINT ( 'NONE',  ( -24.90000000000000568, 5.099999999999999645, -17.52640687119284735 ) ) ;
#2042 = AXIS2_PLACEMENT_3D ( 'NONE', #1197, #862, #1530 ) ;
#2043 =( NAMED_UNIT ( * ) SI_UNIT ( $, .STERADIAN. ) SOLID_ANGLE_UNIT ( ) );
#2044 = ORIENTED_EDGE ( 'NONE', *, *, #1153, .F. ) ;
#2045 = PLANE ( 'NONE',  #482 ) ;
#2046 = LINE ( 'NONE', #1035, #903 ) ;
#2047 = CARTESIAN_POINT ( 'NONE',  ( -4.999999999999990230, 60.00000000000000000, 32.00000000000000711 ) ) ;
#2048 = CIRCLE ( 'NONE', #115, 28.81385196830317952 ) ;
#2049 = CARTESIAN_POINT ( 'NONE',  ( 0.000000000000000000, 13.00000000000000888, 0.000000000000000000 ) ) ;
#2050 = VECTOR ( 'NONE', #1114, 1000.000000000000114 ) ;
#2051 = CARTESIAN_POINT ( 'NONE',  ( 130.0000000000000000, 0.000000000000000000, 24.99999999999992539 ) ) ;
#2052 = ORIENTED_EDGE ( 'NONE', *, *, #1245, .T. ) ;
#2053 = ORIENTED_EDGE ( 'NONE', *, *, #1728, .F. ) ;
#2054 = EDGE_CURVE ( 'NONE', #925, #1636, #958, .T. ) ;
#2055 = DIRECTION ( 'NONE',  ( -0.000000000000000000, 1.000000000000000000, -0.000000000000000000 ) ) ;
#2056 = ORIENTED_EDGE ( 'NONE', *, *, #1938, .F. ) ;
#2057 = VERTEX_POINT ( 'NONE', #443 ) ;
#2058 = DIRECTION ( 'NONE',  ( 1.000000000000000000, 8.673617379884035472E-17, -0.000000000000000000 ) ) ;
#2059 = CARTESIAN_POINT ( 'NONE',  ( 0.000000000000000000, 100.0000000000000000, 0.000000000000000000 ) ) ;
#2060 = PLANE ( 'NONE',  #79 ) ;
#2061 = CARTESIAN_POINT ( 'NONE',  ( -4.999999999999990230, 60.00000000000000000, 32.00000000000000711 ) ) ;
#2062 = CIRCLE ( 'NONE', #1385, 5.000000000000001776 ) ;
#2063 = ORIENTED_EDGE ( 'NONE', *, *, #2094, .T. ) ;
#2064 = ADVANCED_FACE ( 'NONE', ( #1482 ), #110, .T. ) ;
#2065 = CARTESIAN_POINT ( 'NONE',  ( -30.00000000000000711, 66.25000000000000000, 12.42640687119286014 ) ) ;
#2066 = EDGE_CURVE ( 'NONE', #522, #1693, #2169, .T. ) ;
#2067 = ORIENTED_EDGE ( 'NONE', *, *, #2137, .T. ) ;
#2068 =( LENGTH_UNIT ( ) NAMED_UNIT ( * ) SI_UNIT ( .MILLI., .METRE. ) );
#2069 = ORIENTED_EDGE ( 'NONE', *, *, #886, .T. ) ;
#2070 = CARTESIAN_POINT ( 'NONE',  ( 5.000000000000000000, 2.000000000000000000, -3.333333333333323711 ) ) ;
#2071 = AXIS2_PLACEMENT_3D ( 'NONE', #1304, #161, #302 ) ;
#2072 = VECTOR ( 'NONE', #1631, 1000.000000000000000 ) ;
#2073 = PLANE ( 'NONE',  #2087 ) ;
#2074 = DIRECTION ( 'NONE',  ( 0.000000000000000000, -0.000000000000000000, -1.000000000000000000 ) ) ;
#2075 = CARTESIAN_POINT ( 'NONE',  ( 6.254710617342683496E-15, 68.00000000000000000, 5.100000000000004086 ) ) ;
#2076 = APPLICATION_CONTEXT ( 'automotive_design' ) ;
#2077 = EDGE_LOOP ( 'NONE', ( #1680, #546, #1732, #913, #1052, #749, #568, #1084 ) ) ;
#2078 = VERTEX_POINT ( 'NONE', #1676 ) ;
#2079 = CARTESIAN_POINT ( 'NONE',  ( 21.89486764018801068, 0.3529517190406610272, 37.75223800153348463 ) ) ;
#2080 = VERTEX_POINT ( 'NONE', #1829 ) ;
#2081 = DIRECTION ( 'NONE',  ( -0.7071067811865474617, 0.000000000000000000, -0.7071067811865474617 ) ) ;
#2082 = LINE ( 'NONE', #1410, #941 ) ;
#2083 = AXIS2_PLACEMENT_3D ( 'NONE', #1980, #2119, #441 ) ;
#2084 = EDGE_CURVE ( 'NONE', #1921, #1592, #1663, .T. ) ;
#2085 = DIRECTION ( 'NONE',  ( 0.000000000000000000, -1.000000000000000000, 0.000000000000000000 ) ) ;
#2086 = CARTESIAN_POINT ( 'NONE',  ( -18.00000000000000711, 60.00000000000000711, 8.676406871192863690 ) ) ;
#2087 = AXIS2_PLACEMENT_3D ( 'NONE', #1877, #393, #890 ) ;
#2088 = VERTEX_POINT ( 'NONE', #1645 ) ;
#2089 = CIRCLE ( 'NONE', #257, 2.600000000000000089 ) ;
#2090 = ORIENTED_EDGE ( 'NONE', *, *, #567, .F. ) ;
#2091 = SHAPE_DEFINITION_REPRESENTATION ( #271, #2118 ) ;
#2092 = VERTEX_POINT ( 'NONE', #1698 ) ;
#2093 = LINE ( 'NONE', #549, #240 ) ;
#2094 = EDGE_CURVE ( 'NONE', #522, #463, #437, .T. ) ;
#2095 = FACE_OUTER_BOUND ( 'NONE', #1058, .T. ) ;
#2096 = CLOSED_SHELL ( 'NONE', ( #1870, #142, #1666, #1165, #552, #785, #1758, #810, #1572, #1640, #872, #119, #1310, #955, #1409, #1839, #1274, #1537, #1900, #963, #798, #841, #109, #2097, #1337, #1182, #1704, #1522, #278, #26, #1458, #2171 ) ) ;
#2097 = ADVANCED_FACE ( 'NONE', ( #716 ), #1802, .T. ) ;
#2098 = DIRECTION ( 'NONE',  ( 9.654149949482787349E-17, 1.000000000000000000, -0.000000000000000000 ) ) ;
#2099 = ORIENTED_EDGE ( 'NONE', *, *, #1336, .T. ) ;
#2100 = ORIENTED_EDGE ( 'NONE', *, *, #664, .T. ) ;
#2101 = DIRECTION ( 'NONE',  ( -1.000000000000000000, -7.395570986446985676E-32, 2.465190328815661892E-32 ) ) ;
#2102 = VERTEX_POINT ( 'NONE', #1815 ) ;
#2103 = DIRECTION ( 'NONE',  ( -1.000000000000000000, 0.000000000000000000, 0.000000000000000000 ) ) ;
#2104 = DIRECTION ( 'NONE',  ( 0.000000000000000000, 0.000000000000000000, -1.000000000000000000 ) ) ;
#2105 = VECTOR ( 'NONE', #751, 1000.000000000000000 ) ;
#2106 = DIRECTION ( 'NONE',  ( -0.000000000000000000, -1.000000000000000000, -0.000000000000000000 ) ) ;
#2107 = ADVANCED_FACE ( 'NONE', ( #1490 ), #542, .T. ) ;
#2108 = AXIS2_PLACEMENT_3D ( 'NONE', #1720, #1414, #220 ) ;
#2109 = AXIS2_PLACEMENT_3D ( 'NONE', #940, #928, #1612 ) ;
#2110 = CARTESIAN_POINT ( 'NONE',  ( 1.040834085586084257E-14, 4.336808689942017736E-16, 32.00000000000000711 ) ) ;
#2111 = ORIENTED_EDGE ( 'NONE', *, *, #1036, .F. ) ;
#2112 = ORIENTED_EDGE ( 'NONE', *, *, #613, .T. ) ;
#2113 = PRODUCT_CONTEXT ( 'NONE', #1450, 'mechanical' ) ;
#2114 = ORIENTED_EDGE ( 'NONE', *, *, #1100, .F. ) ;
#2115 = CARTESIAN_POINT ( 'NONE',  ( 0.000000000000000000, 13.00000000000000000, 0.000000000000000000 ) ) ;
#2116 = ORIENTED_EDGE ( 'NONE', *, *, #446, .F. ) ;
#2117 = DIRECTION ( 'NONE',  ( -9.654149949482787349E-17, -1.000000000000000000, 0.000000000000000000 ) ) ;
#2118 = SHAPE_REPRESENTATION ( 'Solar Panel', ( #1407 ), #1557 ) ;
#2119 = DIRECTION ( 'NONE',  ( -0.000000000000000000, -1.000000000000000000, -0.000000000000000000 ) ) ;
#2120 = DIRECTION ( 'NONE',  ( 1.000000000000000000, -1.204089948046584186E-16, 0.000000000000000000 ) ) ;
#2121 = CIRCLE ( 'NONE', #2042, 0.9933652782897484101 ) ;
#2122 = PLANE ( 'NONE',  #704 ) ;
#2123 = PRODUCT ( 'Dish P1', 'Dish P1', '', ( #717 ) ) ;
#2124 = ORIENTED_EDGE ( 'NONE', *, *, #378, .T. ) ;
#2125 =( GEOMETRIC_REPRESENTATION_CONTEXT ( 3 ) GLOBAL_UNCERTAINTY_ASSIGNED_CONTEXT ( ( #1820 ) ) GLOBAL_UNIT_ASSIGNED_CONTEXT ( ( #1489, #1629, #98 ) ) REPRESENTATION_CONTEXT ( 'NONE', 'WORKASPACE' ) );
#2126 = ORIENTED_EDGE ( 'NONE', *, *, #715, .F. ) ;
#2127 = APPLICATION_PROTOCOL_DEFINITION ( 'draft international standard', 'automotive_design', 1998, #1781 ) ;
#2128 = ORIENTED_EDGE ( 'NONE', *, *, #2141, .T. ) ;
#2129 = DIRECTION ( 'NONE',  ( -1.000000000000000000, 0.000000000000000000, 0.000000000000000000 ) ) ;
#2130 = EDGE_LOOP ( 'NONE', ( #1713, #1497, #1194, #123 ) ) ;
#2131 = DIRECTION ( 'NONE',  ( -1.000000000000000000, 0.000000000000000000, 0.000000000000000000 ) ) ;
#2132 = CARTESIAN_POINT ( 'NONE',  ( 0.000000000000000000, 80.00000000000000000, -29.99999999999999645 ) ) ;
#2133 = CARTESIAN_POINT ( 'NONE',  ( 12.42640687119284593, 0.000000000000000000, -29.99999999999999645 ) ) ;
#2134 = CARTESIAN_POINT ( 'NONE',  ( 0.000000000000000000, 0.000000000000000000, 0.000000000000000000 ) ) ;
#2135 = ORIENTED_EDGE ( 'NONE', *, *, #1060, .T. ) ;
#2136 = APPLICATION_CONTEXT ( 'automotive_design' ) ;
#2137 = EDGE_CURVE ( 'NONE', #1199, #47, #1294, .T. ) ;
#2138 = ORIENTED_EDGE ( 'NONE', *, *, #613, .F. ) ;
#2139 = ORIENTED_EDGE ( 'NONE', *, *, #304, .T. ) ;
#2140 = CARTESIAN_POINT ( 'NONE',  ( -18.00000000000000711, 10.00000000000000000, -5.000000000000003553 ) ) ;
#2141 = EDGE_CURVE ( 'NONE', #1192, #1446, #628, .T. ) ;
#2142 = CIRCLE ( 'NONE', #129, 3.749999999999998224 ) ;
#2143 =( NAMED_UNIT ( * ) SI_UNIT ( $, .STERADIAN. ) SOLID_ANGLE_UNIT ( ) );
#2144 = PRODUCT_DEFINITION_SHAPE ( 'NONE', 'NONE',  #2221 ) ;
#2145 = DIRECTION ( 'NONE',  ( 9.654149949482787349E-17, 1.000000000000000000, 0.000000000000000000 ) ) ;
#2146 = DIRECTION ( 'NONE',  ( 2.602085213965210642E-16, 0.000000000000000000, 1.000000000000000000 ) ) ;
#2147 = CARTESIAN_POINT ( 'NONE',  ( 0.000000000000000000, 100.0000000000000000, 0.000000000000000000 ) ) ;
#2148 = VECTOR ( 'NONE', #1053, 1000.000000000000114 ) ;
#2149 = FACE_OUTER_BOUND ( 'NONE', #1091, .T. ) ;
#2150 = VECTOR ( 'NONE', #1844, 1000.000000000000000 ) ;
#2151 = PRESENTATION_LAYER_ASSIGNMENT (  '', '', ( #1963 ) ) ;
#2152 = ORIENTED_EDGE ( 'NONE', *, *, #1813, .T. ) ;
#2153 = DIRECTION ( 'NONE',  ( -0.8333301183313625016, 0.000000000000000000, 0.5527756451598038190 ) ) ;
#2154 = DIRECTION ( 'NONE',  ( 0.000000000000000000, -0.000000000000000000, 1.000000000000000000 ) ) ;
#2155 = CARTESIAN_POINT ( 'NONE',  ( -5.458002562049691249E-16, 0.000000000000000000, -5.000000000000000000 ) ) ;
#2156 = SURFACE_STYLE_USAGE ( .BOTH. , #1266 ) ;
#2157 = CARTESIAN_POINT ( 'NONE',  ( -4.999999999999989342, 0.000000000000000000, 30.00000000000000711 ) ) ;
#2158 = EDGE_CURVE ( 'NONE', #1317, #238, #206, .T. ) ;
#2159 = FACE_OUTER_BOUND ( 'NONE', #511, .T. ) ;
#2160 = LINE ( 'NONE', #1484, #1568 ) ;
#2161 = VECTOR ( 'NONE', #927, 1000.000000000000000 ) ;
#2162 = PRODUCT_DEFINITION_SHAPE ( 'NONE', 'NONE',  #2216 ) ;
#2163 = ORIENTED_EDGE ( 'NONE', *, *, #929, .T. ) ;
#2164 = CARTESIAN_POINT ( 'NONE',  ( 6.254710617342683496E-15, 68.00000000000000000, 5.100000000000003197 ) ) ;
#2165 = AXIS2_PLACEMENT_3D ( 'NONE', #1587, #2117, #77 ) ;
#2166 = DIRECTION ( 'NONE',  ( -0.000000000000000000, 1.000000000000000000, 0.000000000000000000 ) ) ;
#2167 = VECTOR ( 'NONE', #427, 1000.000000000000000 ) ;
#2168 = EDGE_CURVE ( 'NONE', #2078, #179, #138, .T. ) ;
#2169 = LINE ( 'NONE', #1492, #1078 ) ;
#2170 = CARTESIAN_POINT ( 'NONE',  ( -12.42640687119286547, 80.00000000000000000, -29.99999999999999289 ) ) ;
#2171 = ADVANCED_FACE ( 'NONE', ( #1979 ), #457, .F. ) ;
#2172 = ORIENTED_EDGE ( 'NONE', *, *, #541, .F. ) ;
#2173 = ORIENTED_EDGE ( 'NONE', *, *, #306, .T. ) ;
#2174 = CONTEXT_DEPENDENT_SHAPE_REPRESENTATION ( #652, #432 ) ;
#2175 = DIRECTION ( 'NONE',  ( 0.000000000000000000, 0.000000000000000000, -1.000000000000000000 ) ) ;
#2176 = DIRECTION ( 'NONE',  ( -0.8320502943378433880, -0.000000000000000000, 0.5547001962252295915 ) ) ;
#2177 = DIRECTION ( 'NONE',  ( 1.781968836849767451E-16, 0.000000000000000000, 1.000000000000000000 ) ) ;
#2178 = CARTESIAN_POINT ( 'NONE',  ( -30.00000000000000711, 41.09999999999998721, 12.42640687119286014 ) ) ;
#2179 = CIRCLE ( 'NONE', #27, 50.00000000000000000 ) ;
#2180 = DIRECTION ( 'NONE',  ( 0.000000000000000000, 0.000000000000000000, 1.000000000000000000 ) ) ;
#2181 = FACE_OUTER_BOUND ( 'NONE', #380, .T. ) ;
#2182 = CIRCLE ( 'NONE', #1633, 3.749999999999998224 ) ;
#2183 = EDGE_LOOP ( 'NONE', ( #2063, #534, #2138, #799 ) ) ;
#2184 = AXIS2_PLACEMENT_3D ( 'NONE', #1699, #163, #844 ) ;
#2185 = ORIENTED_EDGE ( 'NONE', *, *, #1653, .F. ) ;
#2186 = EDGE_LOOP ( 'NONE', ( #169, #1554, #2053, #2069, #1260 ) ) ;
#2187 = EDGE_CURVE ( 'NONE', #1268, #248, #978, .T. ) ;
#2188 = CARTESIAN_POINT ( 'NONE',  ( 9.564119927985241858E-15, 60.00000000000000000, 32.00000000000000711 ) ) ;
#2189 = CARTESIAN_POINT ( 'NONE',  ( 0.000000000000000000, 0.000000000000000000, 0.000000000000000000 ) ) ;
#2190 = CARTESIAN_POINT ( 'NONE',  ( 130.0000000000000000, 2.000000000000000000, 24.99999999999992539 ) ) ;
#2191 = CARTESIAN_POINT ( 'NONE',  ( -24.90000000000000568, 0.000000000000000000, -17.52640687119284735 ) ) ;
#2192 = DIRECTION ( 'NONE',  ( 0.000000000000000000, 0.000000000000000000, 1.000000000000000000 ) ) ;
#2193 = VERTEX_POINT ( 'NONE', #2155 ) ;
#2194 = EDGE_LOOP ( 'NONE', ( #64, #993, #144, #2135 ) ) ;
#2195 = FACE_BOUND ( 'NONE', #1593, .T. ) ;
#2196 = CARTESIAN_POINT ( 'NONE',  ( 0.000000000000000000, 49.74937185533099893, 0.000000000000000000 ) ) ;
#2197 = EDGE_CURVE ( 'NONE', #1692, #423, #2089, .T. ) ;
#2198 = VECTOR ( 'NONE', #43, 1000.000000000000000 ) ;
#2199 = CARTESIAN_POINT ( 'NONE',  ( 5.000000000000000000, 100.0000000000000000, -5.000000000000000000 ) ) ;
#2200 = DIRECTION ( 'NONE',  ( 0.000000000000000000, -1.000000000000000000, 0.000000000000000000 ) ) ;
#2201 = PLANE ( 'NONE',  #2028 ) ;
#2202 = ORIENTED_EDGE ( 'NONE', *, *, #1901, .F. ) ;
#2203 =( BOUNDED_CURVE ( )  B_SPLINE_CURVE ( 3, ( #658, #693, #1705, #2065 ),
 .UNSPECIFIED., .F., .T. ) 
 B_SPLINE_CURVE_WITH_KNOTS ( ( 4, 4 ),
 ( 3.141592653589793116, 4.712388980384689674 ),
 .UNSPECIFIED. ) 
 CURVE ( )  GEOMETRIC_REPRESENTATION_ITEM ( )  RATIONAL_B_SPLINE_CURVE ( ( 1.000000000000000000, 0.8047378541243649375, 0.8047378541243649375, 1.000000000000000000 ) ) 
 REPRESENTATION_ITEM ( '' )  );
#2204 = EDGE_LOOP ( 'NONE', ( #960, #1022, #740, #1082 ) ) ;
#2205 = FACE_OUTER_BOUND ( 'NONE', #2183, .T. ) ;
#2206 = ADVANCED_FACE ( 'NONE', ( #1303 ), #794, .F. ) ;
#2207 = CARTESIAN_POINT ( 'NONE',  ( 5.000000000000000000, 2.000000000000000000, -3.333333333333323711 ) ) ;
#2208 = CARTESIAN_POINT ( 'NONE',  ( -4.999999999999989342, 0.000000000000000000, 32.00000000000000711 ) ) ;
#2209 = ADVANCED_FACE ( 'NONE', ( #127 ), #805, .T. ) ;
#2210 = PLANE ( 'NONE',  #1180 ) ;
#2211 = LINE ( 'NONE', #317, #33 ) ;
#2212 = DIRECTION ( 'NONE',  ( 9.654149949482787349E-17, 1.000000000000000000, -0.000000000000000000 ) ) ;
#2213 = DIRECTION ( 'NONE',  ( 0.000000000000000000, 3.469446951953613203E-16, -1.000000000000000000 ) ) ;
#2214 = CARTESIAN_POINT ( 'NONE',  ( 30.00000000000000000, 2.000000000000000000, 24.99999999999998934 ) ) ;
#2215 = NEXT_ASSEMBLY_USAGE_OCCURRENCE ( 'NAUO1', ' ', ' ', #1678, #867, $ ) ;
#2216 = NEXT_ASSEMBLY_USAGE_OCCURRENCE ( 'NAUO2', ' ', ' ', #1678, #1210, $ ) ;
#2217 = NEXT_ASSEMBLY_USAGE_OCCURRENCE ( 'NAUO3', ' ', ' ', #1678, #1210, $ ) ;
#2218 = NEXT_ASSEMBLY_USAGE_OCCURRENCE ( 'NAUO4', ' ', ' ', #1678, #867, $ ) ;
#2219 = NEXT_ASSEMBLY_USAGE_OCCURRENCE ( 'NAUO5', ' ', ' ', #1678, #184, $ ) ;
#2220 = NEXT_ASSEMBLY_USAGE_OCCURRENCE ( 'NAUO6', ' ', ' ', #1678, #979, $ ) ;
#2221 = NEXT_ASSEMBLY_USAGE_OCCURRENCE ( 'NAUO7', ' ', ' ', #1678, #1517, $ ) ;
ENDSEC;
END-ISO-10303-21;
